id,name
1,Applied Physics Letters
2,Journal of Applied Physics
3,Journal of Mathematical Physics
4,The Journal of Chemical Physics
5,Physics of Fluids
6,Biomicrofluidics
7,Chaos: An Interdisciplinary Journal of Nonlinear Science
8,Physics of Plasmas
9,World Conference on Explainable Artificial Intelligence
10,Conference on Automation
11,Conference on Information and Communication Technologies of Ecuador
12,Review of Scientific Instruments
13,"International Conference on Modelling, Computation and Optimization in Information Systems and Management Sciences"
14,"International Conference on Resilience, Earthquake Engineering and Structural Health Monitoring"
15,International Work-Conference on Bioinformatics and Biomedical Engineering
16,International Conference on Hybrid Artificial Intelligence Systems
17,International Conference on AI and Multimodal Services
18,International Conference on Enterprise Information Systems
19,International Conference on Digital Economy
20,International Conference on Smart Business Technologies
21,International Conference on Conceptual Modeling
22,International Conference on Software Engineering and Data Engineering
23,Mexican International Conference on Artificial Intelligence
24,International TRIZ and Artificial Intelligence Conference
25,Building Digital Twin International Congress
26,Climbing and Walking Robots Conference
27,International Conference on Moisture in Buildings
28,International Conference in Information Technology and Education
29,International Workshop on Annotation of Real-World Data for Artificial Intelligence Systems
30,Analytics Global Conference
31,"International Conference on Network Games, Artificial Intelligence, Control and Optimization"
32,International Conference on Computational Collective Intelligence
33,Brazilian Congress on Bioinformatics
34,International Semantic Web Conference
35,International Conference on Discrete Geometry and Mathematical Morphology
36,International Summit on the Global Internet of Things and Edge Computing
37,"International Conference on Intelligent Systems, Blockchain, and Communication Technologies"
38,International Workshop on Computer Algebra in Scientific Computing
39,International Information Security Conference
40,International Symposium on Intelligent Computing and Networking
41,APL Materials
42,"International Conference on Problems of Logistics, Management and Operation in the East-West Transport Corridor"
43,AIP Advances
44,International Congress of Telematics and Computing
45,Applied Physics Reviews
46,European Lean Educator Conference
47,APL Photonics
48,The International Conference on Recent Trends in Communication & Intelligent Systems
49,Asian Mining Congress
50,"International Conference on P2P, Parallel, Grid, Cloud and Internet Computing"
51,"International Conference on Broadband and Wireless Computing, Communication and Applications"
52,International Conference on Software Engineering and Formal Methods
53,IFIP International Conference on Network and Parallel Computing
54,International Conference on Intelligent Data Engineering and Automated Learning
55,Journal of Physical and Chemical Reference Data
56,Physics of Fluids A: Fluid Dynamics
57,Physics of Fluids B: Plasma Physics
58,The Physics of Fluids
59,"International Conference on Reliability, Safety, and Security of Railway Systems"
60,International Conference on Acoustics and Vibration of Mechanical Structures
61,International Conference on Integrated Formal Methods
62,International Symposium on Multibody Systems and Mechatronics
63,International Conference on Artificial Intelligence over Infrared Images for Medical Applications
64,Interdisciplinary Science and Research Conference on Digital Humanism
65,"International Symposium on Stabilizing, Safety, and Security of Distributed Systems"
66,International Conference on Product-Focused Software Process Improvement
67,Physics Today
68,Environment and Planning A: Economy and Space
69,""
70,Environment and Planning B: Planning and Design
71,International ATZ Conference on Vehicle Acoustics
72,Environment and Planning C: Government and Policy
73,Environment and Planning D: Society and Space
74,Working conference on Artificial Intelligence Development for a Resilient and Sustainable Tomorrow
75,Workshop des Arbeitskreises „Umweltinformationssysteme“
76,International ATZ Conference
77,Internationaler Motorenkongress
78, International Stuttgart Symposium
79,i-Perception
80,Perception
81,International Commercial Vehicle Technology Symposium
82,Circularity Days Future Automotive Production Conference FAPC & Werkstoffsymposium
83,Australian Journal of Agricultural Research
84,Australian Health Review
85,GQW Tagung
86,Publications of the Astronomical Society of Australia
87,Australian Journal of Biological Sciences
88,Australian Journal of Botany
89,Australian Journal of Chemistry
90,International Stuttgart Symposium
91,Crop &amp; Pasture Science
92,Australian Journal of Experimental Agriculture
93,International MTZ Conference on Heavy-Duty Engines
94,Australian Journal of Experimental Agriculture and Animal Husbandry
95,Environmental Chemistry
96,Functional Plant Biology
97,The Journal of Primary Health Care
98,Marine and Freshwater Research
99,Australian Journal of Marine and Freshwater Research
100,International Munich Chassis Symposium
101,Pacific Conservation Biology
102,Australian Journal of Physics
103,Australian Journal of Plant Physiology
104,"Reproduction, Fertility and Development"
105,Australian Journal of Soil Research
106,International Journal of Wildland Fire
107,Wildlife Research
108,Proceedings of the National Academy of Sciences
109,TRIZ-Anwendertag Workshop Deutschland
110,Jahreskolloquium zur Bildverarbeitung in der Automation
111,Joint European Conference on Machine Learning and Knowledge Discovery in Databases
112,Central European Functional Programming School
113,The International Conference on Strategic Innovative Marketing and Tourism
114,NATO International Conference
115,International Scientific Conference Management and Engineering
116,NATO Advanced Research Workshop
117,International Conference on Medical Imaging and Computer-Aided Diagnosis
118,International Conference on Aerospace System Science and Engineering
119,International Conference on Rehabilitation and Maintenance in Civil Engineering
120,International Conference on Mechanical Engineering Research
121,International Conference on Mechatronics and Control Engineering
122,"International Conference on Data Management, Analytics & Innovation"
123,Asia-Pacific International Symposium on Aerospace Technology
124,International Conference on Decision Science & Management
125,International conference on Smart Technologies and Systems for Internet of Things
126,National Conference on Multidisciplinary Analysis and Optimization
127," International Conference on Green Building, Civil Engineering and Smart City"
128,Conference on Smart Learning Ecosystems and Regional Development
129,International Conference on Green Intelligent Transportation System and Safety
130,"International Conference on Robotic Welding, Intelligence and Automation"
131,International Conference on Electronic Engineering and Renewable Energy Systems
132,Conference on Fluid Mechanics and Fluid Power
133,"International Conference on Guidance, Navigation and Control"
134,International Conference on Manufacturing Engineering and Processes
135,International MultiConference of Engineers and Computer Scientists
136,International Journal of Cognitive Computing in Engineering
137,Environmental Pollution and Management
138,Aquaculture
139,Journal of Materials Science and Technology
140,Journal of Future Foods
141,Thinking Skills and Creativity
142,Technology in Society
143,Data and Information Management
144,International Journal of Educational Research Open
145,Nonlinear Analysis Real World Applications
146,Journal of Bodywork and Movement Therapies
147,Journal of Accounting Education
148,Synthetic and Systems Biotechnology
149,Journal of Computational and Applied Mathematics
150,Journal of Statistical Planning and Inference
151,Journal of Symbolic Computation
152,IAG International Symposium on Reference Frames for Applications in Geosciences
153,Computational Geometry Theory and Applications
154,International Union of Geodesy and Geophysics General Assembly
155,Applied Catalysis B Environmental
156,Global Transitions
157,Food Control
158,Science of Computer Programming
159,Pattern Recognition
160,Tourism Management
161,Robotics and Computer Integrated Manufacturing
162,Information Systems
163,Displays
164,International Conference on Research in Computational Molecular Biology
165,Signal Processing
166,Applied Mathematics and Computation
167,Travel Behaviour and Society
168,Electric Power Systems Research
169,Rock Mechanics Bulletin
170,Journal of Mathematical Analysis and Applications
171,Early Childhood Research Quarterly
172,Applied Ergonomics
173,International Conference on Interoperability for Enterprise Systems and Applications
174,Journal of Combinatorial Theory Series A
175,Journal of the European Ceramic Society
176,Journal of Number Theory
177,Environmental Impact Assessment Review
178,Parasitology International
179,International Conference on Computational & Experimental Engineering and Sciences 
180,Brazilian Technology Symposium
181,Archives of Medical Research
182,International Conference on Advances in Structural Mechanics and Applications
183,European Workshop on Structural Health Monitoring
184,Biomaterials
185,International Conference on Business and Technology
186,AISEM Annual Conference on Sensors and Microsystems
187,Global Joint Conference on Industrial Engineering and Its Application Areas
188,Conference of the International Federation of Classification Societies
189,The International Conference on Artificial Intelligence and Applied Mathematics in Engineering
190,"International Symposium on Automation, Mechanical and Design Engineering"
191,Spectrochimica Acta Part A Molecular and Biomolecular Spectroscopy
192,Biomedical Signal Processing and Control
193,MHI Colloquium
194,Information Processing and Management
195,Expert Systems with Applications
196,Journal of Computer and System Sciences
197,Scripta Materialia
198,Nuclear Instruments and Methods in Physics Research Section A Accelerators Spectrometers Detectors and Associated Equipment
199,Mathematics and Computers in Simulation
200,"International School on Neural Networks, Initiated by IIASS and EMFCSC"
201,Future Generation Computer Systems
202,Information Fusion
203,Journal of Food Engineering
204,International Conference of Technological Research
205,International Conference on Computer and Information Science 
206,Discrete Mathematics
207,Neural Networks
208,International Conference on Pattern Recognition and Machine Intelligence
209,Artificial Intelligence in Agriculture
210,Journal of Algebra
211,International Conference on Information Systems and Management Science
212,International Conference Design and Modeling of Mechanical Systems
213,"International Conference on Disruptive Technologies, Tech Ethics and Artificial Intelligence"
214,Cities
215,International Conference on Machine Learning and Big Data Analytics
216,Journal of Air Transport Management
217,International Journal of Management Education
218,Journal of Quantitative Spectroscopy and Radiative Transfer
219,Food Hydrocolloids
220,"International Conference on Networking, Intelligent Systems and Security"
221,Applied Mathematical Modelling
222,Vehicle and Automotive Engineering
223,Human Resource Management Review
224,Computer Standards and Interfaces
225,Renewable Energy Focus
226,International Conference on Strain-Hardening Cement-Based Composites
227,Cognition
228,International Journal of Fatigue
229,"International Joint Conference on Mechanics, Design Engineering & Advanced Manufacturing"
230,International Orthodontics
231,"The International Conference on Deep Learning, Big Data and Blockchain"
232,North American Fuzzy Information Processing Society Annual Conference
233,Information Sciences
234,Proceedings of SAI Intelligent Systems Conference
235,International Conference on Diagnostics of Processes and Systems
236,XVIII International Conference on Data Science and Intelligent Analysis of Information
237,International Scientific Conference “Intellectual Systems of Decision Making and Problem of Computational Intelligence” 
238,International Conference on System-Integrated Intelligence
239,International Scientific and Technical Conference -  Modern Challenges in Telecommunications
240,International Conference on Computers Communications and Control
241,International Conference on Information Systems and Intelligent Applications
242,International Conference on Practical Applications of Computational Biology & Bioinformatics
243,International Conference on Remote Engineering and Virtual Instrumentation
244,Society for Experimental Mechanics Annual Conference and Exposition
245,International Conference on Big Data Engineering and Technology
246,Joint Conference on Knowledge-Based Software Engineering
247,Novel & Intelligent Digital Systems Conferences 
248,International Conference on Flexible Automation and Intelligent Manufacturing
249,International Symposium on Innovative and Interdisciplinary Applications of Advanced Technologies
250,"European, Asian, Middle Eastern, North African Conference on Management & Information Systems"
251,International Workshop on Soft Computing Models in Industrial and Environmental Applications
252,Congreso Nacional de Ingeniería Biomédica
253,Congress of the German Academic Association for Production Technology
254,Annals of Pure and Applied Logic
255,Proceedings of the Future Technologies Conference
256,European Journal of Mechanics A Solids
257,International Conference on Intelligent Cyber Physical Systems and Internet of Things 
258,Reliability Engineering and System Safety
259,International Symposium on Modelling and Implementation of Complex Systems
260,Stochastic Transport in Upper Ocean Dynamics Annual Workshop
261,International Conference on Neuroinformatics
262,International Conference on Unmanned Aerial System in Geomatics
263,The International Research & Innovation Forum
264,"IEEE/ACIS International Conference on Big Data, Cloud Computing, and Data Science Engineering"
265,International Conference on Intelligent Information Technologies for Industry
266,International Conference on Green Technology and Sustainable Development
267, International Geostatistics Congress
268,International Journal of Heat and Mass Transfer
269,International Conference on Business Excellence
270,International Conference on Artificial General Intelligence
271,International Conference on Intelligent Computing & Optimization
272,Tunnelling and Underground Space Technology
273,International Conference on Machine Learning for Cyber Security
274,Journal of the Taiwan Institute of Chemical Engineers
275,International Conference on Smart Technologies in Urban Engineering
276,Structural Safety
277,International Conference on Trends on Construction in the Post-Digital Era
278,International Conference in Methodologies and intelligent Systems for Techhnology Enhanced Learning
279,International Conference on Software Process Improvement
280,International Conference on Design and Digital Communication
281,International Conference on Emerging Technologies and Intelligent Systems
282,Multimodal Transportation
283,Ultrasonics
284,International Conference on Advanced Intelligent Systems and Informatics
285,Journal of Safety Science and Resilience
286,European Journal of Operational Research
287,IAPR Workshop on Artificial Neural Networks in Pattern Recognition
288,"The International Conference on Natural Computation, Fuzzy Systems and Knowledge Discovery"
289,International Symposium on Distributed Computing and Artificial Intelligence
290,International Conference Cyber-Physical Systems and Control
291,Iberian Robotics conference
292,Computers in Human Behavior
293,"International Conference on Cybersecurity, Cybercrimes, and Smart Emerging Technologies"
294,NDT and E International
295,International Conference on Complex Networks and Their Applications
296,International Conference on Principles and Practice of Multi-Agent Systems
297,International Conference on Artificial Intelligence in Renewable Energetic Systems
298,International Congress on Blockchain and Applications
299,International Conference on Ubiquitous Computing and Ambient Intelligence
300,"International Scientific Conference on Agricultural Machinery Industry “Interagromash""”"
301,Proceedings of the Computational Methods in Systems and Software
302,Computers and Education
303,The Learning Ideas Conference
304,International Conference on Model and Data Engineering
305,International Conference on Extreme Learning Machine
306,RILEM Annual Week 
307,"International Conference on Cyber Security, Privacy and Networking"
308,International Conference on Computer Vision and Graphics
309,Workshop on Recommender Systems in Fashion and Retail
310,International Conference on Engineering Research and Applications
311,International Conference on Intelligent Autonomous Systems
312,International Russian Automation Conference
313,International Symposium on Ambient Intelligence
314,International Conference Interdisciplinarity in Engineering
315,Construction Industry Development Board Postgraduate Research Conference
316,TMS Annual Meeting & Exhibition
317,International Conference on Algorithms and Architectures for Parallel Processing
318,EAI International Conference on Management of Manufacturing Systems
319,International Conference Artificial Intelligence in Engineering and Science
320,Workshop on Clinical Image-Based Procedures
321,International Conference on Artificial Intelligence and Soft Computing
322,Progress in Materials Science
323,Technovation
324,International Conference on Internet of Things
325,International Conference on Recent Trends in Image Processing and Pattern Recognition
326,International Workshop on Combinatorial Image Analysis
327,International Conference on Integrated Design and Production
328,International Workshop Soft Computing Applications
329,Conference on Sustainable Urban Mobility
330,"International Conference on High-Performance Computing Systems and Technologies in Scientific Research, Automation of Control and Production"
331,International Conference on Computational Linguistics and Intelligent Text Processing
332,"EAI International Conference, BigIoT-EDU"
333,International Workshop on Service Orientation in Holonic and Multi-Agent Manufacturing
334,Balkan Conference on Operational Research
335,ECCAI Advanced Course on Artificial Intelligence
336,International Workshop on Advanced Analytics and Learning on Temporal Data
337,International Scientific Conference Digital Technologies in Logistics and Infrastructure
338,"International Conference of Artificial Intelligence, Medical Engineering, Education"
339,"The International Symposium on Computer Science, Digital Economy and Intelligent Systems"
340,Academy of Marketing Science Annual Conference
341,International Conference on Distributed Computing and Intelligent Technology
342,International Conference on Operations Research
343," IEEE lnternational Conference on Advanced Trends in Radioelectronics, Telecommunications and Computer Engineering"
344,International Conference on Applied Technologies
345,MICCAI Workshop on Medical Applications with Disentanglements
346,European Conference on Computer Vision
347,International Law and Economics Conference
348,International Conference on Advanced Communication and Intelligent Systems
349,International Workshop on Digital Watermarking
350,Asia-Pacific Web (APWeb) and Web-Age Information Management (WAIM) Joint International Conference on Web and Big Data
351,IFIP International Conference on Product Lifecycle Management
352,"International Conference on Computers, Management & Mathematical Sciences"
353,International Conference on Internet of Everything
354,Applied Mathematics Letters
355,International Conference on Theory and Applications of Fuzzy Systems and Soft Computing
356,Pan-African Artificial Intelligence and Smart Systems Conference
357,International Conference on Computing and Information Technology
358,International Conference on Web Engineering
359,Postharvest Biology and Technology
360,International Conference on Business Process Management
361,European Symposium on Research in Computer Security
362,Journal of Mathematical Behavior
363,"International Joint Conference on Computer Vision, Imaging and Computer Graphics"
364,International Conference on Security and Privacy in Communication Systems
365,International Workshop on Chatbot Research and Design
366,"International Conference on Machine Learning, Optimization, and Data Science"
367, IFToMM International Symposium on Science of Mechanisms and Machines (SYROM)
368,International Conference on Information Security Applications
369,International Symposium on the Ediucation in Mechanism and Machine Science
370,International Conference on Applied Intelligence and Informatics
371, International Conference on Image and Vision Computing New Zealand
372,EURECA-PRO Conference on Responsible Consumption and Production
373,International Conference TRANSBALTICA: Transportation Science and Technology
374,The International Conference on Advances in Emerging Trends and Technologies
375,Annual Meeting of the Italian Electronics Society
376,Journal of Stomatology Oral and Maxillofacial Surgery
377,"International Conference on Green, Pervasive, and Cloud Computing"
378,International Conference on Interactive Collaborative Learning 
379,International conference on the Efficiency and Performance Engineering Network
380,The International Conference on Artificial Intelligence and Smart  Environment
381,Asian Conference on Computer Vision
382,International Conference on Computational Data and Social Networks
383,Diabetic Foot Ulcers Grand Challenge
384,International Conference on Advanced Intelligent Systems for Sustainable Development
385,Pacific-Rim Symposium on Image and Video Technology
386,Infectious Disease Modelling
387,Irish Conference on Artificial Intelligence and Cognitive Science
388,Radiation Physics and Chemistry
389,International Embedded Systems Symposium
390,Chemical Physics
391,Metaheuristics International Conference
392,International Conference on Service-Oriented Computing
393,The Proceedings of the International Conference on Smart City Applications
394,Journal of Photochemistry and Photobiology A Chemistry
395,"International Conference on Enterprise Design, Operations, and Computing"
396,International Conference on Robot Intelligence Technology and Applications
397,International Conference on Modelling and Development of Intelligent Systems
398,International Wireless Internet Conference
399,International Conference on Multimedia Modeling
400,"International Conference on Computing, Intelligence and Data Analytics"
401,International Conference of the Italian Association for Artificial Intelligence
402,International Conference on Intelligent Human Computer Interaction
403,Journal of Innovation and Knowledge
404,International Conference on Evolutionary Multi-Criterion Optimization
405,International Conference on Hybrid Intelligent Systems
406,3D Head and Neck Tumor Segmentation in PET/CT Challenge
407,International Conference on Intelligent Systems Design and Applications
408,International Symposium on Formal Methods
409,International Conference on Innovations in Bio-Inspired Computing and Applications
410,Journal of Approximation Theory
411,International Conference on Soft Computing and Pattern Recognition
412,International Workshop on Machine Learning and Data Mining for Sports Analytics
413,European Journal of Mechanics B Fluids
414,International Conference on Soft Computing and its Engineering Applications
415,Fuel
416,International Conference on Deep Sciences for Computing and Communications
417,The International Conference on Artificial Intelligence and Computer Vision
418,International Conference on Process Mining
419,The International Conference on Industrial Engineering and Industrial Management
420,Stuttgart Conference on Automotive Production 
421,Fluid Phase Equilibria
422,International Conference on Information
423,Future of Information and Communication Conference
424,International Perm Forum Science and Global Challenges of the 21st Century
425,Solar Energy Materials and Solar Cells
426,International Conference on Artificial Intelligence Science and Applications
427,International Conference on Smart Computing and Communication 
428,International Conference on Advanced Network Technologies and Intelligent Computing
429,European Conference on Information Retrieval
430,Journal of Destination Marketing and Management
431,Asia Pacific Management Review
432,International Workshop on Complex Networks
433,National Congress of Commodity Science
434,Soil and Tillage Research
435,International Conference on Big Data Innovation for Sustainable Cognitive Computing   
436, International Conference on Information Technology-New Generations
437,International Conference on Big Data Analytics
438,International Conference On Big Data and Internet of Things
439,International Conference on Robots for Space Applications in Orbital Stations
440,Dyes and Pigments
441,International Conference on Advanced Information Networking and Applications
442,Ibero-American Congress of Smart Cities
443,Computer Speech and Language
444,Robot World Cup
445,International Development Informatics Association Conference
446,International Conference on Artificial Intelligence: Theories and Applications
447,EAI International Conference on IoT Technologies for HealthCare
448,International Workshop on Active Inference
449,International Conference on Advances of Science and Technology
450,International Conference on Advanced Hybrid Information Processing
451,International Journal of Thermal Sciences
452,International Conference on Nature of Computation and Communication
453,International Conference on Smart Objects and Technologies for Social Good
454,Global Conference on Sustainable Manufacturing
455,Translational Research in Anatomy
456,International Conference on Applications and Techniques in Cyber Intelligence
457,Food Quality and Preference
458,Workshop on Chinese Lexical Semantics
459,International Conference on Cognitive Computing and Cyber Physical Systems
460,International Conference on Edge Computing and IoT
461,"International Conference on ArtsIT, Interactivity and Game Creation"
462,International Workshop on Trustworthy Federated Learning
463,Green Chemical Engineering
464,International Conference on Educational Technology and Administration
465,Journal of Physics and Chemistry of Solids
466,Conference on Innovative Technologies in Intelligent Systems and Industrial Applications
467,Extractive Industries and Society
468,International Symposium on Intelligent and Distributed Computing
469,International Conference on Artificial Intelligence for Communications and Networks
470,JSAI International Symposium on Artificial Intelligence
471,International Conference of Machine Learning and Computer Science Applications
472,"International Conference on the Economics of Grids, Clouds, Systems, and Services"
473,Journal of Infrastructure Intelligence and Resilience
474,International Workshop on Structured Object-Oriented Formal Language and Method
475,International Workshop on Security and Trust Management
476,International Conference on Technological Imagination in the Green and Digital Transition
477,European Conference on Genetic Programming (Part of EvoStar)
478,Technology Conference on Performance Evaluation and Benchmarking
479,International Journal of Impact Engineering
480,Serbian International Conference on Applied Artificial Intelligence 
481,Computational Statistics and Data Analysis
482,IEEE Colombian Conference on Applications of Computational Intelligence
483,International Working Conference on Requirements Engineering: Foundation for Software Quality
484,Tribology International
485,International Workshop on Higher Education Learning Methodologies and Technologies Online
486,"IFToMM International Conference on Mechanisms, Transmissions and Applications"
487,Biomaterials Advances
488,International Conference on Digital Technologies and Applications
489,International Conference on Sensing Technology
490,International Conference on Parallel and Distributed Computing: Applications and Technologies
491,"International Conference on Computational Intelligence in Music, Sound, Art and Design (Part of EvoStar)"
492,Bioelectrochemistry
493,International Symposium on Intelligent Data Analysis
494,Talanta
495,International Conference on Neural Information Processing
496,International Symposium on Foundations and Practice of Security
497,International Conference on the Applications of Evolutionary Computation (Part of EvoStar)
498,International Conference on Machine Learning and Intelligent Communications
499,International Conference on Next Generation Wired/Wireless Networking
500,Conference of the Italian Society of Agricultural Engineering
501,"International Conference on Applications in Electronics Pervading Industry, Environment and Society"
502,"International Conference on Deep Learning, Artificial Intelligence and Robotics"
503,International Conference on Parallel Processing and Applied Mathematics
504,Food Microbiology
505,International Conference on Database Systems for Advanced Applications
506,International Conference on Distributed Computer and Communication Networks
507,"European, Mediterranean, and Middle Eastern Conference on Information Systems"
508,International Conference on Fundamental Approaches to Software Engineering
509,"International Conference “New Technologies, Development and Applications”"
510,The International Symposium on Bioinformatics and Biomedicine
511,International Conference on Risks and Security of Internet and Systems
512,International Conference on Intelligent Vision and Computing
513,European Conference on Parallel Processing
514,EAI International Conference on Performance Evaluation Methodologies and Tools
515,International Conference on Modelling and Simulation for Autonomous Systems
516,International Conference on Smart Grid and Internet of Things
517,Pan African Conference on Artificial Intelligence
518, International Scientific and Practical Conference on Information Technologies and Intelligent Decision Making Systems
519,International Conference on Computer Vision and Image Processing
520,Materials Science in Semiconductor Processing
521,International Conference on Blockchain Technology and Emerging Applications
522,Scandinavian Conference on Image Analysis
523,International Conference on Pervasive Knowledge and Collective Intelligence on Web and Social Media
524,International Congress on Technical Diagnostics
525,International Conference on Machine Intelligence and Smart Systems
526,Morphologie
527,International Conference on Smart Grid Inspired Future Technologies
528,International Conference on Computers in Urban Planning and Urban Management
529,World Congress of Performance Analysis of Sport & International Conference of Computer Science in Sports
530,The International Conference on Cyber Security Intelligence and Analytics
531,Challenge on Left Atrial and Scar Quantification and Segmentation
532,Materials Research Bulletin
533,"International Conference on Material, Machines and Methods for Sustainable Development"
534,Digital Marketing & eCommerce Conference
535,Integrative Medicine Research
536,International Conference on Scale Space and Variational Methods in Computer Vision
537,"Worldwide Congress on “Genetics, Geriatrics and Neurodegenerative Diseases Research"""
538,International Conference on Wireless Mobile Communication and Healthcare
539,Nonlinear Analysis Theory Methods and Applications
540,International Conference on High Performance Computing
541,Biomass and Bioenergy
542,Conference on Next Generation Arithmetic
543,"International Conference on Smart Technologies, Systems and Applications"
544,Wuhan International Conference on E-business
545,International Conference on Information Systems Development
546,International Conference on Sustainability in Software Engineering & Business Information Management
547,International Workshop IFToMM for Sustainable Development Goals
548,International Conference on Mobile Networks and Management
549,Journal of Supercritical Fluids
550,International Conference on Computing in Civil and Building Engineering
551,International Symposium of the International Federation for Structural Concrete
552,International Conference on Decision Support System Technology
553,International Conference on Robotics in Alpe-Adria Danube Region
554,International Symposium on Electric Aircraft and Autonomous Systems
555,Environmental Innovation and Societal Transitions
556,Real-Time Meeting of the Gesellschaft für Informatik
557,"International Scientific Conference “Digital Transformation on Manufacturing, Infrastructure & Service"""
558,International Colloquium on Structural Information and Communication Complexity
559,International Conference on Design Science Research in Information Systems and Technology
560,International Conference on Intelligent Tutoring Systems
561,International Conference on Spatial Data and Intelligence
562,International Conference on Research Challenges in Information Science
563,International Conference on Speech and Language Technologies for Low-resource Languages
564,International Conference on Information Technology & Systems
565,Journal of Combinatorial Theory Series B
566,"International Conference on Integration of Constraint Programming, Artificial Intelligence, and Operations Research"
567,Pacific-Asia Conference on Knowledge Discovery and Data Mining
568,Biochimica Et Biophysica Acta Molecular Basis of Disease
569,International Symposium on Algorithmic Aspects of Cloud Computing
570,European Semantic Web Conference
571,Catalysis Today
572,International Conference on Testbeds and Research Infrastructures
573,International Conference on Applied Cryptography and Network Security
574,International Conference on Modeling Decisions for Artificial Intelligence
575,IoT and Big Data Technologies for Health Care
576,Journal of Energy Chemistry
577,Applied Surface Science
578,International Conference on Advances in Computing Research
579,Mexican Conference on Pattern Recognition
580,Agriculture Ecosystems and Environment
581,Separation and Purification Technology
582,International Conference on Robotics and Networks
583,International MICCAI Brainlesion Workshop
584,Behavioural Brain Research
585,Journal of Molecular Structure
586,International Conference on Agile Software Development
587,International Ergonomics Conference
588,International Conference on Computers and Games
589,International Conference on Optimization and Learning
590,Journal of Sound and Vibration
591,Canadian Society of Civil Engineering Annual Conference
592,International Conference on Advanced Computational Applications of Geometric Algebra
593,International Conference on Knowledge Management in Organizations
594,International Conference on Information Processing in Medical Imaging
595,IFIP International Conference on Artificial Intelligence Applications and Innovations
596,Journal of Colloid and Interface Science
597,Coordination Chemistry Reviews
598,Discrete Applied Mathematics
599,Powder Technology
600,International Conference on Actual Problems of Applied Mathematics and Computer Science
601,Fuzzy Sets and Systems
602,ML4Astro International Conference
603,International Conference on Engineering Applications of Neural Networks
604,International Conference on Applied Machine Learning and Data Analytics
605,International Conference on Artificial Intelligence in Medicine
606,International Conference on Human-Computer Interaction
607,International Symposium on End User Development
608,"International Conference on Mobile Wireless Middleware, Operating Systems, and Applications"
609,International Conference on Variable Neighborhood Search
610,International Conference on Advanced Information Systems Engineering
611,International Conference on Pervasive Computing Technologies for Healthcare
612,International Symposium on Web and Wireless Geographical Information Systems
613,Materials Letters
614,International Conference on Machine Intelligence and Emerging Technologies
615,"Techno-Societal 2016, International Conference on Advanced Technologies for Societal Applications"
616,"International Symposium on Cyber Security, Cryptology, and Machine Learning"
617,International Conference on Computer Science and Health Engineering
618,International Workshop on Learning Technology for Education Challenges
619,"International Conference on Mobile and Ubiquitous Systems: Computing, Networking, and Services"
620,International Conference on Communications and Networking in China
621,International Conference on e-Infrastructure and e-Services for Developing Countries
622,International Conference on Sensor Systems and Software
623,Sensors and Actuators B Chemical
801,Medical Image Analysis
624,Conference of the European Social Simulation Association
625,International Conference on Intelligent Systems and Machine Learning
626,International Conference on Critical Information Infrastructures Security
627,Journal of Pharmaceutical and Biomedical Analysis
628,IFIP International Conference on Distributed Applications and Interoperable Systems
629,International Conference on Computer and Communication Engineering
630,International Conference on Functional Imaging and Modeling of the Heart
631,Computer Science On-line Conference
632,International Conference on Applications of Natural Language to Information Systems
633,International Conference on Coordination Languages and Models
634,International Symposium on Computer Music Multidisciplinary Research
635,International Conference on New Trends in Information and Communications Technology Applications
636,Annual International Conference on Information Management and Big Data
637,"International Scientific-Practical Conference ""Information Technology for Education, Science and Technics"""
638,Biosensors and Bioelectronics
639,Australasian Conference on Information Security and Privacy
640,"International Conference on Detection of Intrusions and Malware, and Vulnerability Assessment"
641,Physics Reports
642,Journal of Ethnopharmacology
643,International Advanced Computing Conference
644,Composites Science and Technology
645,International Conference on Blended Learning
646,"Conference on Complex, Intelligent, and Software Intensive Systems"
647,Applied Acoustics
648,Journal of Differential Equations
649,International Conference on Emerging Technologies for Developing Countries
650,International Conference on Formal Concept Analysis
651,International Conference on Computational Science
652,"Doctoral Conference on Computing, Electrical and Industrial Systems"
653,International Conference on 5G for Future Wireless Networks
654,Current Opinion in Psychology
655,Journal of Experimental Child Psychology
656,Computational Biology and Chemistry
657,International Workshop on Digital Sovereignty in Cyber Security: New Challenges in Future Vision
658,Computer Science Review
659,International Journal of Medical Informatics
660,Nano Today
661,The International Conference on Artificial Intelligence and Logistics Engineering
662,"International Conference on Computer Science, Engineering and Education Applications"
663,Evaluation and Program Planning
664,International Journal of Hospitality Management
665,International Conference on Production Research
666,International Conference on Machine Learning for Networking
667,CAD Computer Aided Design
668,European Journal of Combinatorics
669,Learning and Instruction
670,Journal of the Mechanical Behavior of Biomedical Materials
671,The International Conference of Advanced Computing and Informatics
672,Resources Conservation and Recycling
673,Acta Astronautica
674,International Conference on Artificial Intelligence in Education
675,Journal of Retailing and Consumer Services
676,Measurement Journal of the International Measurement Confederation
677,Computers and Chemical Engineering
678,Colombian Conference on Computing
679,International Conference on Multi-disciplinary Trends in Artificial Intelligence
680,Computer Methods and Programs in Biomedicine
681,Computers and Operations Research
682,World Congress of Architects
683,Micron
684,International Conference on Digital Forensics and Cyber Crime
685,International Conference on Evaluation of Novel Approaches to Software Engineering
686,Iberian Conference on Pattern Recognition and Image Analysis
687,International Journal of Information Management
688,Computers and Geosciences
689,International Conference on Swarm Intelligence
690,International Conference on Electronics and Signal Processing
691,International Conference Modern Problems in Construction: Setting Tasks and Ways to Solve Them
692,Forensic Science International Genetics
693,International Conference on Computational Science and Its Applications
694,"International Conference on Industrial, Engineering and Other Applications of Applied Intelligent Systems"
695,International Conference on Digital Transformation in Education and Artificial Intelligence Application
696,Conference on Information Technology and its Applications
697,European Conference on Software Architecture
698,Nuclear Engineering and Technology
699,Computer Methods in Applied Mechanics and Engineering
700,Comparative Biochemistry and Physiology Part C Toxicology and Pharmacology
701,International Journal of Pressure Vessels and Piping
702,International Workshop on Health Intelligence
703,Sustainable Smart Cities and Territories International Conference
704,International Scientific Conference Fundamental and Applied Scientific Research in the Development of Agriculture in the Far East
705,Journal of Memory and Language
706,International Dental Journal
707,Journal of Affective Disorders
708,Phytochemistry
709,Theoretical and Applied Fracture Mechanics
710,Immunology Letters
711,Computers and Geotechnics
712,Nonlinear Analysis Hybrid Systems
713,Finite Fields and their Applications
714,International Conference on Internet of Things as a Service
715,International Symposium on Unmanned  Systems and The Defense Industry
716,International Conference on Advances in Communication Technology and Computer Engineering
717,Information Processing Letters
718,International Conference on Computer-Aided Architectural Design Futures
719,International Conference on Software Technologies
720,International Conference on Recent Trends in Artificial Intelligence and IoT
721,International Conference on Recent Developments in Mathematics
722,Conference of the Computational Social Science Society of the Americas
723,International Conference on Practical Applications of Agents and Multi-Agent Systems
724,Machine Intelligence and Digital Interaction Conference
725,International Conference on Pattern Recognition
726,Science and Information Conference
727,International Journal of Solids and Structures
728,International Conference on Dependability and Complex Systems
729,International Conference on Networked Systems
730,International Laser Radar Conference
731,International Conference on Business Intelligence
732,International Conference on Advances in Computing and Data Sciences
733,Thin Walled Structures
734,International Symposium On Sustainable Aviation
735,International Conference on Computational Finance and Business Analytics
736,International Workshop on Advances in Civil Aviation Systems Development 
737,International Conference Engineering Innovations and Sustainable Development
738,Applied Numerical Mathematics
739,Forensic Science International
740,International Conference on AI-assisted Solutions for COVID-19 and Biomedical Applications in Smart Cities
741,International Conference on Geometric Science of Information
742,International Conference on Computational Intelligence in Data Science
743,International Journal of Approximate Reasoning
744,Polish Conference on Biocybernetics and Biomedical Engineering
745,International Conference on Robotics in Education (RiE)
746,International Symposium on Human Aspects of Information Security and Assurance
747,Annual Meeting of Operational Research Applied to Health Services
748,International Conference on Fashion communication: between tradition and future digital developments
749,Ibero-American Congress of Mechanical Engineering
750,International Conference on Tests and Proofs
751,International Joint Conference on Biomedical Engineering Systems and Technologies
752,Conference on Biomimetic and Biohybrid Systems
753,International Conference on Deep Learning Theory and Applications
754,International Conference on Experimental Vibration Analysis for Civil Engineering Structures
755,Benelux Conference on Artificial Intelligence
756,IUTAM Symposium on Optimal Guidance and Control for Autonomous Systems
757,International Conference on Structural Analysis of Historical Constructions
758,International Workshop on Trustworthy Machine Learning for Healthcare
759,Computers and Industrial Engineering
760,International Congress and Workshop on Industrial AI
761,Annual Conference of South African Institute of Computer Scientists and Information Technologists
762,International Conference on Structural Engineering and Construction Management
763,Computer Physics Communications
764,International Conference on Mobile Web and Intelligent Information Systems
765,International Conference on Intelligent and Fuzzy Systems
766,Robotics and Autonomous Systems
767,Journal of Systems and Software
768,"International Conference on Computer, Communication, and Signal Processing"
769,Chemical Engineering Science
770,International Conference on Database and Expert Systems Applications
771,International Conference on Network and System Security
772,International Conference on Big Data Analytics and Knowledge Discovery
773,International Conference on Electronic Government and the Information Systems Perspective
774,International Conference on Risk Analysis
775,European Journal of Agronomy
776,Tissue and Cell
777,Omega United Kingdom
778,International Workshop on Simulation and Statistics
779,International Conference on Innovative Technologies and Learning
780,International Conference on Case-Based Reasoning
781,International Conference on Time Series and Forecasting
782,International Conference on Subject-Oriented Business Process Management
783,"International Conference on Knowledge Science, Engineering and Management"
784,"International Conference on Science, Engineering Management and Information Technology"
785,International Conference of Remote Sensing and Space Sciences Applications
786,International Conference on Rotor Dynamics
787,"International Conference on Broadband Communications, Networks and Systems"
788,"International Conference on Text, Speech, and Dialogue"
789,International Conference on Computer Supported Education
790," International Conference on Computing Science, Communication and Security"
791,International Conference On Systems Engineering
792,International Conference on Applied CyberSecurity
793,International Conference on Reliable Systems Engineering
794,International Journal of Engineering Science
795,Journal of Invertebrate Pathology
796,International Workshop on Reproducible Research in Pattern Recognition
797,International Cross-Domain Conference for Machine Learning and Knowledge Extraction
798,International Conference on Innovations for Community Services
799,"International Workshop on Explainable, Transparent Autonomous Agents and Multi-Agent Systems"
800,International Conference on Smart Systems and Advanced Computing
802,"Conference on Cloud Computing, Big Data & Emerging Topics"
803,"International Conference on Computer Safety, Reliability, and Security"
804,International Conference on Intelligent Networking and Collaborative Systems
805,International Conference on Network-Based Information Systems
806,International Conference on Electronic Government
807,International Conference on Business Intelligence & Modelling
808,International Conference on Document Analysis and Recognition
809,International Journal of Adhesion and Adhesives
810,International Society on Oxygen Transport to Tissue
811,"International Symposium on Aviation Technology, MRO, and Operations"
812, International Conference on the Technology of Plasticity
813,International Conference on Collaboration Technologies and Social Computing
814,International Data Science Conference
815,European Congress on Biomedical and Veterinary Engineering
816,Catena
817,IFIP Conference on Human-Computer Interaction
818,International Conference on Transdisciplinary Multispectral Modeling and Cooperation for the Preservation of Cultural Heritage
819,European Conference on Software Process Improvement
820,Asian Conference on Intelligent Information and Database Systems
821,Aquaculture Reports
822,Ocean Engineering
823,International Conference on Fundamentals of Software Engineering
824,International Conference of the Cross-Language Evaluation Forum for European Languages
825,Conference on Sustainability and Cutting-Edge Business Technologies
826,Food Chemistry
827,International Conference on Soft Computing Models in Industrial and Environmental Applications
828,International TRIZ Future Conference
829,Journal of Energy Storage
830,International Conference on Advances in Energy Resources and Environment Engineering
831,German Conference on Artificial Intelligence (Künstliche Intelligenz)
832,International Conference on Artificial Evolution (Evolution Artificielle)
833,Working Conference on Virtual Enterprises
834,"International Conference on Innovative Materials, Manufacturing, and Advanced Technologies"
835,Journal of Power Sources
836,European Conference on Technology Enhanced Learning
837,International Conference on Intelligent Computer Mathematics
838,International Conference on Nanotechnologies and Biomedical Engineering
839,International Conference on Computer Information Systems and Industrial Management
840,European Conference on Advances in Databases and Information Systems
841,International Symposium on Applied Reconfigurable Computing
842,International Conference on Flexible Query Answering Systems
843,International Conference on Additive Manufacturing in Products and Applications
844,Regional Studies in Marine Science
845,International Conference on Brain Informatics
846,International Work-Conference on Artificial Neural Networks
847,International Conference on Web Information Systems and Technologies
848,Italian Concrete Conference
849,International Conference on Interactive Collaborative Robotics
850,International Conference on Business Informatics Research
851,"International Conference on Social Computing, Behavioral-Cultural Modeling and Prediction and Behavior Representation in Modeling and Simulation"
852,International Conference on Bio-inspired Information and Communication Technologies
853,"International Conference on Communication, Networks and Computing"
854,International Conference on Image Analysis and Processing
855,international conference on Mediterranean Geosciences Union
856,Neurocomputing
857,IFIP International Conference on Testing Software and Systems
858,European Conference on Multi-Agent Systems
859,Physics Letters Section A General Atomic and Solid State Physics
860,Annual Conference Towards Autonomous Robotic Systems
861,IFIP World Conference on Computers in Education
862,International Conference on Extended Reality
863,Journal of Manufacturing Processes
864,Engineering Applications of Artificial Intelligence
865,The RE-BUILT Multiplier Event held in the form of the International Conference on Knowledge Transfer on Sustainable Rehabilitation and Risk Management in the Built Environment
866,"International Joint Conference on Knowledge Discovery, Knowledge Engineering, and Knowledge Management"
867,International Conference on Artificial Intelligence & Industrial Applications
868,International Journal of Pharmaceutics
869,International Conference on Agriculture-Centric Computation
870,Applied Catalysis A General
871,International Conference on Computational Logistics
872,IFIP International Conference on Advances in Production Management Systems
873,Journal of Industrial and Engineering Chemistry
874,International 3D GeoInfo Conference
875,International Conference on the Quality of Information and Communications Technology
876,Conference of the Arabian Journal of Geosciences
877,International Conference on Artificial Intelligence and Smart Vehicles
878, International Conference on Signal Processing and Information Communications
879,"International Conference on Cooperative Design, Visualization and Engineering"
880,"International Conference on Simulation and Modeling Methodologies, Technologies and Applications"
881,"International Conference on Information, Communication and Computing Technology"
882,International Conference on Theory and Practice of Digital Libraries
883,International Conference on Medical Image Computing and Computer-Assisted Intervention
884,Euro-Mediterranean Conference for Environmental Integration
885,International Fashion and Design Congress
886,International Conference on Electronic Governance with Emerging Technologies
887,Workshop on Job Scheduling Strategies for Parallel Processing
888,International Conference on Smart Homes and Health Telematics
889,Tectonophysics
890,Theoretical Computer Science
891,Engineering Fracture Mechanics
892,International Congress on Engineering and Sustainability in the XXI Century
893,International Workshop on Ophthalmic Medical Image Analysis
894,"International Conference on Construction Logistics, Equipment, and Robotics"
895,International Conference on Mining Intelligence and Knowledge Exploration
896,"International Conference on Management, Tourism and Technologies"
897,International Conference on Computer Vision Systems
898,International Conference on Artificial Neural Networks
899,International Conference on Computer Analysis of Images and Patterns
900,Analytica Chimica Acta
901,International Immunopharmacology
902,International Conference on Runtime Verification
903,International Conference on Intelligent Systems in Production Engineering and Maintenance
904,Italian Workshop on Shell and Spatial Structures
905,International Workshop on Uncertainty for Safe Utilization of Machine Learning in Medical Imaging
906,International Conference on Complex Computational Ecosystems
907,International Scientific Conference Industrial and Civil Construction
908,"International Conference on Digital Transformation, Cyber Security and Resilience"
909,Colloids and Surfaces A Physicochemical and Engineering Aspects
910,Agricultural Water Management
911,International Conference on Learning and Intelligent Optimization
912,MICCAI Workshop on Artificial Intelligence over Infrared Images for Medical Applications
913,International Workshop on Advances in Simplifying Medical Ultrasound
914,International conference on FinDrones
915,Conference on Creativity in Intelligent Technologies and Data Science
916,International Conference on the Development of Biomedical Engineering in Vietnam
917,International Conference on Computer Science and Education in Computer Science
918,International Workshop on Simulation and Synthesis in Medical Imaging
919,CCF International Conference on Natural Language Processing and Chinese Computing
920,International Conference on Big Data
921,Joint International Conference on Serious Games
922, International Conference on Metaverse
923,International Conference on Web Services
924,International Workshop on Machine Learning in Clinical Neuroimaging
925,Workshop on Medical Image Learning with Limited and Noisy Data
926,International Conference on Blockchain
927,Privacy Symposium: Data Protection Law International Convergence and Compliance with Innovative Technologies
928,MICCAI Workshop on Data Engineering in Medical Imaging
929,International Joint Conference on Rules and Reasoning
930,International Workshop on Computational Mathematics Modeling in Cancer Analysis
931,International Conference on AI and Mobile Services
932,Progress in Neuro Psychopharmacology and Biological Psychiatry
933,Electrochimica Acta
934,STAR Protocols
935,International Conference on Discovery Science
936,International Conference on Reachability Problems
937,Polymer
938,International Symposium on Automated Technology for Verification and Analysis
939,MICCAI Workshop on Cancer Prevention through Early Detection
940,Brazilian Conference on Intelligent Systems
941,International Conference on Advanced Concepts for Intelligent Vision Systems
942,Autoimmunity Reviews
943,Nexus
944,Free Radical Biology and Medicine
945,Chemical Physics Letters
946,International Conference on Provable Security
947,"International Workshop on Preterm, Perinatal and Paediatric Image Analysis"
948,International Scientific and Practical Conference Operations and Project management: strategies and trends
949,European Conference on Symbolic and Quantitative Approaches with Uncertainty
950,Journal of Molecular Biology
951,Computers and Fluids
952,World Conference on Information Systems and Technologies
953,Annals of Nuclear Energy
954,Engineering Structures
955,Neuroscience
956,Neuropsychologia
957,Nuclear Engineering and Design
958,Journal of Computational Physics
959,Applied Energy
960,JAMA
961,Physica A Statistical Mechanics and Its Applications
962,Chemometrics and Intelligent Laboratory Systems
963,Applied Thermal Engineering
964,Energy and Buildings
965,American Journal of Cardiology
966,JAMA Internal Medicine
967,JAMA Network Open
968,Annalen der Physik
969,Journal of the Neurological Sciences
970,Current Protocols in Protein Science
971,Current Protocols in Pharmacology
972,Current Protocols in Neuroscience
973,Current Protocols in Molecular Biology
974,Current Protocols in Human Genetics
975,International Journal of Mechanical Sciences
976,Current Protocols in Cytometry
977,Current Protocols in Bioinformatics
978,Composite Structures
979,International Workshop on Machine Learning in Medical Imaging
980,Computers and Mathematics with Applications
981,International Conference on Technologies and Innovation
982,Quaternary Science Reviews
983,IFToMM World Congress on Mechanism and Machine Science
984,FEBS Letters
985,"Eos, Transactions American Geophysical Union"
986,Global Biogeochemical Cycles
987,Geophysical Research Letters
988,Journal of Geophysical Research: Solid Earth
989,Journal of Geophysical Research: Oceans
990,Journal of Geophysical Research: Atmospheres
991,Journal of Advances in Modeling Earth Systems
992,Tectonics
993,Water Resources Research
994,"Geochemistry, Geophysics, Geosystems"
995,Energy Conversion and Management
996,Journal of Geophysical Research: Space Physics
997,MICCAI Workshop on Domain Adaptation and Representation Transfer
998,IFIP International Internet of Things Conference
999,Reviews of Geophysics
1000,Journal of Geophysical Research: Planets
1001,Space Weather
1002,International Conference on Science of Cyber Security
1003,Earth's Future
1004,International Conference on Bridging the Gap between AI and Reality
1005,International Workshop on PRedictive Intelligence In MEdicine
1006,Aggressive Behavior
1007,International Conference on Embedded Computer Systems
1008,International conference on Climate Change and Environmental Sustainability
1009,ICABR Conference
1010,Energy
1011,New Directions for Adult and Continuing Education
1012,Applied Cognitive Psychology
1013,European Conference on Service-Oriented and Cloud Computing
1014,Arthritis Care &amp; Research
1015,International Journal of Adaptive Control and Signal Processing
1016,International Conference on Image and Graphics
1017,Architectural Design
1018,Advanced Engineering Materials
1019,International Conference on Intelligent Systems and Pattern Recognition
1020,Remote Sensing of Environment
1021,Advanced Functional Materials
1022,Mechanism and Machine Theory
1023,International Conference of Experimental and Numerical Investigations and New Technologies
1024,Agricultural and Forest Meteorology
1025,Congress of the Portuguese Association of Operational Research
1026,Linear Algebra and Its Applications
1027,International Conference on Intelligence of Things
1028,Coastal Engineering
1029,Environmental Research
1030,International Conference on Artificial Intelligence and Green Computing
1031,Renewable Energy
1032,International Conference on Advanced Data Mining and Applications
1033,Brain Research
1034,Workshop on Engineering Applications
1035,International Symposium on Integrated Uncertainty in Knowledge Modelling and Decision Making
1036,International Conference on Applied Informatics
1037,International Conference on Cooperative Information Systems
1038,European Journal of Medicinal Chemistry
1039,International Conference on Advanced Technologies for Humanity
1040,International scientific and practical conference Information and communication technologies and sustainable development
1041,Environmental Informatics
1042,Journal of Non Crystalline Solids
1043,International Workshop on Shape in Medical Imaging
1044,International Conference on Similarity Search and Applications
1045,International Conference on Quantitative Ethnography
1046,"International Conference on Sustainable Development through Machine Learning, AI and IoT"
1047,International Joint conference on Industrial Engineering and Operations Management 
1048,International Conference on Machine Learning For Cyber-Physical Systems
1049,Advanced Healthcare Materials
1050,International Workshop on Applications of Medical AI
1051,International Conference on Cloud Computing and Computer Networks
1052,Topology and Its Applications
1053,Physica B Condensed Matter
1054,Advanced Materials
1055,International Conference on Wireless Intelligent and Distributed Environment for Communication
1056,"International Conference on Advanced Computing, Machine Learning, Robotics and Internet Technologies"
1057,Sleep Medicine X
1058,International Workshop on Computational Diffusion MRI
1059,International Conference on Immersive Learning
1060,International Conference on Industrial Networks and Intelligent Systems
1061,Cryogenics
1062,Surface and Coatings Technology
1063,Nano Energy
1064,UK Workshop on Computational Intelligence
1065,"International Conference on Global Security, Safety, and Sustainability"
1066,Asian Conference on Pattern Recognition
1067,International Journal of Cardiology
1068,The International Conference on Intelligent System and Smart Technologies
1069,Journal of Magnetism and Magnetic Materials
1070,Workshop on Machine Learning for Multimodal Healthcare Data
1071,International Conference on Optimization and Decision Science
1072,Intelligent Systems Conference
1073,Carbohydrate Polymers
1074,Iberoamerican Knowledge Graphs and Semantic Web Conference
1075,Nordic Conference on Secure IT Systems
1076,International Conference on Financial Cryptography and Data Security
1077,Bioorganic and Medicinal Chemistry
1078,Advances In Additive Manufacturing Conference
1079,"International Conference on Construction, Architecture and Technosphere Safety"
1080,Australasian Database Conference
1285,Computers in Industry
1081,Multidisciplinary International Symposium on Disinformation in Open Online Media
1082,"International Conference on Economic Scientific Research - Theoretical, Empirical and Practical Approaches"
1083,International Conference on Attosecond Science and Technology
1084," International Conference on Machine Learning, Deep Learning and Computational Intelligence for Wireless Communication"
1085,Geomorphology
1086,Journal of Chromatography B Analytical Technologies in the Biomedical and Life Sciences
1087,International Symposium on Visual Computing
1088,IFIP International Conference on Human Choice and Computers
1089,Tetrahedron Letters
1090,Environmental Pollution
1091,International Conference on Innovative Techniques and Applications of Artificial Intelligence
1092,International Conference on Artificial Intelligence: Towards Sustainable Intelligence
1093,Advanced Materials Interfaces
1094,Advanced Materials Technologies
1095,Journal of Molecular Liquids
1096,Palaeogeography Palaeoclimatology Palaeoecology
1097,Advanced Optical Materials
1098,Advanced Synthesis &amp; Catalysis
1099,Advanced Theory and Simulations
1100,Advanced Science
1101,Lithos
1102,Atmospheric Environment
1103,International Conference on Modern Trends in Business Hospitality and Tourism
1104,"International Conference on Informatics in Control, Automation and Robotics"
1105,International Conference on Speech and Computer
1106,International Conference on Information Integration and Web Intelligence
1107,Forest Ecology and Management
1108,"International Conference on Information and Communication Technologies in Education, Research, and Industrial Applications"
1109,Earth and Planetary Science Letters
1110,European Polymer Journal
1111,International Conference on Sustainability in Creative Industries
1112,Journal of Neuroimmunology
1113,Advanced Electronic Materials
1114,International Conference on Water Energy Food and Sustainability
1115,Annual Conference of the Southern African Computer Lecturers' Association
1116,International Workshop on Engineering Multi-Agent Systems
1117,Applied Clay Science
1118,Advanced Energy Materials
1119,Ghent Methusalem Colloquium
1120,IFIP Working Conference on The Practice of Enterprise Modeling
1121,Annual Conference on Medical Image Understanding and Analysis
1122,International Workshop on Frontiers in Software Engineering Education
1123,Journal of South American Earth Sciences
1124,Energy Informatics Academy Conference
1125,Journal of Functional Analysis
1126,International Conference on Optimization and Applications
1127,International Conference on Artificial Intelligence of Things
1128,Applied Economic Perspectives and Policy
1129,Aggregate
1130,AIChE Journal
1131,International Symposium on Search Based Software Engineering
1132,Bioorganic and Medicinal Chemistry Letters
1133,"International Conference on Advanced Research in Technologies, Information, Innovation and Sustainability"
1134,International Conference on Computational Intelligence in Communications and Business Analytics
1135,International Green Energy Conference
1136,International Conference on Textile Conference & Conference on Engineering and Entrepreneurship
1137,International Conference on Information and Software Technologies
1138,International Conference on Computation Intelligence and Network Systems
1139,Advanced Intelligent Systems
1140,Southern African Conference for Artificial Intelligence Research
1141,EPIA Conference on Artificial Intelligence
1142,Ajo International
1143,American Journal of Anatomy
1144,Molecular Therapy Methods and Clinical Development
1145,American Journal of Hematology
1146,American Journal of Human Biology
1147,Iberoamerican Congress on Pattern Recognition
1148,American Journal of Industrial Medicine
1149,Journal of Food Protection
1150,American Journal of Medical Genetics
1151,American Journal of Medical Genetics Part A
1152,American Journal of Medical Genetics Part B: Neuropsychiatric Genetics
1153,American Journal of Medical Genetics Part C: Seminars in Medical Genetics
1154,American Journal of Physical Anthropology
1155,International Forum of Allergy &amp; Rhinology
1156,Alzheimer's &amp; Dementia
1157,Journal of Advanced Manufacturing and Processing
1158,Annals of Neurology
1159,International Conference on Games and Learning Alliance
1160,Angewandte Chemie International Edition in English
1161,International Conference on Information Systems Security
1162,International Conference on Applied Economics
1163,Journal of Controlled Release
1164,Conference on Systems Engineering Research
1165,International Conference on Information Security
1166,International Computing and Combinatorics Conference
1167,International Conference on Mathematics and its Applications in Science and Engineering
1168,Angewandte Chemie International Edition
1169,International Conference on Engineering of Computer-Based Systems
1170,Molecular Therapy Nucleic Acids
1171,American University in the Emirates International Research
1172,The scientific conference on Geosciences and Environmental Management (GeoME)
1173,European Journal of Cancer
1174,International Conference on Intelligent Transport Systems
1175,Journal of Theoretical Biology
1176,Russian Supercomputing Days
1177,International Conference on the Role of AI in Bio-Medical Translations’ Research for the Health Care Industry
1178,International Conference on Advances in Information and Communication Technology
1179,International Workshop on Artificial Intelligence and Pattern Recognition
1180,International Conference on Critical Infrastructure Protection
1181,International Conference on Combinatorial Optimization and Applications
1182,Journal of Chromatography A
1183,International Conference on Verification and Evaluation of Computer and Communication Systems
1184,International Conference on Electrical Systems & Automation
1185,Olympiad in Engineering Science
1186,Journal of Alloys and Compounds
1187,"International Conference Design! OPEN: Objects, Processes, Experiences and Narratives"
1188, International Conference on Axiomatic Design
1189,International Conference on Applied Economics and Business
1190,Construction and Building Materials
1191,International Conference on Smart Sustainable Materials and Technologies
1192,Journal of Hazardous Materials
1193,International Conference on Future Access Enablers of Ubiquitous and Intelligent Infrastructures
1194,Computer Graphics International Conference
1195,International Working Conference on Transfer and Diffusion of IT
1196,International Conference for Emerging Technologies in Computing
1197,Vaccine
1198,Global Fashion Conference
1199,European Journal of Pharmacology
1200,International Conference on the Dynamics of Information Systems
1201,International Journal of Hydrogen Energy
1202,Biologically Inspired Cognitive Architectures Meeting
1203,Knowledge Based Systems
1204,European Conference on Artificial Intelligence
1205,International Conference on Topical Issues of International Political Geography
1206,"International Conference on Software Testing, Machine Learning and Complex Process Analysis"
1207,Ibero-American Congress of Engineering and Project Management
1208,The International Conference On Global Economic Revolutions
1209,Arthritis &amp; Rheumatism
1210,Journal of Applied Polymer Science
1211,International XR Conference
1212,International Conference on Multimedia Technology and Enhanced Learning
1213,Italian Journal of Agronomy
1214,Aquatic Conservation: Marine and Freshwater Ecosystems
1215,Field Crops Research
1216,The Anatomical Record
1217,"The Anatomical Record Part A: Discoveries in Molecular, Cellular, and Evolutionary Biology"
1218,International Journal of Food Microbiology
1219,Archaeological Prospection
1220,Methodsx
1221,Softwarex
1222,Renewable and Sustainable Energy Reviews
1223,Computers in Human Behavior Reports
1224,Systems and Soft Computing
1225,Health Policy and Technology
1226,Smart Agricultural Technology
1227,Computers and Education Open
1228,Arthritis &amp; Rheumatology
1229,Anatomical Sciences Education
1230,Computers and Education X Reality
1231,World Neurosurgery
1232,Complementary Therapies in Medicine
1233,Toxicology
1234,Journal of the American Society for Information Science and Technology
1235,Plant Gene
1236,Sustainable Futures
1237,Plant Phenomics
1238,Ibro Neuroscience Reports
1239,International Conference on Internet and Modern Society
1240,Micro and Nano Engineering
1241,Optics and Lasers in Engineering
1242,Communications in Nonlinear Science and Numerical Simulation
1243,"European Summer School in Logic, Language and Information"
1244,Sustainable Production and Consumption
1245,International Conference on Nonlinear Dynamics and Applications
1246,Automation in Construction
1247,Asia Pacific Journal of Oncology Nursing
1248,Contemporary Educational Psychology
1249,Computers and Electrical Engineering
1250,Computers and Electronics in Agriculture
1251,Clinical Neurophysiology
1252,Scientific African
1253,Journal of Neuroscience Methods
1254,Manufacturing Letters
1255,Advances in Space Research
1256,Preventive Veterinary Medicine
1257,Habitat International
1258,Current Opinion in Colloid and Interface Science
1259,Teaching and Teacher Education
1260,International Journal of Biological Macromolecules
1261,Cognitive Systems Research
1262,Journal of Hospitality and Tourism Management
1263,Ecological Informatics
1264,Journal of Food Composition and Analysis
1265,Futures
1266,Healthcare Analytics
1267,Forensic Imaging
1268,Icarus
1269,Materials Today Bio
1270,Journal of Financial Economics
1271,Artificial Intelligence in Geosciences
1272,Computers and Graphics
1273,Learning Culture and Social Interaction
1274,Sensors and Actuators Reports
1275,Computers and Education Artificial Intelligence
1276,Slas Technology
1277,Multiple Sclerosis and Related Disorders
1278,Future Foods
1279,Cyber Security and Applications
1280,Advances in Applied Mathematics
1281,Journal of Outdoor Recreation and Tourism
1282,Journal of Marine Systems
1283,Data in Brief
1284,Journal of Web Semantics
1286,Intelligent Systems with Applications
1287,Journal of Transport Geography
1288,Journal of Parallel and Distributed Computing
1289,Case Studies in Construction Materials
1290,Personality and Individual Differences
1291,"International Conference on Advanced Engineering, Technology and Applications"
1292,Fitoterapia
1293,Studies in Educational Evaluation
1294,Results in Engineering
1295,Mechanics of Materials
1296,Computers and Composition
1297,Veterinary Journal
1298,Materials Characterization
1299,International Conference on Computational Sciences and Sustainable Technologies
1300,International Journal of Human Computer Studies
1301,Journal of Biotechnology
1302,International Journal of Child Computer Interaction
1303,Journal of Building Engineering
1304,Journal of Thermal Biology
1305,World Patent Information
1306,Invention Disclosure
1307,Nano Structures and Nano Objects
1308,Technological Forecasting and Social Change
1309,Journal of Computational Science
1310,Journal of Manufacturing Systems
1311,Sustainable Computing Informatics and Systems
1312,Journal of the Association for Information Science and Technology
1313,Applied Soft Computing
1314,Telematics and Informatics Reports
1315,Applied Radiation and Isotopes
1316,European Journal of Radiology Open
1317,Journal of Visual Communication and Image Representation
1318,Engineering Analysis with Boundary Elements
1319,Solid State Electronics
1320,American Journal of Surgery
1321,Optics and Laser Technology
1322,Optics Communications
1323,Journal of the American Society for Information Science
1324,Journal of Responsible Technology
1325,Journal of Dentistry
1326,American Documentation
1327,Conference on Practical Aspects of and Solutions for Software Engineering
1328,International Symposium on Measurements and Control in Robotics
1329,Artificial Intelligence in the Life Sciences
1330,Chemistry – An Asian Journal
1331,Ain Shams Engineering Journal
1332,Advances in Mathematics
1333,Computers in Biology and Medicine
1334,International Conference on Advancements of Medicine and Health Care through Technology
1335,Materials and Design
1336,Addison-Wesley Professional eBooks
1337,Atmospheric Science Letters
1338,Journal of Neurorestoratology
1339,Applied Stochastic Models in Business and Industry
1340,Environmental and Sustainability Indicators
1341,Journal of Electrostatics
1342,Astronomische Nachrichten
1343,International Conference on Asia Pacific Advanced Network
1344,Journal of Advanced Transportation
1345,Autism Research
1346,North American Spine Society Journal
1347,"Biofuels, Bioproducts and Biorefining"
1348,Berichte der Bunsengesellschaft für physikalische Chemie
1349,Chemical Engineering Journal
1350,Journal of Behavioral Decision Making
1351,Graphical Models
1352,Engmedicine
1353,Energy and AI
1354,Array
1355,Advances in Engineering Software
1356,Developments in the Built Environment
1357,Birth Defects Research Part A: Clinical and Molecular Teratology
1358,Birth Defects Research Part C: Embryo Today: Reviews
1359,Bioelectromagnetics
1360,Swarm and Evolutionary Computation
1361,British Educational Research Journal
1362,BioEssays
1363,Computer Vision and Image Understanding
1364,Food Research International
1365,Eurasia Business and Economics Society Conference
1366,Irbm
1367,Study of Complex Systems and their Applications Conference
1368,Artificial Intelligence in Medicine
1369,Sensing and Bio Sensing Research
1370,Food Chemistry X
1371,Biometrical Journal
1372,Land Use Policy
1373,Biotechnology Journal
1374,Biopolymers
1375,Simulation Modelling Practice and Theory
1376,Peptide Science
1377,Journal of Applied Geophysics
1378,Biotechnology and Bioengineering
1379,Mayo Clinic Proceedings Digital Health
1380,Journal of British Surgery
1381,British Journal of Surgery
1382,Biochemical and Biophysical Research Communications
1383,Heliyon
1384,Biochemistry and Molecular Biology Education
1385,Biomedical Chromatography
1386,Business Strategy and the Environment
1387,Scientific And Technical Conference Transport Systems Theory And Practice
1388,International Conference on Videogame Sciences and Arts
1389,Asian-Pacific Conference on Medical and Biological Engineering
1390,"International Conference on E-Learning, E-Education, and Online Training"
1391,International Conference on Organization and Technology of Maintenance
1392,International Symposium on Distributed Autonomous Robotic Systems
1393,World Conference Intelligent System for Industrial Automation
1394,International Congress on Agricultural Mechanization and Energy in Agriculture
1395,"International Conference on Security, Privacy, and Applied Cryptography Engineering"
1396,International conference on The Digital Transformation in the Graphic Engineering
1397,International Conference on Security and Privacy in Cyber-Physical Systems and Smart Vehicles
1398,Science Bulletin
1399,Behavioral Sciences &amp; the Law
1400,International Conference on Management of Digital
1401,MIT Sloan management review
1402,Bioengineering &amp; Translational Medicine
1403,Biotechnology Progress
1404,International Conference on Information and Knowledge Systems
1405,Clinical Anatomy
1406,International Conference on Cognitive Computing
1407,Cancer Communications
1408,Computer Applications in Engineering Education
1409,International Conference on Services Computing
1410,Cancer medicine
1411,International Conference on Cloud Computing
1412,International Multi-Disciplinary Conference - Integrated Sciences and Technologies
1413,Congreso Argentino de Bioingeniería
1414,International Workshop on Dynamic Logic
1415,International Conference on Edge Computing
1416,International Conference on Innovations and Interdisciplinary Solutions for Underserved Areas
1417,Counselling and Psychotherapy Research
1418,Journal of Community &amp; Applied Social Psychology
1419,Journal of Consumer Behaviour
1420,"International Conference on Science, Technology and Innovation for Society "
1421,International Symposium on Practical Aspects of Declarative Languages
1422,International Conference of the Italian Association of Design Methods and Tools for Industrial Engineering
1423,Conference of the Italian Chapter of AIS
1424,ChemBioEng Reviews
1425,International Conference on Formal Aspects of Component Software
1426,ChemBioChem
1427,International Workshop on Internet of Things of Big Data for Healthcare
1428,Catheterization and cardiovascular diagnosis
1429,ChemCatChem
1430,XVIII Multidisciplinary International Congress on Science and Technology
1431,International Conference on Big Data Technologies and Applications
1432,Quaternary International
1433,Chemical Engineering &amp; Technology
1434,ChemElectroChem
1435,Journal of Chemometrics
1436,International Conference on Future Smart Cities
1437,International Conference on Green Energy and Environment Engineering
1438,Carbon Energy
1439,Comparative and Functional Genomics
1440,Chemistry – A European Journal
1441,"International Conference on Mobile, Secure, and Programmable Networking"
1442,International Workshop on Statistical Atlases and Computational Models of the Heart
1443,Training & Development
1444,International Conference on Mathematical Modeling and Supercomputer Technologies
1445,Children &amp; Society
1446,Chemischer Informationsdienst
1447,ChemInform
1448,Chirality
1449,Chemie Ingenieur Technik
1450,Canadian Journal of Administrative Sciences / Revue Canadienne des Sciences de l'Administration
1451,The Canadian Journal of Chemical Engineering
1452,Canadian Journal of Statistics
1453,International Journal of Coal Geology
1454,Campbell Systematic Reviews
1455,International Conference on Tourism and Information and Communication Technologies
1456,Clinical Cardiology
1457,"CLEAN – Soil, Air, Water"
1458,Cytoskeleton
1459,ChemMedChem
1460,Contrast Media &amp; Molecular Imaging
1461,International Workshop on Autonomous Remanufacturing
1462,Concepts in Magnetic Resonance
1463,Concepts in Magnetic Resonance Part A
1464,Chemistry–Methods
1465,Cancer
1466,International Conference on Interactive Collaborative Learning
1467,International Conference on Dynamic Data Driven Applications Systems
1468,Journal of Comparative Neurology
1469,Cell
1470,International Conference on Quality Innovation and Sustainability
1471,International Congress of Electrical and Computer Engineering
1472,Journal of Cleaner Production
1473,Communications in Numerical Methods in Engineering
1474,Communications in Applied Numerical Methods
1475,International Conference on IoT and Health
1476,Color Research &amp; Application
1477,Communications on Pure and Applied Mathematics
1478,International Conference on Information Technology and Communications Security
1479,International Conference on Mathematical Modeling in Physical Sciences
1480,European Conference on Information Literacy
1481,"International Conference on Optimization, Learning Algorithms and Applications"
1482,New Biotechnology
1483,Concurrency and Computation: Practice and Experience
1484,Concurrency: Practice and Experience
1485,Cell Reports
1486,International Conference on Safety and Security in IoT
1487,ChemPhysChem
1488,ChemPlusChem
1489,Complexity
1490,Clinical Psychology &amp; Psychotherapy
1491,Clinical Pharmacology &amp; Therapeutics
1492,Current Protocols
1493,Crystal Research and Technology
1494,Corporate Social Responsibility and Environmental Management
1495,ChemSusChem
1496,International Conference  on New Trends in the Applications of Differential Equations in Sciences
1497,International Conference on Software Business
1498,International Journal of Circuit Theory and Applications
1499,Clinical and Translational Medicine
1500,Contributions to Plasma Physics
1501,Cytometry
1502,International Conference on Innovation of Emerging Information and Communication Technology
1503,Cytometry Part A
1504,MICCAI Challenge on Segmentation of the Aorta
1505,International Journal of Communication Systems
1506,Drug Development Research
1507,Developmental Disabilities Research Reviews
1508,Developmental Psychobiology
1509,Academy of Marketing Science World Marketing Congress
1510,Journal of Interactive Marketing
1511,International Conference on Selected Areas in Cryptography
1512,Interdisciplinary Symposium on Smart & Sustainable Infrastructures
1513,International Conference on 6GN for Future Wireless Networks
1514,Diabetes/Metabolism Research and Reviews
1515,Developmental Dynamics
1516,genesis
1517,Ecological Applications
1518,International Journal of Eating Disorders
1519,Ecology and Evolution
1520,Electronics and Communications in Japan (Part I: Communications)
1521,Electronics and Communications in Japan (Part III: Fundamental Electronic Science)
1522,Ecological Monographs
1523,Ecohydrology
1524,Ecosphere
1525,Ecology
1526,Environmental DNA
1527,ENERGY &amp; ENVIRONMENTAL MATERIALS
1528,Environmental Policy and Governance
1529,Ecosystem Health and Sustainability
1530,European Journal of Heart Failure
1531,European Journal of Immunology
1532,European Journal of Inorganic Chemistry
1533,European Journal of Organic Chemistry
1534,"European journal of pain (London, England)"
1535,European Journal of Social Psychology
1536,Electroanalysis
1537,ELECTROPHORESIS
1538,Oxford University Press eBooks
1539,Engineering in Life Sciences
1540,Engineering in life sciences
1541,Environmental and Molecular Mutagenesis
1542,Engineering Reports
1543,Energy Technology
1544,Environmetrics
1545,EcoMat
1546,Environmental Progress
1547,Earthquake Engineering &amp; Structural Dynamics
1548,Energy Science &amp; Engineering
1549,Earth Surface Processes and Landforms
1550,Earth Surface Processes
1551,Energy Storage
1552,Environmental Toxicology and Chemistry
1553,ETS Research Report Series
1554,European Transactions on Telecommunications
1555,Transactions on Emerging Telecommunications Technologies
1556,New Directions for Evaluation
1557,New Directions for Program Evaluation
1558,"Evolutionary Anthropology: Issues, News, and Reviews"
1559,Evolution Letters
1560,Exploration
1561,Fire and Materials
1562,Frontiers in Ecology and the Environment
1563,Flavour and Fragrance Journal
1564,International Journal for Numerical Methods in Fluids
1565,Journal of Forecasting
1566,Fuel Cells
1567,GAMM-Mitteilungen
1568,Global Challenges
1569,Geoscience Data Journal
1570,Genetic Epidemiology
1571,International Journal of Geriatric Psychiatry
1572,Global Strategy Journal
1573,Hastings Center Report
1574,Human Brain Mapping
1575,New Directions for Higher Education
1576,Health Economics
1577,Head &amp; Neck
1578,Head &amp; Neck Surgery
1579,Hepatology
1580,Hippocampus
1581,Human Resource Development Quarterly
1582,Human Resource Management
1583,Health Science Reports
1584,Human Psychopharmacology: Clinical and Experimental
1585,Hydrological Processes
1586,Infant and Child Development
1587,Integrated Environmental Assessment and Management
1588,International Journal of Cancer
1589,International journal of cancer
1590,Israel Journal of Chemistry
1591,International Journal of Finance &amp; Economics
1592,International Journal of Psychology
1593,International Journal of Imaging Systems and Technology
1594,Infant Mental Health Journal
1595,iMeta
1596,InfoMat
1597,New Directions for Institutional Research
1598,Irrigation and Drainage
1599,"Intelligent Systems in Accounting, Finance and Management"
1600,IUBMB Life
1601,Journal of Applied Econometrics
1602,American Journal of Botany
1603,TESOL Quarterly
1604,Obesity Research
1605,Journal AWWA
1606,Journal of Counseling &amp; Development
1607,THE ELECTRONIC JOURNAL OF INFORMATION SYSTEMS IN DEVELOPING COUNTRIES
1608,Review of Financial Economics
1609,Journal of Business Logistics
1610,The Career Development Quarterly
1611,Journal of College Counseling
1612,The Journal of Creative Behavior
1613,The Personnel and Guidance Journal
1614,Journal of Engineering Education
1615,ETS Research Bulletin Series
1616,INCOSE International Symposium
1617,Journal of Applied Biomaterials
1618,JACCP:  JOURNAL OF THE AMERICAN COLLEGE OF CLINICAL PHARMACY
1619,Journal of Applied Toxicology
1620,Journal of Biophotonics
1621,Journal of Biomedical Materials Research
1622,Journal of Biomedical Materials Research Part A
1623,Journal of Biomedical Materials Research Part B: Applied Biomaterials
1624,Journal of Bone and Mineral Research
1625,Journal of Biochemical and Microbiological Technology and Engineering
1626,Journal of Clinical Apheresis
1627,Journal of Corporate Accounting &amp; Finance
1628,Journal of Cellular Biochemistry
1629,Journal of Computational Chemistry
1630,Journal of the Chinese Chemical Society
1631,Journal of Clinical Psychology
1632,Journal of Community Psychology
1633,Journal of Cellular Physiology
1634,Journal of Consumer Psychology
1635,"Journal of Cachexia, Sarcopenia and Muscle"
1636,Journal of Chemical Technology &amp; Biotechnology
1637,Journal of Applied Chemistry
1638,Microscopy Research and Technique
1639,Journal of Electron Microscopy Technique
1640,Journal of Extracellular Vesicles
1641,Journal of Experimental Zoology Part A: Ecological Genetics and Physiology
1642,Journal of Experimental Zoology Part B: Molecular and Developmental Evolution
1643,Journal of Geophysical Research: Biogeosciences
1644,Journal of Hepato-Biliary-Pancreatic Sciences
1645,Journal of hospital medicine
1646,Journal of Hospital Medicine
1647,Journal of High Resolution Chromatography
1648,Journal of International Development
1649,Journal of Leukocyte Biology
1650,Journal of Morphology
1651,Journal of Molecular Recognition
1652,Journal of Magnetic Resonance Imaging
1653,Journal of Mass Spectrometry
1654,Journal of Medical Virology
1655,Journal of Organizational Behavior
1656,International Journal of Climatology
1657,Journal of Climatology
1658,Journal of Orthopaedic Research
1659,Journal of Periodontology
1660,Journal of Quaternary Science
1661,Journal of Raman Spectroscopy
1662,Research Synthesis Methods
1663,Strategic Change
1664,Journal of the Science of Food and Agriculture
1665,JOR SPINE
1666,Journal of Separation Science
1667,International Journal of Tourism Research
1668,Journal of Traumatic Stress
1669,The Journal of Wildlife Management
1670,International Journal of Chemical Kinetics
1671,Knowledge and Process Management
1672,Laser Technik Journal
1673,Land Degradation &amp; Development
1674,Language and Linguistics Compass
1675,Limnology and Oceanography
1676,Laser &amp; Photonics Reviews
1677,Lasers in Surgery and Medicine
1678,Liver Transplantation
1679,Leader to Leader
1680,Macromolecular Bioscience
1681,Die Makromolekulare Chemie
1682,Macromolecular Chemistry and Physics
1683,Mathematical Logic Quarterly
1684,Macromolecular Materials and Engineering
1685,Mathematische Nachrichten
1686,Psychology &amp; Marketing
1687,Macromolecular Rapid Communications
1688,Mass Spectrometry Reviews
1689,Molecular Carcinogenesis
1690,Journal of Multi-Criteria Decision Analysis
1691,MedComm
1692,International Symposium on Water Pollution and Treatment
1693,Managerial and Decision Economics
1694,Movement Disorders
1695,"International Conference on Emerging Internet, Data & Web Technologies"
1696,International Conference on Collaborative Endeavors for Global Sustainability
1697,Medicinal Research Reviews
1698,International Conference on Reliability and Statistics in Transportation and Communication
1699,Space Resources Conference
1700,Meteorological Applications
1701,International Workshop on HSR Socioeconomic Impacts
1702,Molecular Informatics
1703,Mathematical Methods in the Applied Sciences
1704,International Journal of Microwave and Millimeter-Wave Computer-Aided Engineering
1705,Molecular Nutrition &amp; Food Research
1706,Microwave and Optical Technology Letters
1707,"International Symposium on AI, Data and Digitalization"
1708,Medical Physics
1709,International Journal of Methods in Psychiatric Research
1710,Magnetic Resonance in Chemistry
1711,Molecular Reproduction and Development
1712,Mental Retardation and Developmental Disabilities Research Reviews
1713,Macromolecular Reaction Engineering
1714,Magnetic Resonance in Medicine
1715,"International Adaptive and Sustainable Science, Engineering and Technology Conference"
1716,Romanian Conference on Human-Computer Interaction
1717,The International Symposium for Production Research
1718,International Conference on Innovation in Urban and Regional Planning
1719,International Conference on Advanced Computing Techniques in Engineering & Technology
1720,Muscle &amp; Nerve
1721,International Conference on ICT Innovations
1722,International Journal for Numerical and Analytical Methods in Geomechanics
1723,"Interactive Mobile Communication, Technologies and Learning "
1724,Neurourology and Urodynamics
1725,Naval Research Logistics (NRL)
1726,International Conference of the International Association of Cultural and Digital Tourism
1727,Naval Research Logistics Quarterly
1728,NMR in Biomedicine
1729,International Conference on Energy and Environment Research
1730,International Conference on Smart Card Research and Advanced Applications
1731,International Conference on Global Research and Education
1732,European Conference on Data Analysis
1733,"International Conference on Collaborative Computing: Networking, Applications and Worksharing"
1734,International Journal of Network Management
1735,"International Conference on Analysis of Images, Social Networks and Texts "
1736,Networks
1737,International Conference on Biomedical Engineering Science and Technology
1738,Conference on Physical and Mathematical Modeling of Earth and Environment Processes
1739,DAGM German Conference on Pattern Recognition
1740,International Conference on Pattern Recognition Applications and Methods
1741,International Challenge on Kidney and Kidney Tumor Segmentation
1742,Numerical Linear Algebra with Applications
1743,International Symposium on History of Machines and Mechanisms
1744,International Journal for Numerical Methods in Engineering
1745,Advances in Computer Games
1746,International Workshop on Human-Friendly Robotics
1747,International Conference on Human and Artificial Rationalities
1748,International Symposium on Computer Methods in Biomechanics and Biomedical Engineering
1749,International Conference on Agents and Artificial Intelligence
1750,International Scientific and Practical Conference Digital and Information Technologies in Economics and Management
1751,The Annual Meeting of the Psychometric Society
1752,Nonprofit Management and Leadership
1753,Numerical Methods for Partial Differential Equations
1754,Research in Nursing &amp; Health
1755,International Conference on Inductive Logic Programming
1756,International Journal of Nonprofit and Voluntary Sector Marketing
1757,Obesity
1758,Optimal Control Applications and Methods
1759,Occupational Therapy International
1760,Public Administration and Development
1761,Journal of Policy Analysis and Management
1762,International Conference on Intelligent Technologies for Interactive Entertainment
1763,People and Nature
1764,Polymers for Advanced Technologies
1765,The Journal of Pathology
1766,Pediatric Blood &amp; Cancer
1767,Polymer Composites
1768,Phytochemical Analysis
1769,Pharmacoepidemiology and Drug Safety
1770,Proceedings. AMIA Symposium
1771,Polymer Engineering &amp; Science
1772,European Journal of Personality
1773,Pharmacotherapy: The Journal of Human Pharmacology and Drug Therapy
1774,Polymer International
1775,Progress in Photovoltaics: Research and Applications
1776,International Workshop on Secure and Resilient Digital Transformation of Healthcare
1777,First International Conference on Real Time Intelligent Systems
1778,International Conference on the Statistical Analysis of Textual Data
1779,International Conference on Ad Hoc Networks
1780,Psychology in the Schools
1781,International Conference on Environmental Science and Development
1782,PROTEOMICS
1783,Project Management Journal
1784,Progress in Neurology and Psychiatry
1785,Journal of Physical Organic Chemistry
1786,Policy &amp; Internet
1787,Journal of Polymer Science
1788,Journal of Polymer Science Part A-2: Polymer Physics
1789,Journal of Polymer Science: Polymer Physics Edition
1790,Journal of Polymer Science Part A: Polymer Chemistry
1791,Journal of Polymer Science Part B: Polymer Physics
1792,International Conference on Large-Scale Scientific Computing
1793,Journal of Polymer Science Part C: Polymer Symposia
1794,Psycho-Oncology
1795,International Conference on Autonomous Agents and Multiagent Systems
1796,International Conference on Software Quality
1797,Plasma Processes and Polymers
1798,Permafrost and Periglacial Processes
1799,Particle &amp; Particle Systems Characterization
1800,"International Conference on Mathematical Modelling, Applied Analysis and Computation"
1801,Proceedings of the Association for Information Science and Technology
1802,PROTEOMICS – Clinical Applications
1803,Protein Science
1804,IFIP International Conference on ICT Systems Security and Privacy Protection
1805,European Conference on Object-Oriented Programming
1806,"International Conference on Safe, Secure, Ethical, Responsible Technologies and Emerging Applications"
1807,Fortschritte der Physik
1808,"Proteins: Structure, Function, and Bioinformatics"
1809,International Conference for Innovation in Biomedical Engineering and Life Sciences
1810,International Scientific-Technical Conference MANUFACTURING
1811,Dynamical Systems Theory and Applications
1812,International Conference on Haptics and Virtual Reality
1813,EAI International Conference on Smart Cities within SmartCity360° Summit
1814,"International Conference on Engineering, Project, and Production Management "
1815,International Conference on Technological Advancement in Embedded and Mobile Systems
1816,Blood Advances
1817,Lancet
1818,Desalination
1819,Pharmacology Research &amp; Perspectives
1820,Process Safety Progress
1821,Pest Management Science
1822,Progress in Structural Engineering and Materials
1823,"Population, Space and Place"
1824,CPT: Pharmacometrics &amp; Systems Pharmacology
1825,physica status solidi (a)
1826,physica status solidi (b)
1827,Device
1828,Iscience
1829,physica status solidi c
1830,physica status solidi (RRL) – Rapid Research Letters
1831,Pharmaceutical Statistics
1832,National Conference on Artificial Intelligence
1833,Phytotherapy Research
1834,Quarterly Journal of the Royal Meteorological Society
1835,Science of the Total Environment
1836,International Conference on Automatic Processing of Natural-Language Electronic Texts with NooJ
1837,International Conference on Emerging Trends and Applications in Artificial Intelligence
1838,Quality and Reliability Engineering International
1839,Quantitative Structure-Activity Relationships
1840,QSAR &amp; Combinatorial Science
1841,International Journal of Quantum Chemistry
1842,European Dependable Computing Conference
1843,Advanced Quantum Technologies
1844,Rapid Communications in Mass Spectrometry
1845,International Conference on Dynamics in Logistics
1846,The International Journal of Medical Robotics and Computer Assisted Surgery
1847,Recueil des Travaux Chimiques des Pays-Bas
1848,Review of Education
1849,Reproductive Medicine and Biology
1850,Reviews in Medical Virology
1851,International Symposium on Foundations of Information and Knowledge Systems
1852,International Journal of Robust and Nonlinear Control
1853,Cell Reports Sustainability
1854,"International Conference on Computing, Communication and Learning"
1855,International Conference on Advanced Materials for Sustainable Energy and Engineering
1856,Journal of Robotic Systems
1857,Journal of Field Robotics
1858,International Conference of Steel and Composite for Engineering Structures
1859,International Conference on Foundations of Software Science and Computation Structures
1860,Gene
1861,The Workshop on Computational Optimization
1862,"International Conference on advances in Materials, Mechanics and Manufacturing"
1863,International Conference on Energy and Environmental Science
1864,"Workshop on Artificial Intelligence with and for Learning Sciences: Past, Present, and Future Horizons"
1865,Italian Workshop on Artificial Life and Evolutionary Computation
1866,River Research and Applications
1867,European Symposium on Artificial Intelligence in Manufacturing
1868,Reading Research Quarterly
1869,International Conference on Complex Networks
1870,International Conference on Simulation Tools and Techniques
1871,Chemical Geology
1872,Regulated Rivers: Research &amp; Management
1873,Random Structures &amp; Algorithms
1874,International Workshop on Constructive Side-Channel Analysis and Secure Design
1875,Remote Sensing in Ecology and Conservation
1876,Congreso Internacional de Expresión Gráfica Arquitectónica
1877,Statistical Analysis and Data Mining: The ASA Data Science Journal
1878,Studies in Applied Mathematics
1879,International conference on Multidimensional Sustainability: Transitions and Convergences
1880,International Journal of Satellite Communications and Networking
1881,Scanning
1882,Science Education
1883,IACR International Conference on Public-Key Cryptography
1884,The HCT International Conference on Advancements in Health Sciences
1885,International Conference on Intelligent Information Processing
1886,International Seminar on Sonic Design
1887,Sustainable Development
1888,System Dynamics Review
1889,International Workshop on Epistemic Uncertainty in Artificial Intelligence
1890,IFIP International Summer School on Privacy and Identity Management
1891,Molecular Cell
1892,Cell Systems
1893,Cell Reports Physical Science
1894,Iberoamerican Workshop on Human-Computer Interaction
1895,Security and Communication Networks
1896,International Conference on Industrial Engineering and Industrial Management (ICIEIM) – Congreso de Ingeniería de Organización
1897,Jacc Case Reports
1898,Strategic Entrepreneurship Journal
1899,International Conference On Numerical Methods In Industrial Forming Processes
1900,Surface and Interface Analysis
1901,Statistics in Medicine
1902,International Conference on Industrial Engineering and Applications
1903,Biomedicine and Pharmacotherapy
1904,International Workshop on Value Engineering in AI
1905,International Conference on Persuasive Technology
1906,NeuroIS Retreat
1907,International Conference on Advancements in Smart Computing and Information Security
1908,"International Conference on Renewable Energy, Green Computing, and Sustainable Development"
1909,International Symposium on Mathematical Analysis of Fractals and Dynamical Systems
1910,International Conference on Continuum Models and Discrete Systems
1911,Annual International Conference on the Theory and Applications of Cryptographic Techniques
1912,MICCAI Challenge on Fast and Low-Resource Semi-supervised Abdominal Organ Segmentation
1913,ENTER e-Tourism Conference
1914,Cryptographers’ Track at the RSA Conference
1915,International Conference on Context-Aware Systems and Applications
1916,Stress and Health
1917,Stress Medicine
1918,Strategic Management Journal
1919,Blood
1920,International Conference on Economics and Social Sciences
1921,"International Conference on Robotics, Computer Vision and Intelligent Systems"
1922,Nordic Conference on Digital Health and Wireless Solutions​
1923,Jacc Cardiovascular Interventions
1924,Medicina Clinica
1925,International Conference on Recent Trends in AI Enabled Technologies
1926,Cell Chemical Biology
1927,International Conference on Creative Technology
1928,Engineering Geology
1929,International Conference on Biomedical and Health Informatics
1930,International Symposium on Engineering Interactive Computer Systems
1931,EAI International Conference on Automation and Control in Theory and Practice
1932,Sustainable Chemistry for the Environment
1933,International Symposium on Quantum Sciences: Applications and Challenges
1934,Joule
1935,International Conference on Alkali-Aggregate Reaction in Concrete
1936,Neuron
1937,Biophysical Journal
1938,Cell Reports Medicine
1939,Cell Reports Methods
1940,Current Biology
1941,International Conference on Group Decision and Negotiation
1942,"EAI International Conference on Technology, Innovation, Entrepreneurship and Education"
1943,One Earth
1944,Physica D Nonlinear Phenomena
1945,Solid State Communications
1946,Alexandria Engineering Journal
1947,Journal of Nuclear Materials
1948,Journal of Crystal Growth
1949,Neuroimage
1950,International Conference on Advances in Environment Research
1951,Pec Innovation
1952,International Conference on Communication and Network Technology
1953,International Journal of Pharmaceutics X
1954,International Workshop “A Multidisciplinary Approach to Embrace Complexity and Sustainability in Megaprojects
1955,International Conference of Reliable Information and Communication Technology
1956,International Conference on Monte Carlo and Quasi-Monte Carlo Methods in Scientific Computing
1957,Biochemical Engineering Journal
1958,"Griffiths School of Management and IT Annual Conference on Business, Entrepreneurship and Ethics"
1959,IFToMM International Symposium on Robotics and Mechatronics
1960,Workshop on e-Business
1961,Small
1962,EAI International Conference on Renewable Energy and Sustainable Manufacturing
1963,Lwt
1964,Journal of Software Maintenance and Evolution: Research and Practice
1965,Journal of Software Maintenance: Research and Practice
1966,Journal of Software: Evolution and Process
1967,Small Methods
1968,Solar RRL
1969,Software: Practice and Experience
1970,Software Process: Improvement and Practice
1971,SECURITY AND PRIVACY
1972,Systems Research and Behavioral Science
1973,New Directions for Student Services
1974,Starch - Stärke
1975,International Probabilistic Workshop
1976,"Software Testing, Verification and Reliability"
1977,Symbolic Interaction
1978,Smart Services Summit
1979,Systems Engineering
1980,The Structural Design of Tall and Special Buildings
1981,TAXON
1982,The Chemical Record
1983,Journal of Research in Science Teaching
1984,Computer Networks
1985,International Conference on Mobile Multimedia Communications
1986,IFIP International Conference on Information Security Theory and Practice
1987,IEEJ Transactions on Electrical and Electronic Engineering
1988,International Conference on Space Operations
1989,Thunderbird International Business Review
1990,New Directions for Teaching and Learning
1991,Environmental Toxicology
1992,The Plant Genome
1993,Environmental Quality Management
1994,Alzheimer's &amp; Dementia: Translational Research &amp; Clinical Interventions
1995,The Reading Teacher
1996,Ultrasound in Obstetrics &amp; Gynecology
1997,International conference on Responsible water Management and Circular Economy
1998,The Journal of Visualization and Computer Animation
1999,WIREs Water
2000,WIREs Climate Change
2001,Conference on Integrated Computer Technologies in Mechanical Engineering–Synergetic Engineering
2002,Wireless Communications and Mobile Computing
2003,WIREs Computational Molecular Science
2004,"International Conference on the Integration of Constraint Programming, Artificial Intelligence, and Operations Research"
2005,WIREs Cognitive Science
2006,Wind Energy
2007,WIREs Energy and Environment
2008,WIREs Computational Statistics
2009,WIREs Data Mining and Knowledge Discovery
2010,International Conference on Mathematics and Computation in Music
2011,World Medical &amp; Health Policy
2012,WIREs Nanomedicine and Nanobiotechnology
2013,World Psychiatry
2014,NASA Formal Methods Symposium
2015,International Conference on Cognitive Computing and Information Processing
2016,International Scientific Conference Civil Engineering and Buildings Services
2017,WIREs Systems Biology and Medicine
2018,X-Ray Spectrometry
2019,Yeast
2020,ZAMM - Journal of Applied Mathematics and Mechanics / Zeitschrift für Angewandte Mathematik und Mechanik
2021,Zoo Biology
2022,Quaternary Research
2023,Classroom Companion: Business
2024,Lecture Notes in Computer Science
2025,Systematic Reviews in Educational Research
2026,American Journal of Community Psychology
2027,Formal Aspects of Computing
2028,Research in Veterinary Science
2029,"Knee Surgery, Sports Traumatology, Arthroscopy"
2030,Psychometrika
2031,Marine Chemistry
2032,Human Factors and Ergonomics Malaysia Biennial Conference
2033,International Symposium on Combinatorial Optimization
2034,American Journal of Clinical Nutrition
2035,Materials Science and Engineering A
2036,Population Ecology
2037,Lipids
2038,Journal of the American Oil Chemists' Society
2039,Journal of High Energy Physics
2040,Social Psychiatry and Psychiatric Epidemiology
2041,Journal of Cryptology
2042,AI &amp; SOCIETY
2043,International Workshop on Multi-Agent Systems and Agent-Based Simulation
2044,Structural and Multidisciplinary Optimization
2045,The Astronomy and Astrophysics Review
2046,The International Journal of Advanced Manufacturing Technology
2047,Empirical Economics
2048,Analytical and Bioanalytical Chemistry
2049,European Journal of Nuclear Medicine and Molecular Imaging
2050,Environmental Management
2051,World Journal of Surgery
2052,OR Spectrum
2053,European Radiology
2054,Advances in Atmospheric Sciences
2055,Human Genetics
2056,Soft Computing
2057,Neural Computing and Applications
2058,Annales Geophysicae
2059,IFIP International Workshop on Artificial Intelligence for Knowledge Management
2060,Journal of Marine Science and Technology
2061,Microscopy and Microanalysis
2062,Chinese Journal of Mechanical Engineering
2063,Virtual Reality
2064,Bulletin of Engineering Geology and the Environment
2065,Journal of the European Mathematical Society
2066,Regional Environmental Change
2067,Annual Privacy Forum
2068,Journal of Digital Imaging
2069,Environmental Chemistry Letters
2070,Artificial Intelligence Review
2071,International Work-Conference on the Interplay Between Natural and Artificial Computation
2072,Thin Solid Films
2073,Annals of Operations Research
2074,Asia Pacific Journal of Management
2075,Language Resources and Evaluation
2076,Climatic Change
2077,Computational Economics
2078,Data Mining and Knowledge Discovery
2079,Documenta Ophthalmologica
2080,Education and Information Technologies
2081,Educational Psychology Review
2082,European Journal of Epidemiology
2083,"Environment, Development and Sustainability"
2084,Experimental Economics
2085,Higher Education
2086,Information Systems Frontiers
2087,Journal of Autism and Developmental Disorders
2088,Journal of Automated Reasoning
2089,Journal of Computer-Aided Molecular Design
2090,Journal of Materials Science
2091,Journal of Genetic Counseling
2092,Journal of Global Optimization
2093,Journal of Scientific Computing
2094,Journal of Medical Systems
2095,Journal of Science Education and Technology
2096,Machine Learning
2097,Minds and Machines
2098,Mobile Networks and Applications
2099,Multimedia Tools and Applications
2100,Natural Resources Research
2101,Natural Hazards
2102,Quality &amp; Quantity
2103,Review of Accounting Studies
2104,Small Business Economics
2105,The Journal of Supercomputing
2106,International Journal of Computer Vision
2107,International Conference on Intelligent Computing for Sustainable Development
2108,"Water, Air, &amp; Soil Pollution"
2109,Wireless Personal Communications
2110,Ecological Research
2111,Management Review Quarterly
2112,Food Chemistry Molecular Sciences
2113,GeroScience
2114,International Entrepreneurship and Management Journal
2115,Energy Nexus
2116,Educational Technology Research and Development
2117,Science China Information Sciences
2118,International Journal of Mental Health and Addiction
2119,TechTrends
2120,Bulletin of Mathematical Biology
2121,La radiologia medica
2122,Japanese Journal of Radiology
2123,Sustainability Science
2124,International Journal of Automation and Computing
2125,Machine Intelligence Research
2126,Archives of Osteoporosis
2127,Nanoscale Research Letters
2128,Journal of Forestry Research
2129,Frontiers of Computer Science
2130,Journal of the Academy of Marketing Science
2131,Archives of Computational Methods in Engineering
2132,Irish Journal of Medical Science (1971 -)
2133,Review of Managerial Science
2134,Science and Engineering Ethics
2135,Annals of Behavioral Medicine
2136,Transactions of Tianjin University
2137,Building Simulation
2138,Journal of Microbiology
2139,International Journal of Applied Earth Observation and Geoinformation
2140,European View
2141,International Journal of Social Robotics
2142,International Conference on Autonomous Systems
2143,International Operational Modal Analysis Conference
2144,Electronic Markets
2145,Biophysical Reviews
2146,International Conference on Applications and Theory of Petri Nets and Concurrency
2147,Cognitive Computation
2148,International Conference on Geospatial Information Sciences
2149,Journal of the Geological Society of India
2150,Business &amp; Information Systems Engineering
2151,Journal of the Knowledge Economy
2152,AMS Review
2153,Journal of Internet Services and Applications
2154,KI - Künstliche Intelligenz
2155,Protein &amp; Cell
2156,Drug Delivery and Translational Research
2157,Philosophy &amp; Technology
2158,International Conference on Artificial Intelligence and Smart Energy
2159,Demography
2160,Agronomy for Sustainable Development
2161,Annals of Forest Science
2162,International Journal of Disaster Risk Science
2163,Biointerphases
2164,Perspectives on Medical Education
2165,Global Journal of Flexible Systems Management
2166,Advances in Manufacturing
2167,Ecotoxicology and Environmental Safety
2168,Quantitative Biology
2169,Friction
2170,International Journal of Artificial Intelligence in Education
2171,Lexicography
2172,International Journal of Precision Engineering and Manufacturing-Green Technology
2173,Business Research
2174,Journal of Computers in Education
2175,Complex &amp; Intelligent Systems
2176,Journal of Industrial and Business Economics
2177,Nano-Micro Letters
2178,Carbohydrate Polymer Technologies and Applications
2179,Journal of the Economic Science Association
2180,Progress in Additive Manufacturing
2181,Data Science and Engineering
2182,International Journal of Data Science and Analytics
2183,"PFG – Journal of Photogrammetry, Remote Sensing and Geoinformation Science"
2184,Applied Network Science
2185,Living Reviews in Relativity
2186,Electrochemical Energy Reviews
2187,European Geriatric Medicine
2188,Journal of Bionic Engineering
2189,SN Applied Sciences
2190,SN Computer Science
2191,Operations Research Forum
2192,AI and Ethics
2193,Discover Artificial Intelligence
2194,International Journal of Computational Intelligence Systems
2195,International Conference Innovation in Engineering
2196,Journal of Adolescence
2197,Biology of the Cell
2198,Journal of Operations Management
2199,International Conference on Business Analytics in Practice
2200,Journal of Product Innovation Management
2201,European Medical and Biological Engineering Conference
2202,Financial Services Review
2203,Journal of Accounting Literature
2204,Applied Computing and Informatics
2205,Procedia Computer Science
2206,Australasian Marketing Journal
2207,Canadian Association of Radiologists Journal
2208,Comptes Rendus. Physique
2209,Comptes Rendus. Mathématique
2210,Comptes Rendus. Géoscience
2211,Comptes Rendus. Biologies
2212,"Alzheimer's &amp; Dementia: Diagnosis, Assessment &amp; Disease Monitoring"
2213,European Journal of Cardiovascular Nursing
2214,European Journal of Pain
2215,European Psychiatry
2216,"Design, Simulation, Manufacturing: The Innovation Exchange"
2217,Southwest Data Science Conference
2218,"Genomics, Proteomics &amp; Bioinformatics"
2219,International Conference on Dependability of Computer Systems
2220,ICES Journal of Marine Science
2221,International Journal of Gynecology &amp; Obstetrics
2222,International Journal of Surgery
2223,JALA: Journal of the Association for Laboratory Automation
2224,Journal of Computational Design and Engineering
2225,Developmental Cell
2226,Journal of Management
2227,Journal of Midwifery &amp; Women's Health
2228,International Conference on Smart Technologies & Education
2229,International Conference on Internet of Everything and Quantum Information Processing
2230,Ceramics International
2231,Composites Part B Engineering
2232,Cleaner Materials
2233,The Journal of Sexual Medicine
2234,The Kaohsiung Journal of Medical Sciences
2235,Molecular Oncology
2236,Otolaryngology–Head and Neck Surgery
2237,PM&amp;R
2238,Policy and Society
2239,Journal of Network and Computer Applications
2240,Studies in Mycology
2241,AORN Journal
2242,"International Conference on Machine Learning, Image Processing, Network Security and Data Sciences"
2243,Annals of the ICRP
2244,Argentine Congress of Computer Science
2245,International Workshop on Civil Structural Health Monitoring
2246,"Annales de l'Institut Henri Poincaré C, Analyse non linéaire"
2247,International Congress on Engineering and Food
2248,Psychiatry Research Neuroimaging
2249,International Symposium on Ubiquitous Networking
2250,Continental Shelf Research
2251,Communist and Post-Communist Studies
2252,International Conference on e-Health and Bioengineering
2253,Computer Fraud &amp; Security
2254,Investigación en Educación Médica
2255,Journal of Biological Chemistry
2256,Animal Science
2257,International Conference for Information and Communication Technologies
2258,Business and Politics
2259,Behavioural Public Policy
2260,The First International Conference & Expo on Green Science
2261,Journal of the American College of Cardiology
2262,International Conference on Coordination Models and Languages
2263,International Symposium on Methodologies for Intelligent Systems
2264,International Conference on Information and Communication Technologies for Ageing Well and e-Health 
2265,Conference of the Spanish Association for Artificial Intelligence
2266,National Conference on New Trends in Information and Communications Technology Applications
2267,IBIMA Conference on Artificial intelligence and Machine Learning
2268,International Conference on Computers Helping People with Special Needs
2269,International Conference on Forthcoming Networks and Sustainability in the AIoT Era
2270,International Conference on the Behaviour of Steel Structures in Seismic Areas
2271,IFIP World Conference on Information Security Education
2272,The University of Bath Online Publications Store (The University of Bath)
2273,       (2005)     
2274,Journal of Genetics and Genomics
2275,International Conference GIRE3D Participatory and Integrated Management of Water Resources in Arid Zones
2276,International Conference On Artificial Intelligence Of Things For Smart Societies
2277,Conference on Research in Computer Science
2278,International Conference on New Media Pedagogy
2279,Journal of Organometallic Chemistry
2280,International Conference on Advances in Civil Infrastructure and Construction Materials
2281,International Conference on Wider-Uptake of Water Resource Recovery from Wastewater Treatment
2282,IWA Regional Membrane Technology Conference
2283,International Conference on Innovation and Research
2284,International Joint Conference on Automated Reasoning
2285,"International Conference on Safety, Health and Welfare in Agriculture and Agro-food Systems"
2286,Conference on Advances in Robust Argumentation Machines
2287,International Baltic Conference on Digital Business and Intelligent Systems
2288,International Conference on Maintenance and Rehabilitation of Pavements
2289,International Symposium on Experimental Robotics
2290,Conference of European Statistics Stakeholders
2291,International Conference on Explainable Artificial Intelligence in the Digital Sustainability
2292,International Workshop on Engineering Methodologies for Medicine and Sport
2293,Molecular Therapy Oncolytics
2294,International Conference on Rigorous State-Based Methods
2295,Nuclear Instruments and Methods in Physics Research Section B Beam Interactions with Materials and Atoms
2296,Computer Communications
2297,Industrial Crops and Products
2298,Life Sciences
2299,Geoderma
2300,Latin American Workshop on Computational Neuroscience
2301,"International Conference on Smart and Sustainable Developments in Materials, Manufacturing and Energy Engineering"
2302,Italian Forum of Ambient Assisted Living
2303,International Symposium on Superalloys
2304,Conference on Current Problems of Applied Mathematics and Computer Systems
2305,Educational Studies Faculty Works
2306,International Conference on Information Technology in Disaster Risk Reduction
2307,Estuarine Coastal and Shelf Science
2308,http://assets.cambridge.org/97805218/49357/frontmatter/9780521849357_frontmatter.pdf
2309,International Symposium on Business Modeling and Software Design
2310,IFAC Journal of Systems and Control
2311,X Workshop in R&D+i & International Workshop on STEM of EPS
2312,International Conference of the African Association of Remote Sensing and the Environment
2313,International Conference on 3D Construction Printing 
2314,Tetrahedron
2315,Mathematical and Statistical Methods for Actuarial Sciences and Finance
2316,Conference on Computability in Europe
2317,Scientific Meeting of the Italian Statistical Society
2318,International Conference on Information Management
2319,Saudi International Conference On Nuclear Power Engineering
2320,International Congress on Mathematical Software
2321,Journal of Rail Transport Planning and Management
2322,The International Conference of IFToMM ITALY
2323,International Conference on Human-Centred Software Engineering
2324,International Symposium on Theoretical Aspects of Software Engineering
2325,Journal of Cardiovascular Magnetic Resonance
2326,Chemico Biological Interactions
2327,Ecological Modelling
2328,International Conference on Innovative Mobile and Internet Services in Ubiquitous Computing
2329,Rand health quarterly
2330,Psychiatry Research
2331,Veterinary Microbiology
2332,Desalination and Water Treatment
2333,International Conference on Smart Technology
2334,The International Workshop on Big Data and Business Intelligence
2335,Thermochimica Acta
2336,Applied Soft Computing Journal
2337,Artificial Intelligence
2338,Journal of Constructional Steel Research
2339,"International Conference on Heterogeneous Networking for Quality, Reliability, Security and Robustness"
2340,Progress in Optics
2341,Advances in Clinical Chemistry
2342,IFIP Annual Conference on Data and Applications Security and Privacy
2343,http://www.cs.princeton.edu/theory/complexity/book.pdf
2344,Applied Research Conference in Africa  
2345,Computational Materials Science
2346,"International Conference on Machine Intelligence, Tools, and Applications"
2347,Journal of Chemical Thermodynamics
2348,Conference on Learning Factories
2349,Calphad Computer Coupling of Phase Diagrams and Thermochemistry
2350,Taxon
2351,International Conference on Energy Efficiency in Motor Driven Systems
2352,The International Conference on Innovations in Computing Research
2353,Toxicology in Vitro
2354,International Conference on Banking and Finance Perspectives
2355,International Conference on Computer Aided Verification
2356,International conference on From Smart City to Smart Factory for Sustainable Future
2357,"International Scientific Conference “Digital Transformation of the Economy: Challenges, Trends, New Opportunities”"
2358,International Joint Conference on Rough Sets
2359,International Journal of Plasticity
2360,International Workshop on Statistical Modelling
2361,Journal of Open Innovation Technology Market and Complexity
2362,World Conference on Qualitative Research
2363,Drug and Alcohol Dependence
2364,International Conference on Industrial Engineering
2365,International conference on water Problems in Mediterranean countries
2366,Electronic Notes in Theoretical Computer Science
2367,Research Conference on Metadata and Semantics Research
2368,International Conference on Soft Methods in Probability and Statistics
2369,International Conference on Breaking Barriers with Generative Intelligence
2370,"International Conference on Verified Software: Theories, Tools, and Experiments"
2371,International Conference on Architecture of Computing Systems
2372,International Symposium on Model Checking Software
2373,Scientific Days of Doctoral School of Mathematics and Computer Sciences International Conference
2374,Global Physical Climatology Second Edition
2375,International Journal of Clinical and Health Psychology
2376,Combustion and Flame
2377,eweb:3078
2378,Schizophrenia Research
2379,Cancer Letters
2380,Journal of Laboratory Automation
2381,Journal of Biomolecular Screening
2382,Nuclear Physics A
2383,Library 3 0 Intelligent Libraries and Apomediation
2384,International Conference on Engineering of Complex Computer Systems
2385,International Conference on Software and Software Reuse
2386,Hearing Research
2387,Complete Business Process Handbook Body of Knowledge from Process Modeling to Bpm
2388,International Scientific-Practical Conference
2389,Molecular Immunology
2390,International Conference on Computational Heat and Mass Transfer
2391,Mechanical Systems and Signal Processing
2392,Synthetic Metals
2393,Perspectives in Plant Ecology Evolution and Systematics
2394,Ksce Journal of Civil Engineering
2395,"International Conference on Smart Medical, IoT & Artificial Intelligence"
2396,World Conference on Seismic Isolation
2397,International Conference on Soft Computing and Data Mining
2398,The IAVSD International Symposium on Dynamics of Vehicles on Roads and Tracks
2399,International Conference on Implications of Information and Digital Technologies for Development
2400,"International Conference on Analysis of Images, Social Networks and Texts"
2401,"International Workshop on Self-Organizing Maps, Learning Vector Quantization & Beyond"
2402,Re Engineering Clinical Trials Best Practices for Streamlining the Development Process
2403,Virus Research
2404,Anti Abrasive Nanocoatings Current and Future Applications
2405,Journal of Biomechanics
2406,International Symposium on Asphalt Pavement & Environment
2407,International Conference on AI in Healthcare
2408,European Conference on Mechanism Science
2409,"International Conference on Design, Learning, and Innovation"
2410,International scientific-practical conference
2411,International Conference on Higher Education Learning Methodologies and Technologies Online
2412,IFToMM Symposium on Mechanism Design for Robotics
2413,Conference of Metallurgists
2414,"International Conference on Information, Intelligence, Systems, and Applications"
2415,Automated Road Transportation Symposium
2416,IFToMM Asian conference on Mechanism and Machine Science
2417,Nuclear Physics B
2418,International Workshop on Trustworthy Artificial Intelligence for Healthcare
2419,International Conference on Data Analytics and Management in Data Intensive Domains
2420,International Joint Conference on Conceptual Knowledge Structures
2421,Comprehensive Sampling and Sample Preparation Analytical Techniques for Scientists
2422,International Conference on Belief Functions
2423,Applied Animal Behaviour Science
2424,Critical Reviews in Oncology Hematology
2425,Seldin and Giebisch S the Kidney Physiology and Pathophysiology
2426,Journal of Environmental Management
2427,Journal of Experimental Marine Biology and Ecology
2428,Sedimentary Geology
2429,National conference on Recent Technologies and Innovations in Electronics and Photonics
2430,"IMAC, A Conference and Exposition on Structural Dynamics"
2431,Clinica Chimica Acta
2432,Design Modelling Symposium Berlin
2433,Annual International Cryptology Conference
2434,International Conference on Quantitative Evaluation of Systems and Formal Modeling and Analysis of Timed Systems
2435,EUROSIM Congress
2436,Chemistry and Biology
2437,Veterinary Parasitology
2438,Computational and Theoretical Chemistry
2439,Clinics
2440,International Conference on Artificial Intelligence and Knowledge Processing
2441,INTERNATIONAL CONFERENCE ON LOGISTICS OPERATIONS MANAGEMENT
2442,International Conference on “Global Changes and Sustainable Development in Asian Emerging Market Economies
2443,Pedobiologia
2444,Cell Physiology Source Book Essentials of Membrane Biophysics
2445,International Conference on Data Management Technologies and Applications
2446,Procedia Social and Behavioral Sciences
2447,International Conference on Congress of the Portuguese Statistical Society
2448,Carbohydrate Research
2449,"International Conference on Innovation, Sustainability, and Applied Sciences"
2450,Procedia Engineering
2451,The International Conference on Mathematical Research for Blockchain Economy
2452,International Sports Analytics Conference and Exhibition
2453,International Conference on Innovations and Advances in Cognitive Systems
2454,"International Conference on Computer Science, Electronics and Industrial Engineering (CSEI)"
2455,International conference on Model-Based Reasoning
2456,Olympus International Conference on Supply Chains
2457,International Conference on Artificial Intelligence for Society
2458,"The International Conference on Net-Zero Civil Infrastructures: Innovations in Materials, Structures, and Management Practices (NTZR)"
2459,International Conference on Privacy in Statistical Databases
2460,International Conference on Recent Advancements in Materials Science and Technology
2461,International Conference on Advances in Computational Intelligence
2462,"International Conference on Complex, Intelligent, and Software Intensive Systems"
2463,RILEM International Conference on Concrete and Digital Fabrication
2464,International Conference on Parallel Problem Solving from Nature
2465,International Conference on Human Haptic Sensing and Touch Enabled Computer Applications
2466,International Conference on the Theory of Machines and Mechanisms
2467,RILEM Spring Convention and Conference
2468,Advanced Vehicle Control Symposium
2469,International Conference on Connected Objects and Artificial Intelligence
2470,Landscape and Urban Planning
2471,Advances in Medical Sciences
2472,Journal of Molecular Structure THEOCHEM
2473,International Tunisian Congress of Mechanics
2474,International Workshop on Document Analysis Systems
2475,International Symposium on Industrial Engineering and Automation
2476,Neuroscience Letters
2477,Journal of Immunological Methods
2478,Respiratory Physiology and Neurobiology
2479,Journal of Hydrology
2480,Atherosclerosis Supplements
2481,International Conference on Applied Engineering and Innovative Technologies
2482,Journal of Environmental Sciences
2483,Annals of Oncology
2484,Molecular and Cellular Proteomics
2485,Advances in Imaging and Electron Physics
2486,Solid State Ionics
2487,Molecules and Cells
2488,Methods in Cell Biology
2489,Journal of Volcanology and Geothermal Research
2490,International Symposium on Farm Machinery and Processes Management in Sustainable Agriculture
2491,International Scientific Conference “Intellectual Systems of Decision Making and Problem of Computational Intelligence”
2492,Central European Conference on Logistics
2493,Papers in Regional Science
2494,Progress in Brain Research
2495,International Conference on Geoinformatics for Spatial-Infrastructure Development in Earth & Allied Sciences
2496,International Conference on Geometry and Graphics
2497,Developments in Marine Geology
2498,IFIP International Conference on Digital Forensics
2499,International Symposium on Algorithmic Game Theory
2500,Advances in Insect Physiology
2501,Autonomic Neuroscience Basic and Clinical
2502,International Conference on Security and Cryptography for Networks
2503,Drug Discovery Today Disease Models
2504,CNS Regeneration Basic Science and Clinical Advances
2505,Materials Chemistry and Physics
2506,International Conference on Emerging Trends in Mathematical Sciences & Computing
2507,Chemie Der Erde
2508,Medical Laser Application
2509,Maturitas
2510,Journal of Safety Research
2511,Agroecological Economics Sustainability and Biodiversity
2512,Product Development A Structured Approach to Design and Manufacture
2513,Citrus Fruit Biology Technology and Evaluation
2514,Comptes Rendus Mathematique
2515,Geochimica Et Cosmochimica Acta
2516,Surface Science
2517,International Conference on “Conservation of Architectural Heritage: Sustainability
2518,International Conference on Neural-Symbolic Learning and Reasoning
2519,Developmental Biology
2520,International Conference on Intelligence Science
2521,International Conference on Theory and Application of Diagrams
2522,"EAI International Conference on AI for People, Democratizing AI"
2523,Analytical Biochemistry
2524,Toxicon
2525,Biological Psychiatry
2526,Drug Discovery Today Technologies
2527,International Workshop on Graph-Based Approaches in Information Retrieval
2528,Journal of Molecular Catalysis A Chemical
2529,Physics of the Earth and Planetary Interiors
2530,Physics Letters Section B Nuclear Elementary Particle and High Energy Physics
2531,Structure
2532,International Journal of Educational Research
2533,Journal for Nature Conservation
2534,International Conference on Society 5.0
2535,Information Security Technical Report
2536,Russian Geology and Geophysics
2537,International Conference on Artificial Intelligence and its Applications in the Age of Digital Transformation
2538,International Conference on Wireless Artificial Intelligent Computing Systems and Applications
2539,Toxicology Letters
2540,Journal of Catalysis
2541,International Conference on Computation of Artificial Intelligence & Machine Learning
2542,Advanced Drug Delivery Reviews
2543,Journal of Contaminant Hydrology
2544,Learning and Individual Differences
2545,Electronic Commerce Research and Applications
2546,Optik
2547,Environmental Hazards
2548,Systematic and Applied Microbiology
2549,Cancer Imaging
2550,Physiology and Behavior
2551,International Journal of Mineral Processing
2552,International Conference on Digital Product Management
2553,Virology
2554,Zeitschrift Fur Medizinische Physik
2555,International Conference on Simulation of Adaptive Behavior
2556,Pain
2557,Current Anaesthesia and Critical Care
2558,International Conference on Cellular Automata for Research and Industry
2559,Journal of Hydro Environment Research
2560,Cancer Detection and Prevention
2561,Marine Pollution Bulletin
2562,Zoologischer Anzeiger
2563,Image and Vision Computing
2564,Microprocessors and Microsystems
2565,Ultrananocrystalline Diamond Synthesis Properties and Applications
2566,Forest Policy and Economics
2567,Journal of Non Newtonian Fluid Mechanics
2568,International Conference on Computational Methods in Systems Biology
2569,Bioprocessing for Value Added Products from Renewable Resources New Technologies and Applications
2570,Hydrogen Bond and the Water Molecule the Physics and Chemistry of Water Aqueous and Bio Media
2571,Tetrahedron Asymmetry
2572,Advances in Protein Chemistry
2573,Polyhedron
2574,Stress and Addiction Biological and Psychological Mechanisms
2575,Advances in Colloid and Interface Science
2576,Wear
2577,International Conference on Computing Systems and Applications
2578,International Conference of Ar.Tec. (Scientific Society of Architectural Engineering)
2579,"International Conference on Advances in Energy, Research, Material Science and Built Environment"
2580,Annual Conference of the European Association for Architectural Education
2581,International Workshop on Algorithmic Bias in Search and Recommendation
2582,Marine Geology
2583,"International Conference on Innovations in Technology, Business and Transformation"
2584,Indagationes Mathematicae
2585,Advances in Ecological Research
2586,Value in Health Regional Issues
2587,International Workshop on Advanced Information Security Management and Applications
2588,"Conference on e-Business, e-Services and e-Society"
2589,International Conference on Modelling and Simulation of Social-Behavioural Phenomena in Creative Societies
2590,International Workshop on AI in Drug Discovery
2591,MICCAI Challenge on Semi-supervised Tooth Segmentation
2592,Annals of Vascular Surgery
2593,Journal of Critical Care
2594,International Conference on Natural Resources and Sustainable Environmental Management
2595,International Association for the Management of Technology Conference
2596,EAI International Conference on Body Area Networks
2597,International Conference on Advanced Materials Manufacturing and Structures
2598,Symposium and Summer School on Service-Oriented Computing
2599,Nutrition
2600,MICCAI Workshop on Deep Generative Models
2601,International Conference on Algorithms and Computational Theory for Engineering Applications
2602,Geoenergy Science and Engineering
2603,Advanced Powder Materials
2604,Control Engineering Practice
2605,Diagnostic Microbiology and Infectious Disease
2606,Ocean Modelling
2607,Seminars in Oncology
2608,IUTAM symposium on Nonlinear dynamics for design of mechanical systems across different length/time scales
2609,Carbon
2610,International Workshop on Computational Color Imaging
2611,Annals of Diagnostic Pathology
2612,Stochastic Processes and their Applications
2613,International Conference on Advances in Artificial Intelligence and Machine Learning in Big Data Processinging
2614,Ecological Engineering
2615,Jaad International
2616,Gait and Posture
2617,American Heart Journal
2618,Aquacultural Engineering
2619,Water Research
2620,Building and Environment
2621,"Joint International Conference on AI, Big Data and Blockchain"
2622,Workshop on Agents and Robots for reliable Engineered Autonomy
2623,International Conference on Creative Mathematical Sciences Communication
2624,International Brick and Block Masonry Conference
2625,Microelectronic Engineering
2626,Bioresource Technology
2627,Information and Management
2628,Decision Support Systems
2629,Research Policy
2630,Journal of World Business
2631,Novel & Intelligent Digital Systems Conferences
2632,Transportation Geotechnics
2633,Ophthalmology Science
2634,Assessing Writing
2635,Journal of Professional Nursing
2636,International Conference on Mathematical Optimization Theory and Operations Research
2637,Information and Software Technology
2638,Patient Education and Counseling
2639,Microelectronics Journal
2640,Chinese Chemical Letters
2641,Minerals Engineering
2642,Educacion Medica
2643,Safety Science
2644,Journal of Aerosol Science
2645,International Conference on Information Technologies and Their Applications
2646,Journal of Surgical Education
2647,Heart and Lung
2648,Advanced Engineering Informatics
2649,Journal of Clinical and Experimental Hepatology
2650,European Journal of Radiology
2651,International Workshop on Foundation Models for General Medical AI
2652,"International Conference on Informatics in Schools: Situation, Evolution, and Perspectives"
2653,International Workshop on Biomedical Image Registration
2654,"International Conference on Cyber Warfare, Security and Space Computing"
2655,Journal of Medical Imaging and Radiation Sciences
2656,Environmental Modelling and Software
2657,Journal of Clinical Neuroscience
2658,Radiotherapy and Oncology
2659,Currents in Pharmacy Teaching and Learning
2660, International Scientific Conference on Business and Economics
2661,International Scientific Conference on Business and Economics
2662,Ageing Research Reviews
2663,Trac Trends in Analytical Chemistry
2664,Journal of Business Research
2665,Journal of Experimental Social Psychology
2666,Journal of Virological Methods
2667,Open Respiratory Archives
2668,Internet and Higher Education
2669,Journal of Environmental Radioactivity
2670,Journal of Systems Architecture
2671,Journal of Drug Delivery Science and Technology
2672,Energy Policy
2673,International Conference on Security and Privacy in New Computing Environments
2674,"Meeting of Research in Music, Arts and Design"
2675,International Symposium on Leveraging Applications of Formal Methods
2676,Solar Energy
2677,Journal of Orthopaedics
2678,"International Conference on Advances in Environmental Sustainability, Energy and Earth Science"
2679,"International and Interdisciplinary Conference on Digital Environments for Education, Arts and Heritage"
2680,Anaesthesia Critical Care and Pain Medicine
2681,System
2682,Atmospheric Research
2683,International Conference on Flow Induced Noise and Vibration Issues and Aspects
2684,International Conference of Sustainable Ecological Engineering Design for Society
2685,International Workshop on Topology- and Graph-Informed Imaging Informatics
2686,Workshop on Digital Transformation in Higher Education
2687,International Conference on Information Processing and Management of Uncertainty in Knowledge-Based Systems
2688,Transportation Research Part E Logistics and Transportation Review
2689,Methods
2690,Biotechnology Advances
2691,Journal of Loss Prevention in the Process Industries
2692,International Conference on Logic Programming and Nonmonotonic Reasoning
2693,Digital Signal Processing A Review Journal
2694,International Conference on Entertainment Computing
2695,Ad Hoc Networks
2696,American Journal of Ophthalmology
2697,"The International Conference on Computing, Communication, Cybersecurity & AI"
2698,Colloids and Surfaces B Biointerfaces
2699,International Conference On Big Data and Internet of Things 
2700,Current Applied Physics
2701,International Communications in Heat and Mass Transfer
2702,Clinical and Translational Radiation Oncology
2703,INTERNATIONAL SYMPOSIUM: New Metropolitan Perspectives
2704,Nurse Education Today
2705,Pesticide Biochemistry and Physiology
2706,International Journal of Refractory Metals and Hard Materials
2707,Materials Science and Engineering R Reports
2708,Trends in Food Science and Technology
2709,Progress in Nuclear Energy
2710,Journal of Analytical and Applied Pyrolysis
2711,Composites Part A Applied Science and Manufacturing
2712,Integration
2713,Journal of Stored Products Research
2714,Precision Engineering
2715,Aerospace Science and Technology
2716,Agricultural Systems
2717,Flow Measurement and Instrumentation
2718,Meat Science
2719,Progress in Energy and Combustion Science
2720,Chaos Solitons and Fractals
2721,Journal of Healthcare Quality Research
2722,Ocean and Coastal Management
2723,Data and Knowledge Engineering
2724,Review of Palaeobotany and Palynology
2725,Experimental Eye Research
2726,Applied Geography
2727,Automatica
2728,Microbiological Research
2729,Accident Analysis and Prevention
2730,Transportation Research Part F Traffic Psychology and Behaviour
2731,Cold Regions Science and Technology
2732,Journal of Molecular Graphics and Modelling
2733,Gastro Hep Advances
2734,Radiography
2735,Archives of Gerontology and Geriatrics
2736,Biochemical Pharmacology
2737,Journal of Business Venturing
2738,Astronomy and Computing
2739,Socio Economic Planning Sciences
2740,Neuropharmacology
2741,Intensive and Critical Care Nursing
2742,Journal of Environmental Sciences China
2743,eweb:1848
2744,https://hal.science/hal-00476128
2745,Journal of Clinical and Translational Science
2746,Data-Centric Engineering
2747,Disaster Medicine and Public Health Preparedness
2748,Proceedings of the Design Society: International Conference on Engineering Design
2749,Design Science
2750,Episteme
2751,"Forum of Mathematics, Pi"
2752,Government and Opposition
2753,High Power Laser Science and Engineering
2754,Infection Control &amp; Hospital Epidemiology
2755,Industrial and Organizational Psychology
2756,Journal of Fluid Mechanics
2757,Journal of Management &amp; Organization
2758,Journal of Nutritional Science
2759,Political Analysis
2760,Political Science Research and Methods
2761,Radiocarbon
2762,The Aeronautical Journal
2763,Aeronautical Quarterly
2764,American Political Science Review
2765,International Conference on Intelligent Computing and Big Data Analytics
2766,The International Conference on Environmental Protection and Disaster Risks
2767,International Conference on Decision and Game Theory for Security
2768,Antiquity
2769,European Journal of Sociology
2770,Bulletin of the Australian Mathematical Society
2771,British Journal of Nutrition
2772,Future of Higher Education – Bologna Process Researchers Conference
2773,British Journal of Political Science
2774,International Conference on Artificial Intelligence and Speech Technology
2775,"International Conference on Computing Science, Communication and Security"
2776,British Journal of Psychiatry
2777,Canadian Journal of Political Science
2778,The China Quarterly
2779,The Classical Quarterly
2780,Comparative Studies in Society and History
2781,Developmental Medicine &amp; Child Neurology
2782,Dialogue
2783,Proceedings of the Edinburgh Mathematical Society
2784,Experimental Agriculture
2785,Genetical Research
2786,International Conference on Digital Age & Technological Advances for Sustainable Development
2787,Genetics Research
2788,Geological Magazine
2789,Glasgow Mathematical Journal
2790,Greece and Rome
2791,The Historical Journal
2792,Journal of the Institute of Actuaries
2793,International and Comparative Law Quarterly
2794,International Journal of Middle East Studies
2795,International Legal Materials
2796,International Organization
2797,"International Symposium on Global Trends in Health, Technology and Management"
2798,"International Conference on Concrete Repair, Rehabilitation and Retrofitting"
2799,International Review of the Red Cross
2800,The Journal of Agricultural Science
2801,Journal of Applied Probability
2802,The Journal of Economic History
2803,International Conference on Intelligent Systems in Computing and Communication
2804,Journal of Financial and Quantitative Analysis
2805,International Conference on Urban Planning and Architectural Design for Sustainable Development
2806,International Conference on Machine Learning Algorithms
2807,"International Conference on Intelligent Computing, Smart Communication and Network Technologies"
2808,"International conference on Environmental Design, Material Science, and Engineering Technologies"
2809,International Conference on Scalable Uncertainty Management
2810,International Conference on Computer Applications in Industry and Engineering
2811,Business Systems Laboratory International Symposium
2812,European Robotics Forum
2813,Journal of Glaciology
2814,Epidemiology and Infection
2815,Journal of Latin American Studies
2816,Journal of Linguistics
2817,The Journal of Modern African Studies
2818,International Conference on Inforatmion Technology in Geo-Engineering
2819,Journal of Plasma Physics
2820,Latin American Research Review
2821,Bulletin of the London Mathematical Society
2822,Journal of the Marine Biological Association of the United Kingdom
2823,International Workshop on Ambient Assisted Living
2824,Modern Asian Studies
2825,Nagoya Mathematical Journal
2826,Proceedings of the Nutrition Society
2827,GIMC-SIMAI Workshop for Young Scientists
2828,Oryx
2829,Parasitology
2830,Philosophy
2831,Polar Record
2832,Psychological Medicine
2833,International Conference on Computational Intelligence and Generative AI
2834,International Conference on Sustainable and Innovative Mining Practices
2835,IFIP International Conference on Trust Management
2836,The International Workshop on Best-Worst Method
2837,International Conference on Professional Culture of the Specialist of the Future
2838,Quarterly Reviews of Biophysics
2839,The Review of Politics
2840,World Politics
2841,International Conference on Advances in Aerospace and Navigation Systems
2842,Journal of Social Policy
2843,Language in Society
2844,International Conference on Metaverse
2845,International Workshop on Cultural Perspectives of Human-Centered and Technological Innovations
2846,International Conference on Smart Applications and Data Analysis
2847,Psychophysiology
2848,Papers of the British School at Rome
2849,Symposium - International Astronomical Union
2850,Proceedings of the Prehistoric Society
2851,Transactions of the Royal Society of Edinburgh
2852,Memoirs of the Society for American Archaeology
2853,Paleobiology
2854,American Journal of Law &amp;  Medicine
2855,Behavioral and Brain Sciences
2856,Annual conference on Advances in Cyber Security Education
2857,International Conference in Accounting and Finance Innovation
2858,International Conference on NeuroRehabilitation
2859,International Conference on Computing & Emerging Technologies
2860,International Congress of Automotive and Transport Engineering
2861,International Symposium on Dynamic Response and Failure of Composite Materials
2862,International Conference of Production Research – Americas
2863,International Conference on Computational Engineering
2864,International Workshop on Medical Optical Imaging and Virtual Microscopy Image Analysis
2865,Applied Psycholinguistics
2866,Deep Breast Workshop on AI and Imaging for Diagnostic and Treatment Challenges in Breast Care
2867,International Conference on Knowledge Engineering and Knowledge Management
2868,International Conference on Artificial Intelligence and Digital Twin Technology
2869,Ergodic Theory and Dynamical Systems
2870,Journal of Public Policy
2871,Ageing and Society
2872,Review of International Studies
2873,Popular Music
2874,Language Teaching
2875,International Conference on Advances in Mobile Computing and Multimedia Intelligence
2876,Robotica
2877,Earth and Environmental Science Transactions of the Royal Society of Edinburgh
2878,British Journal of Music Education
2879,Social Philosophy and Policy
2880,English Today
2881,Economics and Philosophy
2882,International Journal of Technology Assessment in Health Care
2883,Econometric Theory
2884,Brazilian Symposium on Formal Methods
2885,Journal of Tropical Ecology
2886,Annual Review of Applied Linguistics
2887,The Knowledge Engineering Review
2888,Probability in the Engineering and Informational Sciences
2889,Studies in Second Language Acquisition
2890,Decision Science Alliance International Summer Conference
2891,Journal of Child Language
2892,International Conference on Smart Applications and Sustainability in the Artificial Intelligence of Things
2893,Mathematical Proceedings of the Cambridge Philosophical Society
2894,"International Conference on Embedded Computer Systems: Architectures, Modeling, and Simulation"
2895,Proceedings of the Royal Society of Edinburgh: Section A Mathematics
2896,The Journal of the Australian Mathematical Society. Series B. Applied Mathematics
2897,The Journal of the Royal Aeronautical Society
2898,Proceedings of the Royal Society of Edinburgh
2899,National Statistics Forum
2900,Journal of Navigation
2901,Environmental Conservation
2902,ASTIN Bulletin
2903,Canadian Journal on Aging / La Revue canadienne du vieillissement
2904,Recherches économiques de Louvain
2905,Powder Diffraction
2906,American Journal of Alternative Agriculture
2907,Weed Technology
2908,"Artificial Intelligence for Engineering Design, Analysis and Manufacturing"
2909,Ethics &amp; International Affairs
2910,New Perspectives on Turkey
2911,Studies in American Political Development
2912,Leiden Journal of International Law
2913,International Journal of Cultural Property
2914,Visual Neuroscience
2915,Phonology Yearbook
2916,Phonology
2917,International Conference on Advances in Social Networks Analysis and Mining
2918,Antarctic Science
2919,Language Variation and Change
2920,International Conference on Central European Infrastructure Protection
2921,Nutrition Research Reviews
2922,Development and Psychopathology
2923,Psychology of Sport and Exercise
2924,International Conference on Virtual Reality and Mixed Reality
2925,European Journal of Applied Mathematics
2926,Journal of Clinical Epidemiology
2927,Journal of Functional Programming
2928,ReCALL
2929,Reviews in Clinical Gerontology
2930,Bird Conservation International
2931,Cambridge Archaeological Journal
2932,Mathematical Structures in Computer Science
2933,Acta Numerica
2934,International Conference of Cloud Computing Technologies and Applications
2935,Animal Welfare
2936,Cambridge Quarterly of Healthcare Ethics
2937,"Combinatorics, Probability and Computing"
2938,Prehospital and Disaster Medicine
2939,Computers Environment and Urban Systems
2940,PS: Political Science &amp; Politics
2941,Agricultural and Resource Economics Review
2942,International Conference on Innovative Approaches to the Application of Digital Technologies in Education and Research
2943,The Paleontological Society Papers
2944,CNS Spectrums
2945,Epidemiologia e Psichiatria Sociale
2946,The Spanish Journal of Psychology
2947,Natural Language Engineering
2948,Legal Theory
2949,Behavioural and Cognitive Psychotherapy
2950,Journal of the International Neuropsychological Society
2951,International Arabian-Gulf Security Conference
2952,International Conference on Electronic Design
2953,Environment and Development Economics
2954,Organised Sound
2955,British Actuarial Journal
2956,Royal Institute of Philosophy Supplement
2957,Macroeconomic Dynamics
2958,Bilingualism: Language and Cognition
2959,Animal Conservation
2960,Public Health Nutrition
2961,Journal of the Australian Mathematical Society. Series A. Pure Mathematics and Statistics
2962,Journal of the Australian Mathematical Society
2963,Expert Reviews in Molecular Medicine
2964,Biological Reviews
2965,Theory and Practice of Logic Programming
2966,Social Policy and Society
2967,Journal of Pension Economics and Finance
2968,Twentieth-Century Music
2969,Plant Genetic Resources
2970,Perspectives on Politics
2971,Microscopy Today
2972,Du Bois Review: Social Science Research on Race
2973,Renewable Agriculture and Food Systems
2974,"Health Economics, Policy and Law"
2975,Journal of Institutional Economics
2976,Annals of Actuarial Science
2977,International Theory
2978,European Political Science Review
2979,Computers and Security
2980,Judgment and Decision Making
2981,Short Courses in Paleontology
2982,Global Sustainability
2983,Journal of Experimental Political Science
2984,Review of Finance
2985,Journal of Industrial Information Integration
2986,Therapeutische Umschau
2987,Zeitschrift für Sozialpsychologie
2988,International Journal for Vitamin and Nutrition Research
2989,Zeitschrift für Medienpsychologie
2990,Experimental Psychology
2991,Kuwait Journal of Science
2992,European Journal of Psychological Assessment
2993,European Psychologist
2994,Zeitschrift für Psychologie / Journal of Psychology
2995,Crisis
2996,Journal of Psychophysiology
2997,World Development
2998,Journal of Membrane Science
2999,Methodology
3000,Journal of Media Psychology
3001,Journal of Personnel Psychology
3002,Zeitschrift für Psychologie
3003,Radio Science
3004,International Conference on Arabic Language Processing
3005,Paleoceanography
3006,GIS LATAM Conference
3007,Latin American High Performance Computing Conference
3008,International Conference on Wirtschaftsinformatik
3009,International Conference on Cryptology in India
3010,Global Congress on Manufacturing and Management
3011, International Conference on Biomedical Engineering of the Universiti Malaysia Perlis
3012,Ibero-American Conference on Artificial Intelligence
3013,International Symposium on Emerging Information Security and Applications
3014,Joint IAPR International Workshops on Statistical Techniques in Pattern Recognition (SPR) and Structural and Syntactic Pattern Recognition (SSPR)
3015,International Conference on Machine and Industrial Design in Mechanical Engineering
3016,FIB International Conference on Concrete Sustainability
3017,International Conference of the Digital Transformation Society
3018,International Conference on Data and Information in Online
3019,International Conference on Innovative Intelligent Industrial Production and Logistics
3020,International Conference on Business Data Analytics
3021,International Joint conference on Industrial Engineering and Operations Management
3022,Journal of Geophysical Research: Earth Surface
3023,Indian Conference on Human-Computer Interaction Design and Research
3024,International Conference on Innovation and Emerging Trends in Computing and Information Technologies
3025,International Workshop on Sensor-Based Activity Recognition and Artificial Intelligence
3026,New Astronomy
3027,European Workshop on Performance Engineering
3028,Engineering Failure Analysis
3029,"International Conference on Innovations of Intelligent Informatics, Networking, and Cybersecurity"
3030,Aceh International Workshop and Expo on Sustainable Tsunami Disaster Recovery
3031,Surgical Oncology
3032,Astroparticle Physics
3033,Earth and Space Science
3034,Eos
3035,Journal of Complexity
3036,International Conference on Innovative Research
3037,International Knowledge Graph and Semantic Web Conference
3038,Geotextiles and Geomembranes
3039,International Conference on Numerical Computations: Theory and Algorithms
3040,Ecological Economics
3041,Journal of Arid Environments
3042,Microporous and Mesoporous Materials
3043,New Trends and Challenges in Optimization Theory Applied to Space Engineering
3044,International Scientific Conference on Distance Learning in Applied Informatics
3045,Archives of Oral Biology
3046,Materials Science and Engineering B
3047,International Conference on Optimization and Data Science in Industrial Engineering
3048,"International Conference on Artificial Intelligence: Methodology, Systems, and Applications"
3049,Molecular Phylogenetics and Evolution
3050,International Conference on Smart Environment and Green Technologies
3051,Geosystems and Geoenvironment
3052,Triple Helix Nigeria SciBiz Annual Conference
3053,"International Conference on Materials Physics, Building Structures & Technologies in Construction, Industrial and Production Engineering – MPCPE"
3054,Journal of Development Economics
3055,"International Conference on Psychology, Learning, Technology"
3056,APCA International Conference on Automatic Control and Soft Computing
3057,IEEE International Conference on Cognitive Mobility
3058,Medical Image Segmentation Challenge
3059,International Conference on Computational Technologies and Electronics
3060,International Conference Modern Mechanical Engineering: Science and Education
3061,Clinical Genetics
3062,Tissue Antigens
3063,Acta Psychiatrica Scandinavica
3064,Clinical Oral Implants Research
3065,Community Dentistry and Oral Epidemiology
3066,Orthodontics &amp; Craniofacial Research
3067,Oikos
3068,European Journal of Dental Education
3069,Ecography
3070,International Conference on Recent Trends in Infrastructural Development and Sustainable Materials
3071,"Scientific Conference ""Medical and Sport Technologies”"
3072,Pigment Cell Research
3073,Skin Research and Technology
3074,Traffic
3075,Oral Diseases
3076,"Genes, Brain and Behavior"
3077,Review of General Psychology
3078,European Journal of Human Genetics
3079,EMBO reports
3080,Marine Structures
3081,Immunology &amp; Cell Biology
3082,The ISME Journal
3083,Journal of Cerebral Blood Flow &amp; Metabolism
3084,International Workshop on Discovering Drift Phenomena in Evolving Landscapes
3085,Light: Science &amp; Applications
3086,Microsystems &amp; Nanoengineering
3087,Molecular Systems Biology
3088,Nature
3089,Nature Communications
3090,International Research Conference on Computing Technologies for Sustainable Development
3091,Acta Materialia
3092,International Journal of Multiphase Flow
3093,International Conference on Advancing Sustainable Futures
3094,International Conference on Smart Multimedia
3095,International Conference on Global Mental Health and Public Health Challenges and Innovation
3096,International Conference on Computer-Human Interaction Research and Applications
3097,"International Conference on Verification, Model Checking, and Abstract Interpretation"
3098,International Conference on Biologically Inspired Techniques in Many-Criteria Decision-Making Technologies
3099,Biosensors Bioelectronics
3100,Grabchenko’s International Conference on Advanced Manufacturing Processes
3101,International Conference on Computational Advances in Bio and Medical Sciences
3102,Nature Genetics
3103,Nature Methods
3104,npj Breast Cancer
3105,npj Computational Materials
3106,npj Quantum Information
3107,npj Science of Learning
3108,Nature Precedings
3109,Conference of Recent Trends and Applications of Soft Computing in Engineering
3110,Waste Management
3111,Leukemia
3112,International Conference on Computational & Experimental Engineering and Sciences
3113,International Conference Logistics & Lean Engineering for Advanced Healthcare Methodologies Modelling
3114,International Symposium on Intelligent Computing Systems
3115,International Conference on Recent Advances in Architecture and Construction
3116,International Conference on Computer Aided Systems Theory
3117,Signal Transduction and Targeted Therapy
3118,MICCAI Challenge on Low Field Pediatric Brain Magnetic Resonance Image Segmentation and Quality Assurance
3119,International Workshop on Socio-Technical Aspects in Security
3120,Translational Psychiatry
3121,Blood Cancer Journal
3122,Bone Research
3123,Cell Discovery
3124,Cellular &amp; Molecular Immunology
3125,NPG Asia Materials
3126,Cement and Concrete Composites
3127,Symposium on Systems Theory in Data and Optimization
3128,International Workshop on Graphs in Biomedical Image Analysis
3129,Geothermics
3130,Journal of Information Security and Applications
3131,Challenge on Head and Neck Tumor Segmentation for MRI-Guided Applications
3132,Transportation Research Part A Policy and Practice
3133,North American Journal of Economics and Finance
3134,Gas Science and Engineering
3135,Conference on Microactuators and Micromechanisms
3136,International Journal of Heat and Fluid Flow
3137,Infrared Physics and Technology
3138,Unconventional Resources
3139,International Database Engineered Applications Symposium
3140,Sensors International
3141,International Biodeterioration and Biodegradation
3142,Journal of African Earth Sciences
3143,Journal of Asian Earth Sciences
3144,Soil Dynamics and Earthquake Engineering
3145,AEU International Journal of Electronics and Communications
3146,Water Cycle
3147,International Conference on Technological Innovation in Multidisciplinary Engineering and Sciences
3148,Micro and Nanostructures
3149,Translational Oncology
3150,Vacuum
3151,Fusion Engineering and Design
3152,International Journal of Mass Spectrometry
3153,Materials Today Communications
3154,International Conference on Calcined Clays for Sustainable Concrete
3155,Biochimica Et Biophysica Acta Proteins and Proteomics
3156,International Conference on Advanced Informatics for Computing Research
3157,ISPRS Journal of Photogrammetry and Remote Sensing
3158,Next Materials
3159,Inorganic Chemistry Communications
3160,Journal of High Energy Astrophysics
3161,Journal of Archaeological Science
3162,Journal of Geochemical Exploration
3163,Balkan Conference in Informatics
3164,International Symposium on Intelligent Technology for Future Transportation
3165,International Mid-Term Conference of the Italian Association of Agricultural Engineering
3166,Marine Environmental Research
3167,Journal of Terramechanics
3168,International Journal of Refrigeration
3169,International Conference on Emerging Technologies: Micro to Nano
3170,Research in International Business and Finance
3171,International Conference on Innovative Discoveries and Emerging Advancements in Applied Sciences
3172,Addictive Behaviors
3173,BUiD Doctoral Research Conference
3174,Transport Policy
3175,Annual ACM India Compute Conference
3176,International Conference on Artificial Intelligence and its Application
3177,Journal of Allergy and Clinical Immunology Global
3178,"International Conference on Dynamics, Control and Applications to Applied Engineering and Life Science"
3179,Corrosion Science
3180,Global Fluid Power Society Symposium
3181,Nature Plants
3182,npj Flexible Electronics
3183,Journal of Steroid Biochemistry and Molecular Biology
3184,npj Materials Degradation
3185,npj Science of Food
3186,Genes and Diseases
3187,npj Vaccines
3188,npj Clean Water
3189,Nature Climate Change
3190,Nature Ecology &amp; Evolution
3191,Nature Energy
3192,Nature Human Behaviour
3193,Nature Microbiology
3194,International Conference on Applied Algorithms
3195,Nature Reviews Endocrinology
3196,Biochemical Systematics and Ecology
3197,Nature Reviews Gastroenterology &amp; Hepatology
3198,Nature Reviews Molecular Cell Biology
3199,Nature Reviews Nephrology
3200,International Conference on Advances in Energy and Environment Research
3201,Journal of Multivariate Analysis
3202,Progress in Particle and Nuclear Physics
3203,Computers and Structures
3204,Transportation Research Part D Transport and Environment
3205,Journal of Pharmaceutical Sciences
3206,Nature Biotechnology
3207,International Conference on Sustainable Manufacturing
3208,The International Conference on NIR
3209,International Symposium on Dielectric Materials and Applications
3210,Nature Medicine
3211,International Conference on Lean Six Sigma for Higher Education Institutions
3212,"International Conference on Applied Mathematics, Modeling and Computational Science"
3213,International Congress on 3D Printing (Additive Manufacturing) Technologies and Digital Industry
3214,International Conference of Accounting & Business
3215,Magnetic Resonance Imaging
3216,Nature Neuroscience
3217,Nature Protocols
3218,Environmental Development
3219,Scientific Data
3220,International Conference on Technology and Innovation Management
3221,Metabolism Clinical and Experimental
3222,Scientific Reports
3223,International Conference on Language Processing and Knowledge Management
3224,Cytokine
3225,"International Workshop on Quantum Systems in Chemistry, Physics, and Biology"
3226,"International Conference on Education, Network and Information Technology"
3227,Applied Soil Ecology
3228,Journal of the Mechanics and Physics of Solids
3229,International Joint Conference on Computational Intelligence 
3230,Cement and Concrete Research
3231,"International Workshop on Service Oriented, Holonic and Multi-Agent Manufacturing Systems for Industry of the Future"
3232,Computational Structural Bioinformatics Workshop
3233,npj Climate and Atmospheric Science
3234,npj Precision Oncology
3235,npj 2D Materials and Applications
3236,Journal of Luminescence
3237,npj Digital Medicine
3238,Neuroscience and Biobehavioral Reviews
3239,Chemical Engineering and Processing Process Intensification
3240,Transport Research Arena Conference
3241,International Conference on Attacks and Defenses for Internet-of-Things
3242,"World Congress in Computer Science, Computer Engineering & Applied Computing"
3243,Nature Catalysis
3244,Communications Biology
3245,Communications Chemistry
3246,Communications Physics
3247,Nature Machine Intelligence
3248,Nature Cancer
3249,Communications Materials
3250,Communications Medicine
3251,SEM Annual Conference and Exposition on Experimental and Applied Mechanics
3252,British Journal of Pharmacology
3253,Workshop on Operation Research and Data Science in Public Services
3254,Dentomaxillofacial Radiology
3255,International Seminar on Mathematics in Industry
3256,International Conference on Computational Vision and Robotics
3257,International Conference on Advanced Network Technologies and Computational Intelligence
3258,Secondary Ion Mass Spectrometry
3259,International Conference on Green Urbanism
3260,Chemical Communications
3261,The Analyst
3262,Anal. Methods
3263,Chem. Soc. Rev.
3264,Environ. Sci.: Processes Impacts
3265,Food Funct.
3266,Lab Chip
3267,Nanoscale
3268,J. Mater. Chem. A
3269,Biomaterials Science
3270,Chem. Commun.
3271,CrystEngComm
3272,Phys. Chem. Chem. Phys.
3273,International Conference on Wireless and Satellite Systems
3274,Physical Chemistry Chemical Physics
3275,Nordic e-Infrastructure Collaboration Conference
3276,Chemical Society Reviews
3277,Dalton Transactions
3278,Energy Environ. Sci.
3279,Energy &amp; Environmental Science
3280,Green Chem.
3281,Green Chemistry
3282,Lab on a Chip
3283,Mol. BioSyst.
3284,Molecular BioSystems
3285,Materials Horizons
3286,Polymer Chemistry
3287,RSC Adv.
3288,RSC Advances
3289,Chem. Sci.
3290,Chemical Science
3291,Journal of Materials Chemistry A
3292,J. Mater. Chem. B
3293,Journal of Materials Chemistry C
3294,"International Conference on CSR, Sustainability, Ethics and Governance"
3295,International Simulation and Gaming Association Conference
3296,Current Opinion in Insect Science
3297,Environmental Science: Water Research &amp; Technology
3298,Food &amp; Function
3299,Nanoscale Horizons
3300,Natural Product Reports
3301,"Joint International Conference FIG Commission, FIG LADM & 3D LA, UN-Habitat STDM and Geoinformation Week"
3302,The Multidisciplinary Conference on Intangibles
3303,International Conference on Advances in Smart Business and Technologies 
3304,Chemistry Education Research and Practice
3305,International Conference on Electrical Systems and Smart Technologies
3306,Soft Matter
3307,The Challenges of Artificial Intelligence for Law in Europe – An International Conference
3308,Vehicular Communications
3309,International Conference on Environmental Pollution and Governance
3310,European Conference on Evolutionary Computation in Combinatorial Optimization (Part of EvoStar)
3311,International conference on Mediterranean Geosciences Union
3312,Analytical Methods
3313,MICCAI Challenge on Comprehensive Analysis and Computing of Real-World Medical Images
3314,"International Conference on Science, Technology and Innovation for Society"
3315,International conference  Inverse problems: modelling and simulation
3316,Construction Management Workshop
3317,Environmental Science: Processes &amp; Impacts
3318,Environmental Science: Nano
3319,International Conference on Industrial and Logistics Systems
3320,International Conference on Protection of Historical Constructions
3321,Organic &amp; Biomolecular Chemistry
3322,Materials Chemistry Frontiers
3323,"International Scientific Conference Intelligent Transport Systems: Ecology, Safety, Quality, Comfort"
3324,"International Conference on Business Intelligence, Computational Mathematics, and Data Analytics"
3325,Catalysis Science &amp; Technology
3326,Joint International Conference of the International Conference on Mechanisms and Mechanical Transmissions and the International Conference on Robotics
3327,International Conference on Research in Security Standardisation
3328,Sustainable Energy &amp; Fuels
3329,International Conference on Physics and Mechanics of New Materials and Their Applications
3330,International Conference on Intelligent Information Technology
3331,MedChemComm
3332,Metallomics
3333,Organic Chemistry Frontiers
3334,"International Scientific Conference on Sustainable Development: Finance, Economics, and Industry for Sustainable Development"
3335,Journal of Materials Chemistry B
3336,Molecular Systems Design &amp; Engineering
3337,Nanoscale Advances
3338,International Conference on Emerging Wireless Technologies and Sciences
3339,International Symposium: From Data to Models and Back
3340,International Conference on Civil Engineering
3341,International Symposium on Chatbots and Human-Centered AI
3342,IFMBE Latin American Conference on Digital Health
3343,Materials Advances
3344,RSC Medicinal Chemistry
3345,Soft matter
3346,African Conference on Research in Computer Science and Applied Mathematics
3347," International Research Conference on IoT, Cloud, and Data Science"
3348,Geoscience Frontiers
3349,Journal of Wind Engineering and Industrial Aerodynamics
3350,Biotechnology and Applied Biochemistry
3351,"International Conference on Computational Intelligence, Cyber Security, and Computational Models"
3352,Biochemical Journal
3353,Principles of Knowledge Representation and Reasoning
3354,Bioscience Reports
3355,Biochemical Society Transactions
3356,Clinical Science
3357,Essays in Biochemistry
3358,"Language, Speech, and Hearing Services in Schools"
3359,American Journal of Speech-Language Pathology
3360,American Journal of Audiology
3361,"Journal of Speech, Language, and Hearing Research"
3362,European Journal of Pharmaceutical Sciences
3363,International Conference on Information Technologies and Mathematical Modelling
3364,Conference on Artificial Creativity: Looking at the Future of Digital Culture
3365,International Pediatric and Lifespan Data Science Conference
3366,International Conference On Net Zero Solutions And Circular Economy
3367,Journal of Speech and Hearing Disorders
3368,Journal of Speech and Hearing Research
3369,Law &amp; Society Review
3370,Statistica Neerlandica
3371,Eurasian Conference on Frontiers of Computer Science and Information Technology
3372,Journal of Computer Assisted Learning
3373,Journal of Advanced Nursing
3374,Biotropica
3375,Ratio Juris
3376,European Journal of Neuroscience
3377,International Journal of Rock Mechanics and Mining Sciences
3378,Psychological Science
3379,Molecular Ecology
3380,European Journal of Soil Science
3381,Global Change Biology
3382,Addiction
3383,International Journal of Training and Development
3384,Alimentary Pharmacology &amp; Therapeutics
3385,Basin Research
3386,British Journal of Clinical Pharmacology
3387,Freshwater Biology
3388,Functional Ecology
3389,Geophysical Journal International
3390,Open Conference on Computers in Education
3391,"International Conference on Emerging Trends in Artificial Intelligence, Data Science and Signal Processing"
3392,Geophysical Prospecting
3393,Stuttgart Conference on Automotive Production
3394,Geostandards Newsletter
3395,Signal Processing Image Communication
3396,Immunology
3397,International Symposium on Water Resource and Environmental Management
3398,Information Systems Journal
3399,International Conference on Environmental Science and Technology
3400,International Endodontic Journal
3401,International Journal of Food Science and Technology
3402,Journal of Animal Ecology
3403,Journal of Applied Ecology
3404,Journal of Biogeography
3405,International Conference on Mathematical Modeling and Modern Applications
3406,International Conference on Information Technology-New Generations
3407,Journal of Clinical Nursing
3408,Journal of Ecology
3409,Journal of Evaluation in Clinical Practice
3410,Journal of Intellectual Disability Research
3411,Journal of Internal Medicine
3412,Journal of Microscopy
3413,"International Workshop on Causality, Agents and Large Models"
3414,Journal of Neuroendocrinology
3415,Journal of Oral Rehabilitation
3416,Journal of Sleep Research
3417,Journal of Viral Hepatitis
3418,Medical and Veterinary Entomology
3419,Medical Education
3420,Molecular Microbiology
3421,Neuropathology and Applied Neurobiology
3422,Paediatric and Perinatal Epidemiology
3423,Scandinavian Journal of Immunology
3424,Sedimentology
3425,The Plant Journal
3426,Health Expectations
3427,Journal of the Royal Statistical Society Series B: Statistical Methodology
3428,Journal of Evolutionary Biology
3429,Crop Protection
3430,Ethology
3431,Journal of Agronomy and Crop Science
3432,Plant Breeding
3433,Australian &amp; New Zealand Journal of Psychiatry
3434,Designing the Conceptual Landscape for a XAIR Validation Infrastructure Workshop
3435,Australian Occupational Therapy Journal
3436,Asia Pacific Journal of Clinical Nutrition
3437,Journal of Materials Processing Technology
3438,Ecological Management &amp; Restoration
3439,International Conference on Applied Innovations in IT
3440,Austral Ecology
3441,ANZ Journal of Surgery
3442,Fatigue &amp; Fracture of Engineering Materials &amp; Structures
3443,Pacing and Clinical Electrophysiology
3444,Ecology Letters
3445,Environmental Microbiology
3446,Diabetic Medicine
3447,International Nursing Review
3448,Global Ecology and Biogeography
3449,Fish and Fisheries
3450,Journal of Management Studies
3451,Obesity Reviews
3452,Child Development
3453,Teachers College Record: The Voice of Scholarship in Education
3454,European Journal of Neurology
3455,Journal of Applied Research in Intellectual Disabilities
3456,Annals of Human Genetics
3457,Journal of Anatomy
3458,New Phytologist
3459,Journal of Neurochemistry
3460,Pattern Recognition Letters
3461,Molecular Ecology Notes
3462,Parkinsonism and Related Disorders
3463,International Workshop on Hybrid Models for Coupling Deductive and Inductive Reasoning
3464,MICCAI Challenge on Ultra-Widefield Fundus Imaging for Diabetic Retinopathy
3465,Aging Cell
3466,Journal of Accounting Research
3467,Conservation Biology
3468,Latin American Conference on Biomedical Engineering
3469,International Aviation Management Conference
3470,International Meeting on Computational Intelligence Methods for Bioinformatics and Biostatistics
3471,Wound Repair and Regeneration
3472,Journal of Metamorphic Geology
3473,International Conference on Advances in Mechanical Engineering and Mechanics
3474,Proceedings of the Association of American Physicians
3475,Public Health Nursing
3476,Restoration Ecology
3477,Journal of Phycology
3478,Journal of the American Geriatrics Society
3479,European – Japanese Cerebrovascular Congress
3480,"International Workshop on Enterprise Applications, Markets and Services in the Finance Industry"
3481,International Conference on Emerging Trends in AI and Computational Technologies
3482,International Conference on Signal Processing and Information Communications
3483,International Conference Economies of The Balkan And Eastern European Countries
3484,City &amp; Community
3485,Transfusion
3486,The Journal of Finance
3487,"The Journal of Finance, 58(6), 2401 - 2436. Wiley-Blackwell"
3488,Entrepreneurship Theory and Practice
3489,Journal of Cardiovascular Electrophysiology
3490,Echocardiography
3491,Entomologia Experimentalis et Applicata
3492,CAAI Transactions on Intelligence Technology
3493,High Voltage
3494,IET Cyber-Physical Systems: Theory &amp; Applications
3495,IET Control Theory &amp; Applications
3496,"IET Generation, Transmission &amp; Distribution"
3497,IET Image Processing
3498,IET Intelligent Transport Systems
3499,IET Networks
3500,IET Power Electronics
3501,IET Renewable Power Generation
3502,Astronomy &amp; Astrophysics
3503,ITM Web of Conferences
3504,Ultraschall in der Medizin - European Journal of Ultrasound
3505,Thrombosis and Haemostasis
3506,Methods of Information in Medicine
3507,Yearbook of Medical Informatics
3508,Seminars in Neurology
3509,Applied Clinical Informatics
3510,Neuropediatrics
3511,Revista brasileira de ortopedia
3512,Journal of the American Academy of Audiology
3513,Endoscopy
3514,Ultrasound International Open
3515,Plant Biology
3516,European Management Review
3517,Journal of Information Technology
3518,International Conference on Computational Science and Computational Intelligence
3519,Information Visualization
3520,Tourism and Hospitality Research
3521,Journal of International Business Studies
3522,Palgrave Communications
3523,Humanities and Social Sciences Communications
3524,"International Conference on Paradigm Shifts in Communication, Embedded Systems, Machine Learning and Signal Processing"
3525,International Conference on Security and Privacy
3526,International Conference on Applied Mathematics and Computer Science
3527,International Conference on Tools and Algorithms for the Construction and Analysis of Systems
3528,Eurasian Conference on OpenSees
3529,International Conference on Hydraulic and Civil Engineering & Engineering Safety and Disaster Prevention Forum
3530,International Conference on Digital Transformation and Global Society
3531,International Conference on Computer Science's Complex Systems and their Applications
3532,Deep Foundations Institute of India Annual Conference
3533,International Conference on Mathematical Modeling and Computational Science
3534,Italian Conference on Geomatics and Geospatial Technologies
3535,International Conference on Smart Systems and Emerging Technologies
3536,Computers in Physics
3537,Global Data Law Conference Series
3538,Physics
3539,Research in Transportation Business and Management
3540,International Conference on Systems Engineering
3541,Knowledge Management International Conference
3542,"International Conference on Arts, Humanities, and Interdisciplinary Sciences"
3543,"International Conference on Images, Signals, and Computing"
3544,International Conference on Current Issues in Business and Economic Studies
3545,International Workshop on Collaboration in Knowledge Discovery and Decision Making
3546,Pervasive and Mobile Computing
3547,International Conference on Competitiveness and Stability in the Knowledge Base Society
3548,"International Conference on Applied Computational Intelligence, Informatics and Big Data"
3549,International Scientific Congress Society Of Ambient Intelligence
3550,International Conference on Sustainable and Resilient Infrastructure
3551,International Workshop on Advances in Civil Aviation Systems Development
3552,International Conference on ADDitively Manufactured OPTimized Structures by means of Machine Learning
3553,International Conferences on Engineering and Applied Sciences Optimization
3554,International Conference on Geographic Perspectives on Climate Change Mitigation in Urban and Rural Environments
3555,American University in the Emirates International Research Conference
3556,International Conference on Computers and Their Applications
3557,University Forum for Human Resource Development Conference 
3558,Intelligent Computing - Proceedings of the Computing Conference
3559,"EAI International Conference on Intelligent Systems with Applications in Communications, Computing and IoT"
3560,International Conference on AI-Driven Technology and Social Sciences for Sustainable Future
3561,International Conference on Optimization Driven Architectural Design
3562,International Conference on Bio-Based Building Materials
3563,Bioactive Materials
3564,International Conference on Emerging Technologies and Computing Innovations
3565,International Conference on Algorithms and Complexity
3566,MENA Region Entrepreneurship Conference
3567,International Journal of Non Linear Mechanics
3568,"EAI International Conference on Collaborative Computing: Networking, Applications and Worksharing"
3569,International Conference on Resources and Environmental Research
3570,The Unified International Conference on Emerging Technologies in Cyber-Physical Systems and Industrial AI
3571,Applied and Computational Harmonic Analysis
3572,Systems and Control Letters
3573,Regulatory Toxicology and Pharmacology
3574,Ultramicroscopy
3575,Green Technologies and Sustainability
3576,International Workshop on AI in Education and Educational Research
3577,International Conference on “Recent Trends in Environment and Sustainable Development
3578,International Conference on Intelligent Systems and Advanced Computing Sciences
3579,Brazilian Congress on Biomedical Engineering
3580,International Conference on Climate Change and Ocean Renewable Energy
3581,International Conference on Bioinformatics and Computational Biology
3582,Asian Symposium on Cellular Automata Technology
3583,Computational Biomechanics for Medicine workshop
3669,Excellence in Services International Conference
3584,International Workshop on Graph-Based Representations in Pattern Recognition
3585,International Conference on Business Information Systems
3586,"EAI International Conference on Advanced Technologies in Electronics, Communications and Signal Processing"
3587,"International Conference on Civil, Architecture, Environmental Engineering, and Technology"
3588,International Conference on Cable-Driven Parallel Robots
3589,"International Conference on Theory and Application of Soft Computing, Computing with Words and Perceptions"
3590,International Scientific and Technical Conference - Modern Challenges in Telecommunications
3591,International Conference on Mathematics Data Science
3592,European Interdisciplinary Cybersecurity Conference
3593,International Conference on Machine Learning and Computing
3594,Vision Research
3595,RECOMB International Workshop on Comparative Genomics
3596,Optical Materials
3597,Journal Des Mathematiques Pures Et Appliquees
3598,Handbook of Behavioral Neuroscience
3599,International Conference on Technology Advances for Green Solutions and Sustainable Development
3600,International Conference on Smart Innovations in Energy and Mechanical Systems
3601,Experimental Neurology
3602,International Conference on intelligent systems and digital applications
3603,IFIP Working Conference on Human Work Interaction Design
3604,International Conference on Manufacturing Technologies
3605,"CCToMM Symposium on Mechanisms, Machines, and Mechatronics"
3606,"International Conference on Formal Techniques for Distributed Objects, Components, and Systems"
3607,International Conference on Wearables in Healthcare
3608,International Conference on Information Technologies in Biomedicine
3609,International Conference on Operations Research and Enterprise Systems
3610,International Workshop Hybrid methods of modeling and optimization in complex systems
3611,European Conference on Ethics and Integrity in Academia
3612,International Conference on Climate Change and Ecosystem Restoration
3613,"Workshop on Stochastic Models, Statistics and their Application"
3614,International Workshop on Medical and Service Robots
3615,Symposium on Probability and Stochastic Processes
3616,"Interdisciplinary Conference on Innovation, Desgin, Entrepreneurship, And Sustainable Systems"
3617,Schizophrenia Research Cognition
3618,Non Coding RNA Research
3619,Intrapartum Ultrasound Grand Challenge
3620,International Workshop on Situated Self-Guided Learning
3621,Advanced Computing and Communications Conference
3622,International Conference on Society for Design and Process Science 
3623,International Conference on AI for Global Security
3624,Cellular Signalling
3625,International Conference on Big Data Technology & Business Analytics
3626,Physiological and Molecular Plant Pathology
3627,Fish and Shellfish Immunology
3628,Drug Resistance Updates
3629,International Conference on Model-Driven Engineering and Software Development
3630,European Journal of Pharmaceutics and Biopharmaceutics
3631,GMA-GAMMA Joint Symposium
3632,World Conference of Computer and Information Security
3633,International Conference on Advances in National Brand and Private Label Marketing
3634,International Conference on Geomatics in Civil Engineering
3635,Conference of the European Society for Fuzzy Logic and Technology
3636,International Conference on Cryptology in Africa
3637,International Conference on Environment and Sustainability
3638,International Scientific Symposium on Electrical Power Engineering
3639,International Human-Centered Technology Conference
3640,Mexican Congress on Artificial Intelligence
3641,International Conference on Current Advancements in Machine Learning
3642,International Conference on Computational Intelligence in Engineering Science
3643,International Conference on Data Envelopment Analysis
3644,North American Conference on Industrial Engineering and Operations Management - Computer Science Tracks
3645,"International Conference on Africa Data, AI and Innovations"
3646,International Conference on Advanced Sustainability Engineering and Technology
3647,International Conference Florence Heri-Tech: the Future of Heritage Science and Technologies
3648,International Conference on Artificial Intelligence-empowered Software Engineering
3649,International Symposium on Generative AI and Education
3650,Global Conference on Applications of Artificial
3651,International Conference on Digital Classroom & Smart Learning
3652,International Workshop on Combinatorial Algorithms
3653,International Conference on Social Impact of AI
3654,International Conference on the Leadership and Management of Projects in the Digital Age
3655,International Conference on Nanotechnology and Nanomaterials
3656,International Workshop on Intuitionistic Fuzzy Sets and Generalized Nets
3657,Serbian International Conference on Applied Artificial Intelligence
3658,Radiation Measurements
3659,"International Scientific Conference Digital Future: Science, Education, and Innovative Development of Socio-Economic Systems"
3660,International Conference in Information Systems and Medicine
3661,International Symposium on Trends in Functional Programming
3662,International Conference on Green Artificial Intelligence and Industrial Applications
3663,Journal of Neurolinguistics
3664,American Journal of Emergency Medicine
3665,International Conference on Smart System for Integrated Computing and Communication
3666,Workshop in R&D+i & International Workshop on STEM of EPS
3667,International Symposium on AI Verification
3668,European MOOCs Stakeholders Summit
3670,International Conference Water and Food Security in the Face of Climate Change: Challenges and Opportunities for Resilience
3671,Education for Chemical Engineers
3672,International Copper Conference
3673,The International Conference of Cutting-Edge Artificial Intelligence Applications
3674,International Symposium on Nickel and Cobalt
3675,Cross-Cutting Symposia at Extraction
3676,France's International Conference on Complex Systems
3677,"International Conference on Internet of Things, Artificial Intelligence and Mechanical Automation"
3678,International Conference on Robot Ethics and Standards
3679,Comparative Biochemistry and Physiology Part D Genomics and Proteomics
3680,International Conference on Advances in Smart Computing and Applications
3681,Plant Science
3682,International Congress Mathematical Modelling in Engineering & Human Behaviour
3683,Journal of Proteomics
3684,"International Conference on Availability, Reliability and Security"
3685,Theriogenology
3686,Aquatic Toxicology
3687,Plant Physiology and Biochemistry
3688,Comparative Biochemistry and Physiology Part B Biochemistry and Molecular Biology
3689,Journal of Nutritional Biochemistry
3690,International Conference on Interaction Design for International Development
3691,International Conference on Applied Artificial Intelligence
3692,International Conference on Digital Human Modeling
3693,International Workshop on Modelling and Simulation of Complex Systems for Sustainable Energy Efficiency
3694,International Conference on Formal Methods for Industrial Critical Systems
3695,International Conference on Geoinformatics and Data Analysis
3696,Iberoamerican Conference on Applications and Usability of Interactive TV
3697,International Conference on Image Processing and Vision Engineering
3698,"International Workshop on Explainable, Trustworthy, and Responsible AI and Multi-Agent Systems"
3699,International Conference on Constructive Approaches for Security Analysis and Design of Embedded Systems
3700,International Conference on the Ethical and Social Impacts of ICT
3701,International Congress of the International Maritime Association of the Mediterranean
3702,Journal of Logical and Algebraic Methods in Programming
3703,Clinical Immunology
3704,Brain Behavior and Immunity
3705,"International Conference on Digital Transformation in Achieving Sustainable Development of Management, Economic, and Applied Sciences"
3706,International Conference of the Association for the Advancement of Assistive Technology in Europe
3707,Journal of Psychiatric Research
3708,International Conference on Computer Recognition Systems
3709,"International Conference on Modeling, Simulation and Computer Technology"
3710,International Conference on the Global Summit of Digital Health
3711,"International Conference MECHANICAL ENGINEERING SOLUTIONS: Design, Simulation, Testing, Manufacturing"
3712,International Workshop on Languages and Compilers for Parallel Computing
3713,"International Conference a Digital Europe for Citizens, Data governance, Digital Markets, Digital Services"
3714,Women S Studies International Forum
3715,International Conference on Electronic Participation
3716, International Conference on Recent Trends in Advance Computing
3717,"International Conference on Technology and Innovation in Learning, Teaching and Education"
3718,International Symposium on Formal Methods in Architecture
3719,International Conference on Data Analytics & Management
3720,International Conference of Global Innovations and Solutions
3721,International Workshop on Knowledge-Enhanced Information Retrieval
3722,Qualitative and Quantitative Methods in Libraries International Conference
3723,ArXiv
3724,"International Conference on Inclusion, Communication and Social Engagement"
3725,Scientific Meeting of the Classification and Data Analysis Group of the Italian Statistical Society
3726,Nordic Energy Informatics Academy Conference
3727,European DAO Workshop
3728,"International Genomics, Neuroscience, Therapeutics and Data Innovation Summit"
3729,International Symposium on Frontiers of Research in Speech and Music
3730,International Symposium on Frontiers of Combining Systems
3731,Euromicro Conference on Software Engineering and Advanced Applications
3732,Internet of Things the Netherlands
3733,International Conference on Distance Education Technologies
3734,Optical Fiber Technology
3735,Advances in Consciousness Research
3736,AILA Review
3737,Australian Review of Applied Linguistics
3738,Annual Review of Cognitive Linguistics
3739,American Translators Association Scholarly Monograph Series
3740,Benjamins Current Topics
3741,Benjamins Translation Library
3742,Biosystems Engineering
3743,Constructional Approaches to Language
3744,Converging Evidence in Language and Communication Research
3745,International Conference on Mechanics and Energy
3746,"International Workshop on Digital Sourcing, Platforms and Ecosystems"
3747,Current Issues in Linguistic Theory
3748,Culture and Language Use
3749,Critical Theory
3750,Diachronica
3751,EUROSLA Yearbook
3752,English World-Wide. A Journal of Varieties of English
3753,Functions of Language
3754,Foundations of Semiotics
3755,Gesture Studies
3756,Human Cognitive Processing
3757,International Journal of Corpus Linguistics
3758,International Journal of Cognition and Technology
3759,Interpreting. International Journal of Research and Practice in Interpreting
3760,Interaction Studies. Social Behaviour and Communication in Biological and Artificial Systems
3761,ITL - International Journal of Applied Linguistics
3762,Journal of Language and Politics
3763,Journal of Narrative and Life History
3764,Journal of Pidgin and Creole Languages
3765,Linguistik Aktuell/Linguistics Today
3766,European Conference on Logics in Artificial Intelligence
3767,Linguistic Approaches to Bilingualism
3768,Linguistic Approaches to Literature
3769,Language Acquisition and Language Disorders
3770,International Conference on Structural Health Monitoring and Engineering Structures
3771,Lingvisticae Investigationes
3772,Linguistic Variation Yearbook
3773,Language International World Directory
3774,Language Learning &amp; Language Teaching
3775,Narrative Inquiry
3776,Natural Language Processing
3777,Pragmatics &amp; Beyond
3778,Pragmatics &amp; Beyond New Series
3779,Research Twinning Conference on Digitalisation and Digital Transformation
3780,Pragmatics &amp; Cognition
3781,Pragmatics. Quarterly Publication of the International Pragmatics Association (IPrA)
3782,Studies in Corpus Linguistics
3783,International Conference on Intelligent Systems
3784,Studies in Bilingualism
3785,Studies in Generative Linguistic Analysis
3786,Studies in Language
3787,Studies in Language Companion Series
3788,Studies in Language and Social Interaction
3789,Studies in Written Language and Literacy
3790,Target. International Journal of Translation Studies
3791,Task-Based Language Teaching
3792,Terminology. International Journal of Theoretical and Applied Issues in Specialized Communication
3793,Terminology and Lexicography Research and Practice
3794,Typological Studies in Language
3795,Written Language &amp; Literacy
3796,Phraseology
3797,Animal Health Research Reviews
3798,International Symposium on Model-Based Safety and Assessment
3799,Seed Science Research
3800,The British Journal of Sociology
3801,"International Conference on Machine Learning, IoT and Big Data"
3802,Iranian Studies
3803,Quarterly Journal of Experimental Psychology
3804,Urban Studies
3805,Canadian Journal of Philosophy
3806,Canadian Journal of Philosophy Supplementary Volume
3807,Teaching of Psychology
3808,Feminist Review
3809,International Journal of Behavioral Development
3810,Toxicologic Pathology
3811,The Quarterly Journal of Experimental Psychology Section A
3812,The Quarterly Journal of Experimental Psychology Section B
3813,Cognitive Science
3814,Conflict Management and Peace Science
3815,Substance Abuse
3816,International Materials Reviews
3817,The Curriculum Journal
3818,Journal of Neutron Research
3819,Computational and Mathematical Methods in Medicine
3820,Journal of the History of Economic Thought
3821,The American Journal on Addictions
3822,Journal of Literacy Research
3823,Journal of Reading Behavior
3824,International Journal of Toxicology
3825,Applied Bionics and Biomechanics
3826,International Journal of Language &amp; Communication Disorders
3827,Scandinavian Journal of Public Health
3828,European Societies
3829,International Symposium on String Processing and Information Retrieval
3830,International Conference on Data Science and Big Data Analysis
3831,Infancy
3832,European Journal of Sport Science
3833,Argument &amp; Computation
3834,International Conference on AI and Robotics
3835,The Journal of cell biology
3836,The Journal of Cell Biology
3837,Journal of Cell Biology
3838,The Journal of Experimental Medicine
3839,The Journal of experimental medicine
3840,New Crops
3841,International Conference on Real Emotions and Affect in Extended Realities
3842,Journal of Experimental Medicine
3843,The Journal of general physiology
3844,The Journal of General Physiology
3845,Journal of Consumer Research
3846,Philosophy of Science
3847,Forest Ecosystems
3848,MICCAI Workshop on Fairness of AI in Medical Imaging
3849,International Conference on Multimedia Systems and Signal Processing
3850,Journal of Law and Courts
3851,Learned Publishing
3852,The Astrophysical Journal
3853,Journal of Physics C: Solid State Physics
3854,Journal of Physics D: Applied Physics
3855,Nuclear Fusion
3856,The Astrophysical Journal Supplement Series
3857,Inverse Problems
3858,Public Understanding of Science
3859,Physiological Measurement
3860,Classical and Quantum Gravity
3861,Journal of Physics: Condensed Matter
3862,Nanotechnology
3863,Smart Materials and Structures
3864,New Journal of Physics
3865,Journal of Cosmology and Astroparticle Physics
3866,Publications of the Astronomical Society of the Pacific
3867,Chinese Physics C
3868,Journal of Neural Engineering
3869,Journal of Statistical Mechanics: Theory and Experiment
3870,Environmental Research Letters
3983,FEMS Microbiology Ecology
3871,IOP Conference Series: Materials Science and Engineering
3872,Biofabrication
3873,Journal of Physics: Materials
3874,Progress in Energy
3875,International Journal of Extreme Manufacturing
3876,OMICS: A Journal of Integrative Biology
3877,Rejuvenation Research
3878,Quarterly of Applied Mathematics
3879,International Research and Practical Conference Topical Issues of Linguistics and Teaching Methods in Business and Professional Communication
3880,Proceedings of the American Mathematical Society
3881,International Conference on Artificial Intelligence and Communication Technology
3882,Transactions of the American Mathematical Society
3883,Mathematics of Computation
3884,International Conference on ICT for Sustainable Development
3885,Bulletin of the American Mathematical Society
3886,Journal of the American Mathematical Society
3887,Representation Theory of the American Mathematical Society
3888,Molecular Biology of the Cell
3889,Philosophical Papers Volume I
3890,Global Public Goods
3891,Understanding Poverty
3892,The Seas of Language
3893,"Truth, Language, and History"
3894,The Metaphysics of Death
3895,"Co-integration, Error Correction, and the Econometric Analysis of Non-Stationary Data"
3896,Critical Citizens
3897,Essays on Actions and Events
3898,Varieties of Capitalism
3899,Computational Methods for the Study of Dynamic Economies
3900,Social Movements and Networks
3901,The Politics of Europeanization
3902,Parties Without Partisans
3903,Weakness of Will and Practical Irrationality
3904,Functional Magnetic Resonance Imaging
3905,eweb:64291
3906,International Conference on Parallel Computing Technologies
3907,Challenging Inequities in Health
3908,Neighborhoods and Health
3909,Evolution and cognition (2000)
3910,Variation in Working Memory
3911,Social Networks and Health
3912,Books by Marquette University Faculty
3913,Family Relationships
3914,"The Innate Mind, Volume 3"
3915,eweb:268120
3916,The Effect of Treaties on Foreign Direct Investment
3917,Operations Research Letters
3918,"Welfare, Incentives, and Taxation"
3919,Spatial Epidemiology
3920,Invitation to Fixed-Parameter Algorithms
3921,Conference on Smart Generation Computing and Communication Networks
3922,Advanced Data Assimilation for Geosciences
3923,Oxford Scholarship Online
3924,Beyond Varieties of Capitalism
3925,In two minds: Dual processes and beyond
3926,International Conference Current Issues of Civil and Environmental Engineering Lviv - Košice – Rzeszów
3927,Prosodic Typology
3928,Simpler Syntax
3929,Second Philosophy
3930,The Syntax of Aspect
3931,Automatic Assessment of Parkinsonian Speech Workshop
3932,"Lexical Semantics, Syntax, and Event Structure"
3933,Modality
3934,Materiality and Organizing
3935,Nutritional Epidemiology
3936,International Conference on Cybersecurity and Artificial Intelligence Strategies
3937,Oxford Reference
3938,Microeconomics: A Very Short Introduction
3939,Age and Ageing
3940,American Journal of Agricultural Economics
3941,American Journal of Clinical Pathology
3942,American Journal of Epidemiology
3943,Annals of Botany
3944,The Auk
3945,Briefings in Bioinformatics
3946,Bioinformatics Advances
3947,Bioinformatics
3948,International Conference on Advanced Machine Learning Technologies and Applications
3949,International Conference on Intelligence-Based Transformations of Technology and Business Trends
3950,Metabolic Engineering
3951,Protein Expression and Purification
3952,International Workshop on Digital Twin for Healthcare
3953,Stroke Workshop on Imaging and Treatment Challenges
3954,International Conference on Game Theory and AI for Security
3955,International Symposium SymOrg
3956,International Conference on Power Engineering and Automation Engineering
3957,"International Conference on Recovery, Maintenance and Rehabilitation of Buildings"
3958,"International Conference on Interdisciplinary Horizons: Integrating AI in Science, Management, and Technology"
3959,Case Studies on Transport Policy
3960,Enzyme and Microbial Technology
3961,Biometrika
3962,Biology Methods and Protocols
3963,BioScience
3964,Biostatistics
3965,British Medical Bulletin
3966,Brain
3967,Cerebral Cortex
3968,Clinical Infectious Diseases
3969,"Cambridge Journal of Regions, Economy and Society"
3970,Clinical Kidney Journal
3971,Clinical Chemistry
3972,The Condor
3973,Communication Theory
3974,Database
3975,Evidence-Based Complementary and Alternative Medicine
3976,European Heart Journal - Cardiovascular Imaging
3977,European Heart Journal - Quality of Care and Clinical Outcomes
3978,Economic Inquiry
3979,The Economic Journal
3980,European Journal of Cardio-Thoracic Surgery
3981,European Heart Journal
3982,European Journal of Preventive Cardiology
3984,Forest Science
3985,Genetics
3986,GENETICS
3987,The Journals of Gerontology Series B: Psychological Sciences and Social Sciences
3988,The Journals of Gerontology: Series B
3989,The Gerontologist
3990,GigaScience
3991,Glycobiology
3992,Law Trove
3993,Health Policy and Planning
3994,Business Research Methods
3995,Politics Trove
3996,Human Molecular Genetics
3997,Human Reproduction
3998,International Journal of Epidemiology
3999,The Journal of Infectious Diseases
4000,International Journal for Quality in Health Care
4001,Journal of Antimicrobial Chemotherapy
4002,Journal of the American Medical Informatics Association
4003,JAMIA Open
4004,Journal of AOAC INTERNATIONAL
4005,Journal of Computer-Mediated Communication
4006,Journal of the European Economic Association
4007,Journal of Financial Regulation
4008,Journal of Legal Analysis
4009,JNCI: Journal of the National Cancer Institute
4010,Journal of Forestry
4011,Journal of Public Administration Research and Theory
4012,Journal of Survey Statistics and Methodology
4013,Journal of Travel Medicine
4014,Journal of experimental botany
4015,Handbook of Psychotherapy Integration
4016,Oxford Medicine Online
4017,The Collected Works of D. W. Winnicott
4018,Oxford Clinical Psychology
4019,Monthly Notices of the Royal Astronomical Society
4020,Monthly Notices of the Royal Astronomical Society: Letters
4021,Molecular Biology and Evolution
4022,Nucleic Acids Research
4023,Molecular Catalysis
4024,NAR Genomics and Bioinformatics
4025,Neuro-Oncology
4026,Neurosurgery
4027,National Science Review
4028,Music And Emotion
4029,Feminisms
4030,Metal Forming and the Finite-Element Method
4031,The Adapted Mind
4032,Interlanguage Pragmatics
4033,The Comparative Method Reviewed
4034,Contexts for Learning
4035,Hybrid Zones and the Evolutionary Process
4036,Virtual Environments and Advanced Interface Design
4037,Social Epidemiology
4038,Parameters And Functional Heads
4039,The Knowledge-Creating Company
4040,Self and Identity
4041,Parameters and Universals
4042,"Free Markets
                    <i>and</i>
                    Social Justice"
4043,Spatial And Temporal Reasoning In Geographic Information Systems
4044,Simulation and Modeling of Turbulent Flows
4045,Shame
4046,"Firms, Markets, And Hierarchies"
4047,Handbook of Affective Sciences
4048,Appraisal Processes in Emotion
4049,Design and Analysis of Ecological Experiments
4050,Handbook of Positive Psychology
4051,Semantics
4052,Metarepresentations
4053,Subject Inversion in Romance and the Theory of Universal Grammar
4054,Developmental Instability
4055,Handbook of Bilingualism
4056,The Structure of CP and IP
4057,Networks in the Knowledge Economy
4058,Handbook of Emotion Elicitation and Assessment
4059,Fractured Minds
4060,Structures and Beyond
4061,Ecological Networks
4062,Drafting Contracts under the Cisg
4063,Climate Ethics
4064,Grammatical Constructions
4065,Polysemy
4066,Evaluation in Text
4067,The Essential Turing
4068,Contemporary Issues in Corporate Governance
4069,The Politics of Sentencing Reform
4070,Long-Run Economic Relationships
4071,Communication By Design
4072,Trust Within And Between Organizations
4073,From School To Work
4074,Entrepreneurship
4075,Areal Diffusion and Genetic Inheritance
4076,Bayesian Statistics 6
4077,The Ecology of Wildlife Diseases
4078,Highly Structured Stochastic Systems
4079,Image Processing: Mathematical Methods and Applications
4080,Bayesian Statistics 4
4081,Theories of Organizational Stress
4082,Bayesian Statistics 5
4083,Stochastic Networks Theory and Applications
4084,Understanding Other Minds
4085,Bayesian Statistics 7
4086,The New Handbook of Methods in Nonverbal Behavior Research
4087,Advances in Numerical Analysis
4088,Handbook of Logic in Artificial Intelligence and Logic Programming
4089,Handbook of Logic in Artificial Intelligence and Logic Programming: Volume 5: Logic Programming
4090,Machine Intelligence 15
4091,Brain And Space
4092,Global Catastrophic Risks
4093,Ecology and Evolution of Flowers
4094,Bird-Parasite Interactions
4095,A Journey in Languages and Cultures
4096,Nonstationary Time Series Analysis and Cointegration
4097,"Firms, Organizations and Contracts"
4098,Technologies Visions and Realities
4099,"Resources, Firms, And Strategies"
4100,Feminism And Pornography
4101,Foundations of Migration Economics
4102,Leibniz's Key Philosophical Writings
4103,Finiteness
4104,Phi Theory
4105,"Credit, Intermediation, and the Macroeconomy"
4106,New Research in Financial Markets
4107,Fragmentation
4108,Understanding Social Exclusion
4109,Intangible Assets
4110,Themes in Comparative Law
4111,Contextualism in Philosophy
4112,The Language Of Time
4113,Organizational Identity
4114,Descriptions and Beyond
4115,Adjective Classes
4116,Two-Dimensional Semantics
4117,Complex Knowledge
4118,Great Minds in Management
4119,Resource-Based Theory
4120,Readings In Unobserved Components Models
4121,Serial Verb Constructions
4122,Beyond Continuity
4123,Globalization and Organization
4124,How to Map Arguments in Political Science
4125,Open Innovation
4126,Knowledge Management and Organizational Learning
4127,Practical Lexicography
4128,The Collected Papers of Leonid Hurwicz
4129,Oxford Studies in Metaethics
4130,Spatial Conservation Prioritization
4131,Literature and Science in the Nineteenth Century
4132,"The Oxford Handbook of Music Performance, Volume 1"
4133,Oxford Handbooks Online
4134,The Oxford Handbook of Health Psychology
4135,The Oxford Handbook of Economic Forecasting
4136,The Oxford Handbook of Human Motivation
4137,The Oxford Handbook of Populism
4138,The Oxford Handbook of Corporate Social Responsibility
4139,The Oxford Handbook of Political Behavior
4140,The Oxford Handbook of Political Methodology
4141,The Oxford Handbook of Innovation
4142,"The Oxford Handbook of International Antitrust Economics, Volume 2"
4143,The Oxford Handbook of Linguistic Analysis
4144,The Oxford Handbook of Public Policy
4145,The Oxford Handbook of Thinking and Reasoning
4146,The Oxford Handbook of Evidence-Based Management
4147,Oxford Review of Economic Policy
4148,Publications of the Astronomical Society of Japan
4149,Precision Clinical Medicine
4150,Public Health Reports®
4151,PNAS nexus
4152,Public Opinion Quarterly
4153,Physical Therapy
4154,Journal of Public Health
4155,The Quarterly Journal of Economics
4156,Regenerative biomaterials
4157,The Review of Corporate Finance Studies
4158,The Review of Economic Studies
4159,Review of Economic Studies
4160,The Review of Financial Studies
4161,Social Cognitive and Affective Neuroscience
4162,Sleep
4163,Systematic Biology
4164,Toxicological Sciences
4165,Virus Evolution
4166,Cereal Chemistry
4167,Molecular Plant-Microbe Interactions®
4168,Plant Disease
4169,Marketing Science
4170,Phytopathology®
4171,The FASEB Journal
4172,Anesthesiology
4173,The Laryngoscope
4174,Alcoholism: Clinical and Experimental Research
4175,Academic Medicine
4176,The Clinical Journal of Pain
4177,Advances in Nursing Science
4178,Ear &amp; Hearing
4179,Journal of Orthopaedic Trauma
4180,Spine
4181,Clinical Spine Surgery: A Spine Publication
4182,Critical Care Medicine
4183,Journal of Hypertension
4184,Health Physics
4185,Harvard Review of Psychiatry
4186,Journal of Occupational &amp; Environmental Medicine
4187,Medicine
4188,Medical Care
4189,AACN Advanced Critical Care
4190,Home Healthcare Now
4191,Journal of Neurologic Physical Therapy
4192,Advances in Anatomic Pathology
4193,American Journal of Surgical Pathology
4194,Journal of Public Health Management and Practice
4195,Plastic &amp; Reconstructive Surgery
4196,Investigative Radiology
4197,Simulation in Healthcare: The Journal of the Society for Simulation in Healthcare
4198,Annals of Surgery
4199,Transplantation
4200,Alzheimer Disease &amp; Associated Disorders
4201,Journal of neuro-ophthalmology : the official journal of the North American Neuro-Ophthalmology Society
4202,JBI Evidence Implementation
4203,Biology Letters
4204,Biographical Memoirs of Fellows of the Royal Society
4205,Interface Focus
4206,Journal of The Royal Society Interface
4207,Royal Society Open Science
4208,"Proceedings of the Royal Society of London. Series A, Containing Papers of a Mathematical and Physical Character"
4209,Proceedings of the Royal Society of London. Series A - Mathematical and Physical Sciences
4210,Proceedings of the Royal Society of London. Series A. Mathematical and Physical Sciences
4211,Proceedings of the Royal Society of London. A. Mathematical and Physical Sciences
4212,Proceedings of the Royal Society of London. Series A: Mathematical and Physical Sciences
4213,"Proceedings of the Royal Society A: Mathematical, Physical and Engineering Sciences"
4214,"Proceedings of the Royal Society of London. Series B, Containing Papers of a Biological Character"
4215,Proceedings of the Royal Society of London. Series B - Biological Sciences
4216,Proceedings of the Royal Society of London. Series B. Biological Sciences
4217,Proceedings of the Royal Society B: Biological Sciences
4218,Proceedings of the Royal Society of London
4311,International Conference on Computer Animation and Social Agents
4219,"Philosophical Transactions of the Royal Society of London. Series A, Containing Papers of a Mathematical or Physical Character"
4220,"Philosophical Transactions of the Royal Society of London. Series A, Mathematical and Physical Sciences"
4221,Philosophical Transactions of the Royal Society of London. Series A: Physical and Engineering Sciences
4222,"Philosophical Transactions of the Royal Society A: Mathematical, Physical and Engineering Sciences"
4223,Philosophical Transactions of the Royal Society of London. (B.)
4224,"Philosophical Transactions of the Royal Society of London. B, Biological Sciences"
4225,Philosophical Transactions of the Royal Society of London. Series B: Biological Sciences
4226,Journal of the Energy Institute
4227,Philosophical Transactions of the Royal Society B: Biological Sciences
4228,Jhlt Open
4229,International Conference on Innovations in Computer Science and Engineering
4230,International Conference on Frontiers of Intelligent Computing: Theory and Applications
4231,Philosophical Transactions of the Royal Society of London
4232,Microbiology
4233,International Journal of Systematic and Evolutionary Microbiology
4234,Journal of Medical Microbiology
4235,Microbial Genomics
4236,China Aeronautical Science and Technology Youth Science Forum
4237,Journal of General Virology
4238,The Scientific World Journal
4239,The Scientific World JOURNAL
4240,International Workshop on New Approaches for Multidimensional Signal Processing
4241,Genes &amp; Development
4242,"Calkhoven, C F, Müller, C & Leutz, A 2000, 'Translational control of C/EBPalpha and C/EBPbeta isoform expression', Genes & Development, vol. 14, no. 15, pp. 1920-32. https://doi.org/10.1101/gad.14.15.1920"
4243,Genome Research
4244,The Asia Pacific Computer Systems Conference
4245,Journal of Solid State Chemistry
4246,International Conference on Artificial Intelligence in Education Technology
4247,International Conference on Communications and Cyber Physical Engineering 2018
4248,International Symposium on Intelligent Informatics 
4249,International Conference on applied Mathematics & Computational Intelligence
4250,China High Resolution Earth Observation Conference
4251,International Workshop on Human Brain and Artificial Intelligence
4252,International Conference on Computational Science and Technology
4253,"International Conference on Recent Advances in Materials, Manufacturing and Thermal Engineering"
4254,Learning &amp; Memory
4255,"International Conference on Hydraulics, Water Resources and Coastal Engineering"
4256,Molecular Case Studies
4257,Cold Spring Harbor Protocols
4258,Physical Review D
4259,Physical Review Letters
4260,The International Conference on Computational Design and Robotic Fabrication
4261,Physical Review X
4262,Plant Physiology
4263,International Conference on Soft Computing and Signal Processing
4264,The Plant Cell
4265,Journal of Intelligent Material Systems and Structures
4266,Journal of Applied Crystallography
4267,Congress on Intelligent Systems
4268,Acta Crystallographica Section A Foundations of Crystallography
4269,Acta Crystallographica Section B Structural Science
4270,International Workshop of Advanced Manufacturing and Automation
4271,Acta Crystallographica Section A
4272,Acta Crystallographica Section D Biological Crystallography
4273,International Conference on Cognitive based Information Processing and Applications
4274,Journal of Synchrotron Radiation
4275,International Conference on Mechanism and Machine Science
4276,IUCrJ
4277,"Acta Crystallographica Section B Structural Science, Crystal Engineering and Materials"
4278,Acta Crystallographica Section C Structural Chemistry
4279,Acta Crystallographica Section A Foundations and Advances
4280,Acta Crystallographica Section E Crystallographic Communications
4281,International Conference on Information and Communication Technology for Competitive Strategies
4282,Acta Crystallographica Section D Structural Biology
4283,Aslib Proceedings
4284,British Food Journal
4285,Industrial and Commercial Training
4286,International Conference on Emerging Networking Architecture and Technologies
4287,International Conference on Internet of Things and Connected Technologies
4288,Journal of Documentation
4289,International Conference on Intelligent Transportation and Logistics with Big Data & International Forum on Decision Sciences
4290,International Conference on Futuristic Communication and Network Technologies
4291,Management Decision
4292,International Conference on Building Energy and Environment
4293,China Health Information Processing Conference
4294,Program
4295,Education + Training
4296,"International Conference On Signal And Information Processing, Networking And Computers"
4297,Work Study
4298,Personnel Review
4299,International Virtual Conference on Industry
4300,Management Research News
4301,Management Research Review
4302,Employee Relations
4303,International Conference on Intelligent Computing
4304,International Journal of Manpower
4305,Leadership &amp; Organization Development Journal
4306,Industrial Robot: An International Journal
4307,International Journal of Sociology and Social Policy
4308,International Journal of Operations &amp; Production Management
4309,International Conference on Recent Advances in Mechanical Infrastructure
4310,East Asia-Pacific Conference on Structural Engineering and Construction
4312,International Conference on Cloud and Network Computing
4313,International Conference on Mobile Internet Security
4314,"International Conference on VLSI, Communication and Signal processing"
4315,Congress of the International Ergonomics Association
4316,"International Conference on Advances in Materials, Modeling, and Analysis for Sustainable and Resilient Infrastructure"
4317,Journal of Economic Studies
4318,Assembly Automation
4319,Sensor Review
4320,"Equality, Diversity and Inclusion: An International Journal"
4321,Journal of Management Development
4322,Structural Survey
4323,Facilities
4324,Marketing Intelligence &amp; Planning
4325,Industrial Management &amp; Data Systems
4326,Property Management
4327,The Electronic Library
4328,Engineering Computations
4329,International Marketing Review
4330,International Journal of Bank Marketing
4331,International Conference on Future Power Network and Smart Energy Systems
4332,International Journal of Quality &amp; Reliability Management
4333,Journal of Managerial Psychology
4334,Managerial Auditing Journal
4335,Journal of Business Strategy
4336,Circuit World
4337,International Joint Conference on Artificial Intelligence
4338,International Journal of Social Economics
4339,Managerial Finance
4340,European Journal of Marketing
4341,International Conference on AI Systems and Sustainable Technologies
4342,International Symposium on Bioinformatics Research and Applications
4343,International Conference on Subsurface Technology
4344,CCF Intelligent Vehicles Symposium
4345,China National Conference on Big Data and Social Computing
4346,International Symposium on Advanced Parallel Processing Technologies
4347,GENZERO workshop
4348,United Nations Germany Workshop on the International Space Weather Initiative: Preparing for the Solar Maximum
4349,International Symposium on Neural Networks
4350,Journal of European Industrial Training
4351,International Conference on Clean Energy and Electrical Systems
4352,European Journal of Training and Development
4353,Kybernetes
4354,International Conference on Information Processing and Network Provisioning
4355,Journal of Consumer Marketing
4356,International Joint Conference on Civil and Marine Engineering
4357,National Convention of Civil engineers
4358,International Conference of Educational Innovation through Technology
4359,Conference on High-Quality Urban Development and Beautiful Countryside Construction
4360,International Conference on Service Science
4361,Library Hi Tech
4362,Journal of Business &amp; Industrial Marketing
4363,International Conference on Management Science and Engineering Management
4364,International Conference on Technology 4 Education
4365,Journal of Services Marketing
4366,The International Conference on Intelligent Systems & Networks
4367,International Conference on Sustainability and Emerging Technologies for Smart Manufacturing
4368,International Conference on Man-Machine-Environment System Engineering
4369,International Journal of Educational Management
4370,International Conference on Knowledge Innovation and Invention
4371,"International Conference on Construction, Real Estate, Infrastructure & Project Management"
4372,International Conference on Future Information Technology
4373,International Journal of Public Sector Management
4374,International Conference on Intelligent Technology for Educational Applications
4375,"Accounting, Auditing &amp; Accountability Journal"
4376,International Conference on Intelligent Robotics and Applications
4377,International Conference on Civil Engineering Innovative Development in Engineering Advances
4378,International Journal of Health Care Quality Assurance
4379,Journal of Organizational Change Management
4380,"International Conference of Pioneering Computer Scientists, Engineers and Educators"
4381,The International Conference on Recent Innovations in Computing
4382,The TQM Magazine
4383,European Business Review
4384,China National Conference on Chinese Computational Linguistics
4385,China Simulation Conference
4386,International Journal of Service Industry Management
4387,International Conference on Sustainable Development
4388,Aerospace Frontiers Conference
4389,Journal of Service Management
4390,International Conference of Geoscience and Remote Sensing Technology
4391,International Conference on Multimedia Information Technology and Applications
4392,The International Journal of Logistics Management
4393,International Conference on Data Security and Privacy Protection
4394,Logistics Information Management
4395,Journal of Educational Administration
4396,International Conference on Nuclear Engineering
4397,"International Symposium on Software Reliability, Industrial Safety, Cyber Security and Physical Protection for Nuclear Power Plant"
4398,International Journal of Retail &amp; Distribution Management
4399,International Conference on Intelligent Systems and Data Science
4400,Information Technology &amp; People
4401,International Journal of Contemporary Hospitality Management
4402,International Journal of Physical Distribution &amp; Logistics Management
4403,International Conference on Information and Communications Security
4404,International Conference on Wireless Communication
4405,National Conference of Theoretical Computer Science
4406,International Conference on Neural Computing for Advanced Applications
4407,Managing Service Quality: An International Journal
4408,Games and Economic Behavior
4409,International Visual Informatics Conference
4410,Women in Management Review
4411,Disaster Prevention and Management: An International Journal
4412,Blockchain and Web3 Technology Innovation and Application Exchange Conference
4413,Health Education
4414,Quality Assurance in Education
4415,Information Management &amp; Computer Security
4416,The Learning Organization
4417,International Conference on Formal Engineering Methods
4418,"Engineering, Construction and Architectural Management"
4419,International Journal of Commerce and Management
4420,Competitiveness Review: An International Business Journal
4421,Journal of Product &amp; Brand Management
4422,International Conference on Data Science and Artificial Intelligence
4423,International Conference on Cryptology and Network Security
4424,Asia Simulation Conference
4425,Internet Research
4426,Principle and Practice of Data and Knowledge Acquisition Workshop
4427,International Conference on Innovations in Clean Energy Technologies
4428,"International Conference on Recent Developments in Control, Automation & Power Engineering"
4429,International Conference on Electric Power and Renewable Energy
4430,On the Horizon
4431,Strategy &amp; Leadership
4432,Pacific Rim International Conference on Artificial Intelligence
4433,Qualitative Research in Accounting &amp; Management
4434,Journal of Systems and Information Technology
4435,Qualitative Market Research: An International Journal
4436,Team Performance Management: An International Journal
4437,Cross Cultural Management: An International Journal
4438,Journal of Quality in Maintenance Engineering
4439,Rapid Prototyping Journal
4440,International Journal of Entrepreneurial Behavior &amp; Research
4441,Finite Elements in Analysis and Design
4442,Asia Pacific Journal of Marketing and Logistics
4443,Corporate Communications: An International Journal
4444,Microelectronics International
4445,Supply Chain Management: An International Journal
4446,International Conference on Frontiers in Cyber Security
4447,International Conference on Informatics in Economy
4448,"International Conference on Emerging Research in Computing, Information, Communication, Artificial Intelligence and Machine Learning"
4449,Journal of Fashion Marketing and Management: An International Journal
4450,International Symposium on Knowledge and Systems Sciences
4451,Career Development International
4452,International Conference on Trends in Computational and Cognitive Engineering
4453,Journal of Communication Management
4454,Policing: An International Journal of Police Strategies &amp; Management
4455,Journal of Workplace Learning
4456,Journal of Knowledge Management
4457,International Conference on Work Integrated Learning
4458,Process Safety and Environmental Protection
4459,International Conference on Technology in Education
4460,International Conference on Big Data Analytics for Cyber-Physical System in Smart City
4461,Measuring Business Excellence
4462,Journal of Human Resource Costing &amp; Accounting
4463,European Journal of Innovation Management
4464,"International Conference on Computing, Communication, Security and Intelligent Systems"
4465,Journal of Small Business and Enterprise Development
4466,Benchmarking: An International Journal
4467,Multidisciplinary International Conference of Research Applied to Defense and Security
4468,Foresight
4469,Business Process Management Journal
4470,Australasian Joint Conference on Artificial Intelligence
4471,Journal of Fluids and Structures
4472,International Conference on AI Logic and Applications
4473,International Journal of Agile Management Systems
4474,International Journal of Sustainability in Higher Education
4475,"The International Conference on Cybersecurity, Situational Awareness and Social Media"
4476,Online Information Review
4477,International Conference on Communication and Applied Technologies
4478,Journal of Intellectual Capital
4479,International Conference on Future Data and Security Engineering
4480,Progress in Organic Coatings
4481,Construction Innovation
4482,Corporate Governance: The international journal of business in society
4483,Journal of Facilities Management
4484,Strategic HR Review
4485,International Conference on Computational Intelligence And Smart Technologies In Electrical Engineering
4486,Managing Community Care
4487,The Journal of Risk Finance
4488,Tourism Review
4489,Journal of Manufacturing Technology Management
4490,Journal of Enterprise Information Management
4491,International Conference on Web Information Systems Engineering
4492,International Journal of Productivity and Performance Management
4493,International Journal of Managerial Finance
4494,Qualitative Research in Organizations and Management: An International Journal
4495,Journal of Modelling in Management
4496,Society and Business Review
4497,International Journal of Emerging Markets
4498,Social Responsibility Journal
4499,Journal of Research in Interactive Marketing
4500,"Transforming Government: People, Process and Policy"
4501,"International Journal of Culture, Tourism and Hospitality Research"
4502,Journal of Enterprising Communities: People and Places in the Global Economy
4503,International Journal of Energy Sector Management
4504,Social Enterprise Journal
4505,Leadership in Health Services
4506,Journal of Place Management and Development
4507,International Journal of Managing Projects in Business
4508,International Journal of Islamic and Middle Eastern Finance and Management
4509,Gender in Management: An International Journal
4510,International Journal of Law and Management
4511,The TQM Journal
4512,Journal of Strategy and Management
4513,International Journal of Gender and Entrepreneurship
4514,International Journal of Quality and Service Sciences
4515,"International Symposium on Dependable Software Engineering: Theories, Tools, and Applications"
4516,Journal of Financial Economic Policy
4517,Journal of Islamic Accounting and Business Research
4518,Journal of Islamic Marketing
4519,Mid-American Journal of Business
4520,International Journal of Lean Six Sigma
4521,Asian Education and Development Studies
4522,Asia Pacific Journal of Innovation and Entrepreneurship
4523,Built Environment Project and Asset Management
4524,The Bottom Line
4525,Central European Management Journal
4526,Corporate Governance
4527,"Digital Policy, Regulation and Governance"
4528,International Journal of Physical Distribution &amp; Materials Management
4529,International Journal of Conflict Management
4530,"International Conference on Advances in Concrete, Structural, & Geotechnical Engineering"
4531,Online Review
4532,The International Journal of Organizational Analysis
4533,Aircraft Engineering and Aerospace Technology
4534,Reference Services Review
4535,Planning Review
4536,EuroMed Journal of Business
4537,International Conference on Sustainable Power and Energy Research
4538,Library Management
4539,Women in Management Review &amp; Abstracts
4540,"Accounting, Auditing &amp; Accountability"
4541,International Conference on Asian Digital Libraries
4542,Human Resource Management International Digest
4543,International Journal of Accounting &amp; Information Management
4544,International Conference on Opportunities and Challenges for Resilient Future
4545,International Conference on Green Energy and Sustainable Technology
4546,CCF Conference on Big Data
4547,Conference of Transportation Research Group of India
4548,International Journal of Intelligent Computing and Cybernetics
4549,The International Journal of Information and Learning Technology
4550,Chinese Conference on Biometric Recognition
4551,International Journal of Innovation Science
4552,International Conference on Informatics Engineering and Information Science
4553,International Conference on Artificial Intelligence Security and Privacy
4554,International Conference on Social Robotics
4555,International Conference on Artificial Intelligence and Virtual Reality
4556,International Journal of Organizational Analysis
4557,International Conference on Data Science and Applications
4558,World Conference on Information Systems for Business Management
4559,International Journal of Tourism Cities
4560,International Journal of Web Information Systems
4561,Information and Learning Sciences
4562,International Conference on Intelligent Computing and Communication
4563,International Conference on Environment Pollution and Prevention
4564,Journal of Financial Crime
4565,Journal of Financial Regulation and Compliance
4566,International Seminar on Aerospace Science and Technology
4567,Journal of Humanitarian Logistics and Supply Chain Management
4568,International Conference on Smart Systems and Wireless Communication
4569,Journal of Indian Business Research
4570,Journal of International Education in Business
4571,International Conference on Recent Advances in Geotechnical Earthquake Engineering and Soil Dynamics
4572,Annual Conference of China Electrotechnical Society
4573,International Engineering Research Symposium
4574,International Conference on Blockchain and Trustworthy Systems
4575,"International Conference on Mathematical Modeling, Computational Intelligence Techniques and Renewable Energy"
4576,Journal of Organizational Effectiveness: People and Performance
4577,International Conference on Trends in Sustainable Computing and Machine Intelligence
4578,Journal of Professional Capital and Community
4579,Journal of Research in Innovative Teaching &amp; Learning
4580,International Conference on Mathematics of Intelligent Computing and Data Science
4581,"All India Manufacturing Technology, Design and Research conference"
4582,Journal of Service Theory and Practice
4583,Journal of Science &amp; Technology Policy Management
4584,Journal of Science and Technology Policy Management
4585,Journal of Tourism Futures
4586,Journal of Work-Applied Management
4587,Library Hi Tech News
4588,Library Review
4589,Multinational Business Review
4590,International Conference on Genetic and Evolutionary Computing
4591,Meditari Accountancy Research
4592,Management of Environmental Quality: An International Journal
4593,Managing Service Quality
4594,Nankai Business Review International
4595,International Conference on “Modern Trends in Civil Engineering Infrastructure Development and Management”
4792,Jpras Open
4793,Modern Pathology
4596,International Conference on Civil Engineering and Materials Science
4597,International Symposium in Environmental Science and Industrial Ecology
4598,Qualitative Research Journal
4599,International EdTech Conference
4600,RAUSP Management Journal
4601,Records Management Journal
4602,China Intelligent Robotics Annual Conference
4603,Essays in Honor of Aman Ullah
4604,"International Symposium on Software Fault Prevention, Verification, and Validation"
4605,Communication and Information Technologies Annual
4606,"Sustainability Accounting, Management and Policy Journal"
4607,International Conference on Advances in Civil and Ecological Engineering Research
4608,The Purple Mountain Forum on Smart Grid Protection and Control
4609,International Conference on Artificial Intelligence on Textile and Apparel
4610,Spanish Journal of Marketing - ESIC
4611,Social Studies Research and Practice
4612,"International Conference on Machine Learning, Cloud Computing and Intelligent Mining"
4613,China Conference on Information Retrieval
4614,Proceedings of the IEEE
4615,IEEE Transactions on Robotics
4616,IEEE Transactions on Smart Grid
4617,Growth and Change
4618,"International Conference on Smart Vehicular Technology, Transportation, Communication and Applications"
4619,International Conference on Information Technology and Applications
4620,Journal of Econometrics
4621,Doctoral Symposium on Human Centered Computing
4622,"International Conference on Modelling, Identification and Control"
4623,"International Conference on Information Science, Communication and Computing"
4624,China Conference on Knowledge Graph and Semantic Computing
4625,International Conference on Clean and Green Energy
4626,"International Conference of Electrical, Electronic and Networked Energy Systems"
4627,"International Conference on Environmental Geotechnology, Recycled Waste Materials and Sustainable Engineering"
4628,International Conference on Applied Intelligence
4629,Journal of Regional Science
4630,Journal of Social Issues
4631,Language Learning
4632,The Modern Language Journal
4633,The Photogrammetric Record
4634,Public Administration Review
4635,International Conference on Smart Electrical Grid and Renewable Energy
4636,Sociological Methodology
4637,Political Psychology
4638,International Conference on Smart Computing and Informatics
4639,Risk Analysis
4640,Sociological Theory
4641,Computational Intelligence
4642,Computer-Aided Civil and Infrastructure Engineering
4643,International Conference on Transportation System Engineering and Management
4644,Governance
4645,International Conference on Artificial Intelligence and Networking
4646,Risk Management and Insurance Review
4647,Women Indian Geotechnical Conference
4648,Applied Psychology
4649,Accounting &amp; Finance
4650,Journal of Economic Surveys
4651,Journal of Family Therapy
4652,International Conference on Smart Cyber Physical Systems
4653,The Journal of Industrial Economics
4654,Journal of Law and Society
4655,China Conference on Wireless Sensor Networks
4656,International Conference on Data Analytics and Insights
4657,Journal of Personality
4658,Development and Change
4659,Developmental Science
4660,Indian International Conference on Air Quality Management
4661,International Field Exploration and Development Conference
4662,Disasters
4663,CCF Conference on Computer Supported Cooperative Work  and Social Computing
4664,International Conference on Frontier Computing
4665,African Development Review
4666,Antipode
4667,Asian Journal of Social Psychology
4668,Australian &amp; New Zealand Journal of Statistics
4669,Australian Journal of Public Administration
4670,Bioethics
4671,British Journal of Special Education
4672,British Journal of Educational Technology
4673,Journal of Pediatric Surgery
4674,"INTERNATIONAL CONFERENCE ON WIRELESS COMMUNICATIONS, NETWORKING AND APPLICATIONS"
4675,"International Conference on Image, Vision and Intelligent Systems"
4676,Mechatronics
4677,Neurochirurgie
4678,The Second Global Forum on Space Information for Sustainable Development
4679,International Conference on Leveraging Emerging Technologies and Analytics for Development
4680,International Conference on Frontiers in Industrial and Applied Mathematics
4681,Journal of Clinical Anesthesia
4682,"International Conference on Internet of Things, Communication and Intelligent Technology"
4683,International Conference on Frontier Computing 
4684,Australasian Universities Building Education Association Conference
4685,Smart and Sustainable Industrial Ecosystem Conference
4686,International Conference on Biomedical Engineering
4687,International Conference on Brain Inspired Cognitive Systems
4688,International Symposium on Artificial Intelligence and Robotics
4689,Chinese Materials Conference
4690,Annual Meeting Conference on Porous Media
4691,International Conference on the Frontiers of Robotics and Software Engineering
4692,International Conference on Marketing and Technologies
4693,International Conference on Data-Processing and Networking
4694,International Conference on Additive Manufacturing
4695,Conference on GeoPractices towards Sustainable Infrastructure
4696,International Conference on Economic Management and Green Development
4697,International Conference on Advanced Unmanned Aerial Systems
4698,International Conference on Computing and Communication Networks
4699,Jornal De Pediatria
4700,Journal of Evidence Based Dental Practice
4701,Jses Reviews Reports and Techniques
4702,Journal of Behavioral and Cognitive Therapy
4703,Pediatric Neurology
4704,Journal of Pediatrics
4705,International Conference on Mathematics and Logics in Computer Science
4706,Nurse Education in Practice
4707,"International Symposium on Hydrogen Energy, Renewable Energy and Materials"
4708,Arabic Conference of the Arab Union for Astronomy and Space Sciences and Tools for Decision Support
4709,International Conference on Recent Developments in Cyber Security
4710,Journal of Rural Studies
4711,International Conference on Sustainable Computing and Intelligent Systems
4712,"The International Conference on Applied Nonlinear Dynamics, Vibration and Control"
4713,International Conference on Sustainable and Innovative Solutions for Current Challenges in Engineering & Technology
4714,Annals of Anatomy
4715,Journal of Vascular Surgery Cases Innovations and Techniques
4716,International Journal of Nursing Studies
4717,International Conference on Pattern Analysis and Machine Intelligence
4718,International Conference on Human-Centric Smart Computing
4719,"International Conference on Micro, Nano, and Smart Systems"
4720,International Conference on Applied and Industrial Mathematics
4721,International Conference on Autonomous Unmanned Systems
4722,International Symposium on Environmental Vibration and Transportation Geodynamics
4723,International Conference on Sensors and Microsystems
4724,International Conference on Advances in Data-driven Computing and Intelligent Systems
4725,"International Conference on Petroleum, Hydrogen, & Decarbonization"
4726,International Conference on Power and Embedded Drive Control
4727,Latin American Conference on Learning Technologies
4728,International Conference on Next-Generation Communication and Computing
4729,International Conference on Computer Science and Educational Informatization
4730,Innovative Food Science and Emerging Technologies
4731,International Joint Conference on Advances in Computational Intelligence
4732,Marine and Petroleum Geology
4733,"International Conference on Micro/Nanoelectronics Devices, Circuits and Systems"
4734,"IRC Conference on Science, Engineering and Technology"
4735,International Symposium on Security and Privacy in Social Networks and Big Data
4736,International Conference on Intelligent Information Technologies
4737,International Conference on Financial Technology
4738,"International conference on Advancement in Materials, Manufacturing, and Energy Engineering"
4739,Indian Chemical Engineering Congress
4740,International Conference on Intelligent Computing Systems and Applications
4741,Vietnam Symposium on Advances in Offshore Engineering
4742,"International Conference on Entrepreneurship, Innovation, and Leadership"
4743,International Conference on Intelligent Manufacturing and Robotics
4744,International Conference on Artificial Intelligence and Autonomous Transportation
4745,"International Conference On Health Informatics, Intelligent Systems And Networking Technologies "
4746,International Conference on Computer Engineering and Networks
4747,Project Leadership and Society
4748,Applied Nursing Research
4749,International Conference on Engineering Mathematics and Computing
4750,Clinical Biomechanics
4751,The International Conference of Sustainable Development and Smart Built Environments
4752,International Journal of Accounting Information Systems
4753,Energy Reports
4754,European Journal of Medicinal Chemistry Reports
4755,Electrical Artificial Intelligence Conference
4756,Energy Economics
4757,Economics Letters
4758,Osteoarthritis and Cartilage Open
4759,Finance Research Letters
4760,International Journal of Production Economics
4761,International Conference on Intelligent Computing and Advances in Communication
4762,International Emergency Nursing
4763,Dentistry Review
4764,American Heart Journal Plus Cardiology Research and Practice
4765,International Review of Economics and Finance
4766,Current Opinion in Biotechnology
4767,Food and Humanity
4768,Gene Reports
4769,Social Science and Medicine
4770,Journal of Plastic Reconstructive and Aesthetic Surgery
4771,Techniques in Vascular and Interventional Radiology
4772,Journal of the Air Transport Research Society
4773,Journal of Environmental Chemical Engineering
4774,Research in Globalization
4775,Meta Radiology
4776,Digital Chemical Engineering
4777,European Urology Open Science
4778,Journal of Vascular and Interventional Radiology
4779,Surgery in Practice and Science
4780,African Journal of Emergency Medicine
4781,Applied Ocean Research
4782,Seminars in Orthodontics
4783,China Economic Review
4784,Cleaner Environmental Systems
4785,Materials Today Electronics
4786,Advances in Applied Energy
4787,Supramolecular Materials
4788,Clinical Imaging
4789,The Global Conference on Entrepreneurship and the Economy in an Era of Uncertainty
4790,Trends in Environmental Analytical Chemistry
4791,Applied Materials Today
4794,Science Talks
4795,International Journal of Cardiology Congenital Heart Disease
4796,Pharmaceutical Science Advances
4797,Oral Oncology Reports
4798,International Journal of Information Management Data Insights
4799,Clinical Nutrition Espen
4800,Asian Journal of Psychiatry
4801,E Prime Advances in Electrical Engineering Electronics and Energy
4802,Development and Sustainability in Economics and Finance
4803,Journal of Sport and Health Science
4804,Trends in Anaesthesia and Critical Care
4805,Supply Chain Analytics
4806,Clinical Gastroenterology and Hepatology
4807,Research Methods in Applied Linguistics
4808,Sustainable Energy Grids and Networks
4809,Current Opinion in Environmental Sustainability
4810,Drug Discovery Today
4811,Microchemical Journal
4812,Current Opinion in Behavioral Sciences
4813,Internet Interventions
4814,Laboratory Investigation
4815,Exploratory Research in Clinical and Social Pharmacy
4816,Applied Food Research
4817,Regenerative Therapy
4818,"International Conference On Artificial Intelligence, Computing, IOT and Data Analytics"
4819,Digital Engineering
4820,Biosensors and Bioelectronics X
4821,Etransportation
4822,Public Relations Review
4823,Oral Oncology
4824,Bioresource Technology Reports
4825,Jto Clinical and Research Reports
4826,Journal of Neonatal Nursing
4827,Oral Surgery Oral Medicine Oral Pathology and Oral Radiology
4828,Interdisciplinary Neurosurgery Advanced Techniques and Case Management
4829,Journal of Financial Stability
4830,Brain Research Bulletin
4831,Smart Health
4832,Communications in Transportation Research
4833,Transportation Engineering
4834,Quarterly Review of Economics and Finance
4835,Structural Change and Economic Dynamics
4836,Cleaner Engineering and Technology
4837,International Conference on Mobile Radio Communications & 5G Networks
4838,Current Opinion in Immunology
4839,Breast
4840,Geography and Sustainability
4841,Cleaner and Responsible Consumption
4842,Addictive Behaviors Reports
4843,Physical Communication
4844,International Journal of Nursing Studies Advances
4845,Current Research in Translational Medicine
4846,Water Energy Nexus
4847,Journal of Archaeological Science Reports
4848,Global Finance Journal
4849,Current Opinion in Electrochemistry
4850,Government Information Quarterly
4851,Mechanobiology in Medicine
4852,Microbial Pathogenesis
4853,Infant Behavior and Development
4854,European Journal of Surgical Oncology
4855,International Conference on Intelligent Systems and Security
4856,Egyptian Informatics Journal
4857,Sustainable Chemistry for Climate Action
4858,Kidney International
4859,International Forum on Digital TV and Wireless Multimedia Communications
4860,Journal of Agriculture and Food Research
4861,International Journal of Electrical Power and Energy Systems
4862,Geomatica
4863,International Symposium on Information and Communication Technology
4864,Journal of Hydrology Regional Studies
4865,Food Chemistry Advances
4866,Cleaner Logistics and Supply Chain
4867,International Review of Financial Analysis
4868,Current Opinion in Food Science
4869,Pharmacological Research
4870,Computerized Medical Imaging and Graphics
4871,Digital Applications in Archaeology and Cultural Heritage
4872,Precision Medicine and Engineering
4873,Medicine in Novel Technology and Devices
4874,Molecular and Biochemical Parasitology
4875,Ultrasound in Medicine and Biology
4876,Accounting Organizations and Society
4877,Materials Today Advances
4878,Technical Innovations and Patient Support in Radiation Oncology
4879,Journal of Molecular and Cellular Cardiology
4880,European Journal of Oncology Nursing
4881,Nano Transmed
4882,Journal of International Accounting Auditing and Taxation
4883,Journal of Emergency Medicine
4884,Progress in Engineering Science
4885,Medicine in Drug Discovery
4886,Research in Developmental Disabilities
4887,Anthropocene
4888,"International Conference of Art, Design & Technology"
4889,Ssm Population Health
4890,International Conference on Environment Sciences and Renewable Energy
4891,Sustainable Materials and Technologies
4892,Asia Pacific Conference on Manufacturing Systems and International Manufacturing Engineering Conference
4893,Contemporary Clinical Trials
4894,Ecological Genetics and Genomics
4895,International Conference on Computational Intelligence in Machine Learning
4896,Operations Research Perspectives
4897,Structures
4898,Information and Organization
4899,International Symposium on Emerging Technologies for Education
4900,International Conference on Advances in Computer Engineering and Communication Systems
4901,Cleaner Water
4902,Biomedical Technology
4903,Bioactive Carbohydrates and Dietary Fibre
4904,Journal of Electronic Science and Technology
4905,Neuroscience Informatics
4906,One Health
4907,Digital Business
4908,Jhep Reports
4909,Hybrid Advances
4910,Cleaner Waste Systems
4911,Talanta Open
4912,Energy for Sustainable Development
4913,"International Conference on Emerging Research in Computing, Information, Communication and Applications"
4914,Chip
4915,International Conference on Intelligent Information Hiding and Multimedia Signal Processing
4916,Medicine in Microecology
4917,Maritime Transport Research
4918,Food Bioscience
4919,International Symposium on Distributed Ledger Technology
4920,International Conference on Sustainable Design and Manufacturing
4921,China Academic Conference on Printing and Packaging
4922,International Conference on Advanced Materials for Sustainable Innovation
4923,International Conference on Cyberspace Simulation and Evaluation
4924,Cleaner Energy Systems
4925,Decision Analytics Journal
4926,Microelectronics Reliability
4927,International Conference on Computational Intelligence
4928,Egyptian Journal of Remote Sensing and Space Science
4929,International Conference on Data Science and Communication
4930,World Conference on Floating Solutions
4931,International Conference on Advanced Engineering  Theory and Applications
4932,International Conference on Technologies and Applications of Artificial Intelligence
4933,International Symposium on Systems Modelling and Simulation
4934,International Summer School on Engineering Trustworthy Software Systems
4935,International Conference on Computational Intelligence and Data Engineering
4936,International Conference on Engineering Structures
4937,Molecular Therapy Oncology
4938,International Symposium for Intelligent Transportation and Smart City
4939,"International Joint Conference on Energy, Electrical and Power Engineering"
4940,International Conference on Intelligent Manufacturing and Energy Sustainability
4941,International Conference on Information Security and Cryptology
4942,"National conference on Intelligent Systems, IoT, and Wireless Communication for the Society"
4943,International Conference on Architecture across Boundaries
4944,Journal of Electroanalytical Chemistry
4945,International Symposium on Computational Intelligence and Industrial Applications
4946,National Conference on Sound and Music Technology
4947,International Conference on Ubiquitous Security
4948,Sustainable Cities and Society
4949,"International Conference on Data Science, Computation and Security"
4950,China National Conference on Terahertz Biophysics
4951,International Corrosion Congress
4952,International Conference on Advanced Computing and Intelligent Technologies
4953,Asia Education Technology Symposium
4954,"International Conference on Networks, Communications and Intelligent Computing"
4955,International Conference on Information Technology and Intelligence
4956,World Conference on Internet of Things: Applications & Future
4957,"International Symposium on Benchmarking, Measuring and Optimization"
4958,International Conference on Energy Transition and Exhibition
4959,International Conference and Exhibition on Sustainable Energy and Advanced Materials
4960,International Conference on Sustainability in Energy and Buildings
4961,CSIG Conference on Emotional Intelligence
4962,International Conference on Intelligent Multilingual Information Processing
4963,International Conference on Sustainability in Civil Engineering
4964,International Conference on Evolutionary Artificial Intelligence
4965,International Conference on Data Engineering and Communication Technology
4966,International Conference on Computer & Communication Technologies
4967,Computational Materials Today
4968,International Conference on 3D Imaging Technologies
4969,International Conference on Smart Data Intelligence
4970,"International Conference on Frontiers of Electronics, Information and Computation Technologies"
4971,International Conference on Mechanical Manufacturing Technology and Material Engineering
4972,"International Conference on Advanced Robotics, Control, and Artificial Intelligence"
4973,"International Conference on Mechanical, System and Control Engineer"
4974,"International Conference on Tourism, Technology and Systems"
4975,International Conference on Research into Design
4976,Aeolian Research
4977,Diamond and Related Materials
4978,Ore Geology Reviews
4979,International Conference on Advanced Communications and Machine Intelligence
4980,International Conference on Health Information Science
4981,Global Epidemiology
4982,Advances in Water Resources
4983,Environmental Advances
4984,Transplant Immunology
4985,International conference on technological ecosystems for enhancing multiculturality
4986,Applied Computing and Geosciences
4987,Proceedings of the International Manufacturing Engineering Conference & The Asia Pacific Conference on Manufacturing Systems
4988,Pathology
4989,International Conference on Computer Science and its Applications
4990,Chinese Conference on High Voltage and Discharge Plasmas
4991,International Conference on Communication and Intelligent Systems
4992,Chemical Physics Impact
4993,Materialia
4994,Sensors and Actuators A Physical
4995,Ecological Indicators
4996,Science of Remote Sensing
4997,British Journal of Industrial Relations
4998,British Journal of Management
4999,Trees Forests and People
5000,International Conference on Modern Practices and Trends in Expert Applications and Security
5001,The British Journal of Politics and International Relations
5002,Business Ethics: A European Review
5003,National Conference on Condition Monitoring
5004,Journal of Transport and Health
5005,International Conference on Computational Visual Media
5006,International Journal of Cardiology Cardiovascular Risk and Prevention
5007,International Conference on Recent Advances in Artificial Intelligence & Smart Applications
5008,Seizure
5009,Results in Optics
5010,International Conference on Smart Cities
5011,Environmental Challenges
5012,National Conference on Advanced and Emerging Materials for Technological Applications
5013,Computer Graphics Forum
5014,Materials Today Physics
5015,Constellations
5016,Corporate Governance: An International Review
5017,Current Directions in Psychological Science
5018,"International Conference on Sensing, Measurement, Communication and Internet of Things Technologies"
5019,Computational Condensed Matter
5020,Journal of Bone Oncology
5021,Geomechanics for Energy and the Environment
5022,The Political Quarterly
5023,Political Studies
5024,International Conference on Soft Computing: Theories and Applications
5025,Politics
5026,Nano Trends
5027,Atmospheric Environment X
5028,Microbial Risk Analysis
5029,International Conference On Data Mining And Information Security
5030,Materials Today Energy
5031,Public Administration
5032,R&amp;D Management
5033,Review of Development Economics
5034,The Scandinavian Journal of Economics
5035,Scandinavian Journal of Psychology
5036,Scandinavian Journal of Statistics
5037,Journal of Sociolinguistics
5038,Singapore Journal of Tropical Geography
5039,Social Development
5040,Energy Storage Materials
5041,Social Policy &amp; Administration
5042,Sustainable Chemistry and Pharmacy
5043,Sociologia Ruralis
5044,The Sociological Review
5045,Water Research X
5046,Sociology of Health &amp; Illness
5047,Studia Linguistica
5048,Syntax
5049,International Journal of Disaster Risk Reduction
5050,Thermal Science and Engineering Progress
5051,Teaching Statistics
5052,Journal of the Royal Anthropological Institute
5053,Green Analytical Chemistry
5054,Tijdschrift voor Economische en Sociale Geografie
5055,Transactions in GIS
5056,Transactions of the Philological Society
5057,The World Economy
5058,Journal of Research in Reading
5059,Journal of the Royal Statistical Society Series A: Statistics in Society
5060,Chemical Engineering Research and Design
5061,Clinical Ehealth
5062,International Conference on Innovations in Biotechnology and Health Sciences
5063,International Conference on Civil Engineering and Architecture
5064,International Journal of Antimicrobial Agents
5065,Physics Open
5066,Journal of the Royal Statistical Society Series C: Applied Statistics
5067,Fuel Processing Technology
5068,Journal of Time Series Analysis
5069,Ultrasonics Sonochemistry
5070,Deep Sea Research Part I Oceanographic Research Papers
5071,American Journal of Kidney Diseases
5072,Law &amp; Policy
5073,CCF China Blockchain Conference
5074,Mathematical Finance
5075,Metroeconomica
5076,The Milbank Quarterly
5077,Mind &amp; Language
5078,Diabetes Research and Clinical Practice
5079,"New Technology, Work and Employment"
5080,Congress on Smart Computing Technologies
5081,Oxford Bulletin of Economics and Statistics
5082,Pacific Philosophical Quarterly
5083,Economic Notes
5084,Earth Science Reviews
5085,Economica
5086,Economics &amp; Politics
5087,European Financial Management
5088,European Law Journal
5089,Expert Systems
5090,"Financial Markets, Institutions &amp; Instruments"
5091,Journal of Asian Earth Sciences X
5092,"Gender, Work &amp; Organization"
5093,Results in Materials
5094,Industrial Relations: A Journal of Economy and Society
5095,Industrial Relations Journal
5096,International Economic Review
5097,International Journal of Management Reviews
5098,International Journal of Selection and Assessment
5099,Regional Science Policy and Practice
5100,Journal of Genetic Engineering and Biotechnology
5101,International Journal of Urban and Regional Research
5102,International Migration
5103,International Social Science Journal
5104,Journal for the Scientific Study of Religion
5105,Journal for the Theory of Social Behaviour
5106,Journal of Business Finance &amp; Accounting
5107,JCMS: Journal of Common Market Studies
5108,Lancet Rheumatology
5109,International Conference on Innovations in Data Analytics
5110,Journal of Contingencies and Crisis Management
5111,Journal of Child Psychology and Psychiatry
5112,Avian Research
5113,Biochemistry and Biophysics Reports
5114,Nations and Nationalism
5115,Nuclear Materials and Energy
5116,Sleep Epidemiology
5117,Journal of Agrarian Change
5118,Global Networks
5119,BJOG: An International Journal of Obstetrics &amp; Gynaecology
5120,Annals of Epidemiology
5121,International Journal of Applied Linguistics
5122,Area
5123,Urban Climate
5124,The Geographical Journal
5125,Transactions of the Institute of British Geographers
5126,Perioperative Care and Operating Room Management
5127,Fiscal Studies
5128,Journal of Urban Mobility
5129,European Journal of Political Research
5130,Fungal Genetics and Biology
5131,Soil Security
5132,Health Services Research
5133,Journal of Infection and Public Health
5134,Case Studies in Chemical and Environmental Engineering
5135,Small Ruminant Research
5136,Atmospheric Pollution Research
5137,"BenchCouncil International Symposium on Intelligent Computers, Algorithms, and Applications"
5138,International Conference on Power and Electrical Engineering
5139,International Conference on Network Security and Blockchain Technology
5140,Journal of Financial Research
5141,Personal Relationships
5142,Natural Resources Forum
5143,Journal of Agricultural Economics
5144,Political Studies Review
5145,Psychological Science in the Public Interest
5146,Journal of Research on Adolescence
5147,The American Journal of Economics and Sociology
5148,"International Conference on Advanced Materials for Photonics, Sensing and Energy Conversion Energy Applications"
5149,International Conference on Machine Learning and Soft Computing
5150,Learning Disabilities Research &amp; Practice
5151,"International Conference on Emerging Trends in Microelectronics, Communication and Intelligent Systems"
5152,American Journal of Political Science
5153,"International Conference On ""Advances In Metrology"""
5154,International Congress on Information and Communication Technology
5155,Decision Sciences
5156,Real Estate Economics
5157,Social Science Quarterly
5158,Policy Studies Journal
5159,Biometrics
5160,Comprehensive Reviews in Food Science and Food Safety
5161,International Conference on Energy Engineering
5162,Asia Pacific Journal of Human Resources
5163,Criminology
5164,Human Resource Management Journal
5165,Journal of Food Science
5166,Microbial Biotechnology
5167,JAWRA Journal of the American Water Resources Association
5168,Journal of Diabetes
5169,Journal of Medical Imaging and Radiation Oncology
5170,Molecular Ecology Resources
5171,International Conference on Micro-Electronics and Telecommunication Engineering
5172,International journal of rheumatic diseases
5173,The RAND Journal of Economics
5174,Global Policy
5175,Contemporary Accounting Research
5176,International Conference on Management Information System
5177,Methods in Ecology and Evolution
5178,International Conference on Material Science
5179,Global Summit of Research Institutes for Disaster Risk Reduction
5180,International Conference on Recent Advancements in Mechanical Engineering
5181,Asia Conference on Environment and Sustainable Development
5182,International Conference On Innovative Computing And Communication
5183,Academic Emergency Medicine
5184,Research Conclave on Global Transformation
5185,Australian Dental Journal
5186,Animal Genetics
5187,Agricultural Economics
5188,International Conference on Advances in Distributed Computing and Machine Learning
5189,Australian Journal of Rural Health
5190,Allergy
5191,American Anthropologist
5192,American Ethnologist
5193,Anaesthesia
5194,Future Industrial Internet Symposium
5195,Acta Obstetricia et Gynecologica Scandinavica
5196,Acta Ophthalmologica
5197,Acta Physiologica
5198,Applied Psychology: Health and Well-Being
5199,International Conference on Materials and Thermophysical Properties
5200,International Conference on Electric Vehicle and Vehicle Engineering
5201,Asia-Pacific Psychiatry
5202,Australian Accounting Review
5203,Applied Vegetation Science
5204,"International Conference on Paradigms of Communication, Computing and Data Analytics"
5205,British Journal of Haematology
5206,British Journal of Health Psychology
5207,British Journal of Psychology
5208,British Journal of Social Psychology
5209,British Journal of Mathematical and Statistical Psychology
5210,Brain Pathology
5211,Creativity and Innovation Management
5212,Chemical Biology &amp; Drug Design
5213,"Child: Care, Health and Development"
5214,Child Development Perspectives
5215,Clinical and Experimental Immunology
5216,Child &amp; Family Social Work
5217,Cladistics
5218,CNS Neuroscience &amp; Therapeutics
5219,Contemporary Economic Policy
5220,Conservation Letters
5221,Clinical and Translational Science
5222,Diversity and Distributions
5223,"Development, Growth &amp; Differentiation"
5224,Springer eBooks
5225,Development Policy Review
5226,Decision Sciences Journal of Innovative Education
5227,Economic Geography
5228,International Conference on Multi-Strategy Learning Environment
5229,Educational Theory
5230,Early Intervention in Psychiatry
5231,European Journal of Education
5232,European Journal of Oral Sciences
5233,Epilepsia
5234,Evolutionary Applications
5235,Experimental Dermatology
5236,Family Process
5237,Family Relations
5238,Family and Consumer Sciences Research Journal
5239,The FEBS Journal
5240,The FEBS journal
5241,Financial Management
5242,International Conference on Data Mining and Big Data
5243,Financial Review
5244,Foreign Language Annals
5245,International Artificial Intelligence Conference
5246,Biennial International Conference on Future Learning Aspects of Mechanical Engineering
5247,Geographical Analysis
5248,Geography Compass
5249,"International Conference on Microelectronics, Electromagnetics and Telecommunication"
5250,Groundwater
5251,Headache: The Journal of Head and Face Pain
5252,Helicobacter
5253,Health Information &amp; Libraries Journal
5254,Histopathology
5255,Insect Conservation and Diversity
5256,International Conference on Environment Science and Engineering
5257,International Journal of Cosmetic Science
5258,International Journal of Consumer Studies
5259,International Journal of Food Science &amp; Technology
5260,International Journal of Stroke
5261,Immunological Reviews
5262,International Migration Review
5263,International Statistical Review
5264,International Conference on AI and Financial Innovation
5265,International Transactions in Operational Research
5266,The Euro-China Conference on Intelligent Data Analysis and Applications
5267,Canadian Journal of Economics/Revue canadienne d'économique
5268,International Conference on Universal Threats in Expert Applications and Solutions
5269,Journal of Applied Social Psychology
5270,Journal of Fish Biology
5271,Journal of Marriage and Family
5272,"Pellegrini , L & Gerlagh , R 2004 , ' Corruption ' , Kyklos , vol. 57 , no. 3 , pp. 429-456 . https://doi.org/10.1111/j.0023-5962.2004.00261.x"
5273,Review of Income and Wealth
5274,International Conference on Advanced Intelligent Technologies
5275,Parasite Immunology
5276,International Conference on Cognitive Computation and Systems
5277,National Conference on Advancement in Materials Processing Technology
5278,Ecological Entomology
5279,"International Conference on Cyber Security, Privacy in Communication Networks"
5280,Progress in Cardiovascular Nursing
5281,Journal of Avian Biology
5282,"International Conference on SmartRail, Traffic and Transportation Engineering"
5283,International Conference on Computational Complexity and Intelligent Algorithms
5284,Journal of the Peripheral Nervous System
5285,Philosophy &amp; Public Affairs
5286,International Symposium on Disaster Resilience and Sustainable Development
5287,International Conference on Smart Trends for Information Technology and Computer Communications
5288,International Journal of Auditing
5289,Journal of the American Ceramic Society
5290,British Journal of Addiction
5291,Molecular Plant Pathology
5292,European Journal of Clinical Investigation
5293,Journal of Soil Science
5294,International Conference on Mechanical Engineering: Researches and Evolutionary Challenges
5295,International Conference on MAchine inTelligence for Research & Innovations
5296,International Conference on Design and Manufacturing Technologies
5297,International Conference on the Applications of Science and Mathematics
5298,International Conference on Building Materials and Construction
5299,Symposium on Intelligent Manufacturing and Mechatronics
5300,The International Conference on Data Science and Emerging Technologies
5301,Journal of Applied Bacteriology
5302,Proceedings of International Conference on Recent Advancements in Artificial Intelligence
5303,Indian Geotechnical Conference
5304,"International Conference on Frontiers of Artificial Intelligence, Ethics, and Multidisciplinary Applications"
5305,International Conference on Logic and Argumentation
5306,"International Conference on Sustainable Infrastructure: Innovation, Opportunities and Challenges"
5307,International Conference on Innovative Computing
5308,Journal of Psychiatric and Mental Health Nursing
5309,International Conference on Recent Advances in Design and Manufacturing
5310,International Conference on Advanced Engineering Optimization Through Intelligent Techniques
5311,Journal of Veterinary Pharmacology and Therapeutics
5312,Mammal Review
5313,International Conference on E-Mobility
5314,International Conference on Design and Engineering of Lighter-Than-Air systems
5315,International Conference on Transportation Planning and Implementation Methodologies for Developing Countries
5316,International Conference on Renewable and Clean Energy
5317,"International Conference on Emerging Materials, Smart Manufacturing and Computational Intelligence"
5318,Conference of the European Chapter of the Association for Computational Linguistics
5319,Physiological Entomology
5320,"Plant, Cell &amp; Environment"
5321,Plant Pathology
5322,Systematic Entomology
5838,Obesity Medicine
5323,Tropical Medicine &amp; International Health
5324,Weed Research
5325,Addiction Biology
5326,Physiologia Plantarum
5327,Bipolar Disorders
5328,Acta Anaesthesiologica Scandinavica
5329,Vox Sanguinis
5330,Journal of Economics &amp; Management Strategy
5331,European Journal of Biochemistry
5332,Zeitschrift für Tierpsychologie
5333,Journal of Animal Breeding and Genetics
5334,Marine Ecology
5335,Clinical and Experimental Pharmacology and Physiology
5336,International Journal of Nursing Practice
5337,Journal of Gastroenterology and Hepatology
5338,Journal of Paediatrics and Child Health
5339,Nursing Inquiry
5340,Psychiatry and Clinical Neurosciences
5341,Australian Journal of Ecology
5342,Australian and New Zealand Journal of Surgery
5343,Pediatric Anesthesia
5344,"Diabetes, Obesity and Metabolism"
5345,Zoologica Scripta
5346,Resources Environment and Sustainability
5347,British Journal of Urology
5348,BJU International
5349,Franklin Open
5350,Jacc Advances
5351,Additive Manufacturing Letters
5352,Analytic Methods in Accident Research
5353,Abacus
5354,Current Opinion in Structural Biology
5355,American Journal of Medicine
5356,International Journal of Biochemistry and Cell Biology
5357,Kyklos
5358,Journal of Historical Sociology
5359,Journal of International Financial Management &amp; Accounting
5360,"Journal of Management Studies, 2010, 47 (4), pp.736-759. &#x27E8;10.1111/j.1467-6486.2009.00913.x&#x27E9;"
5361,Journal of Oral Biosciences
5362,Engineering Microbiology
5363,Water Science and Engineering
5364,Journal of Global Antimicrobial Resistance
5365,Plant Biotechnology Journal
5366,Journal of Equine Veterinary Science
5367,Journal of Shoulder and Elbow Surgery
5368,Current Plant Biology
5369,Food Packaging and Shelf Life
5370,Epidemics
5371,Photodiagnosis and Photodynamic Therapy
5372,Current Opinion in Cell Biology
5373,Computational Toxicology
5374,Photoacoustics
5375,Annals of the Association of American Geographers
5376,Emerging Trends in Drugs Addictions and Health
5377,Process Biochemistry
5378,Australian Journal of Agricultural Economics
5379,Australian Journal of Agricultural and Resource Economics
5380,Biodesign Research
5381,Poultry Science
5382,Sleep Medicine
5383,Global and Planetary Change
5384,Medical Dosimetry
5385,Global Environmental Change
5386,Algal Research
5387,Applications in Energy and Combustion Science
5388,International Journal of Greenhouse Gas Control
5389,Human Nutrition and Metabolism
5390,Journal of Structural Geology
5391,Journal of Atmospheric and Solar Terrestrial Physics
5392,Engineering Science and Technology an International Journal
5393,Clinical Radiology
5394,Journal of Magnetic Resonance
5395,Natural Language Processing Journal
5396,Measurement Food
5397,Ajpm Focus
5398,Journal of Structural Biology
5399,Medical Engineering and Physics
5400,Journal of Gynecology Obstetrics and Human Reproduction
5401,"International Conference on Security, Privacy and Data Analytics"
5402,International Conference on Sustainable Built Environment
5403,International Workshop on Frontiers in Algorithmics
5404,International Conference on Responsible Artificial Intelligence
5405,International conference on soft computing for problem-solving
5406,High Confidence Computing
5407,An International Conference Series of Nepal Geotechnical Society
5408,International Conference on Web Intelligence and Human-Machine Interaction
5409,Gondwana Research
5410,Review of European Community &amp; International Environmental Law
5411,Review of International Economics
5412,International Conference on Data Science and Management
5413,Journal of Behavioral and Experimental Economics
5414,International Conference on Information Technology and Artificial Intelligence
5415,Biomimetic Intelligence and Robotics
5416,"International Conference on Movement, Health and Exercise"
5417,International Conference on Construction Applications of Virtual Reality
5418,International Conference on Information and Communication Technology for Intelligent Systems
5419,World Englishes
5420,Journal of Public Economic Theory
5421,International Conference on Recent Advances in Structural Engineering
5422,Developmental Cognitive Neuroscience
5423,Chinese Journal of Aeronautics
5424,International Workshop on AI for Transportation
5425,International Conference on Advances in Education and Information Technology
5426,International Conference on Energy Power and Automation Engineering
5427,Applied Surface Science Advances
5428,"International Conference on Artificial Intelligence, Communication Technologies & Smart Cities"
5429,Metaphilosophy
5430,"International Conference on Cloud Computing, Data Science and Engineering"
5431,Noûs
5533,International Conference on Wireless Power Transfer
5432,Proceedings of Eighth International Conference on Information System Design and Intelligent Applications
5433,Pacific Economic Review
5434,International Journal of Critical Infrastructure Protection
5435,Journal of Finance and Data Science
5436,Economics of Transition
5437,Financial Accountability &amp; Management
5438,German Economic Review
5439,Higher Education Quarterly
5440,History and Theory
5441,Current Opinion in Neurobiology
5442,European Journal of Control
5443,Conference on Research and Industrial Conclave-Integration
5444,UiTM International Conference on Mathematical Sciences
5445,Asian Symposium on Materials and Processing
5446,Journal of Mood and Anxiety Disorders
5447,International Conference on DATA ANALYTICS & LEARNING
5448,International Conference on Resource Efficiency Towards Sustainability
5449,International Conference on Bio-Inspired Computing: Theories and Applications
5450,International Symposium on Lifeline and Infrastructure Earthquake Engineering
5451,"International Conference on Logistics, Informatics and Service Sciences"
5452,Cephalalgia
5453,Japanese Psychological Research
5454,Journal of Applied Philosophy
5455,International Conference on Smart and Advanced Manufacturing
5456,"Laser Display, Imaging and Lighting Conference"
5457,Annals of Eugenics
5458,International Colloquium on Methods and Tools for Decision Support
5459,"International Conference on Sustainable Materials, Environment and Technologies under climate change scenario"
5460,The Journal of Physiology
5461,Journal of Zoology
5462,Journal of the Franklin Institute
5463,International Conference on Signal Processing and Integrated Networks
5464,Journal of Process Control
5465,Energy Strategy Reviews
5466,International Journal of Dairy Technology
5467,"International Conference on Data, Engineering and Applications"
5468,Journal of Research in Special Educational Needs
5469,Psychology of Women Quarterly
5470,Transportation Research Part C Emerging Technologies
5471,Scandinavian Journal of Caring Sciences
5472,International Conference on Electrical Engineering and Control Applications
5473,International Conference on Interdisciplinary Approaches in Civil Engineering for Sustainable Development
5474,Geobiology
5475,Ibis
5476,Strain
5477,"Strain, 2007, 43 (3), pp.193-205. &#x27E8;10.1111/j.1475-1305.2007.00348.x&#x27E9;"
5478,Ophthalmic and Physiological Optics
5479,International Symposium on Automatic Control and Emerging Technologies
5480,Soil Use and Management
5481,Child and Adolescent Mental Health
5482,International Conference on Space Science and Communication
5483,Archaeometry
5484,"International Conference on  Energy Systems, Drives and Automations"
5485,Economic Record
5486,"The International Conference on Smart Manufacturing, Industrial & Logistics Engineering (SMILE)"
5487,Society of Automotive Engineers (SAE)-China Congress
5488,Parallel Computing
5489,Sustainable Energy Technologies and Assessments
5490,Sociological Inquiry
5491,International Conference on Sustainable and Innovative Solutions for Current Challenges in Engineering & Technology 
5492,National Symposium on High Voltage- Energy Storage Capacitors and Applications
5493,Liver International
5494,Journal of the Society of Dyers and Colourists
5495,JBI Reports
5496,Entomological Science
5497,International Conference on Frontiers of Energy and Environment Engineering
5498,International conference Congress of the Indian Society of Theoretical and Applied Mechanics
5499,Indian Conference On Applied Mechanics
5500,Psychoneuroendocrinology
5501,Performance Evaluation
5502,Aggression and Violent Behavior
5503,International Conference on Advances in Signal Processing And Communication Engineering
5504,Trends in Cognitive Sciences
5505,"International conference on  smart computing and cyber security : strategic foresight, security challenges and innovation"
5506,Surgery United States
5507,Birth
5508,SIAM Review
5509,Worldviews on Evidence-Based Nursing
5510,Evolution &amp; Development
5511,Summit on Music Intelligence
5512,Hypatia
5513,National Conference on Man-Machine Speech Communication
5514,xArch – creativity in the age of digital reproduction symposium
5515,International Conference on Cryptology & Network Security with Machine Learning
5516,Analyses of Social Issues and Public Policy
5517,Journal of Industrial Ecology
5518,Patterns
5519,Green Energy and Intelligent Transportation
5520,International Conference on Computer Science and Education
5521,Energy Conversion and Management X
5522,Journal of Prosthodontics
5523,"Journal of Money, Credit and Banking"
5524," International Conference on Radioscience, Equatorial Atmospheric Science and Environment"
5525,Journal of Ocean Engineering and Science
5526,International Conference on Architecture and Civil Engineering Conference :
5527,"Recent Evolutions in Energy, Drives and E-Vehicles"
5528,Digital Communications and Networks
5529,Utilities Policy
5530,ICT Express
5531,International Conference on Data Mining and Big Data 
5532,Journal of Risk and Insurance
5534,Journal of Biomedical Informatics
5535,ICMD: International Conference on Mechanical Design
5536,International Conference on Water Resource and Environment
5537,Journal of Water Process Engineering
5538,Journal of Microbiological Methods
5539,Mental Health and Physical Activity
5540,Medical Hypotheses
5541,Monographs of the Society for Research in Child Development
5542,Public Budgeting &amp; Finance
5543,Revista De Senologia Y Patologia Mamaria
5544,Conference and Exhibition on Non Destructive Evaluation
5545,Transfusion Medicine Reviews
5546,International Conference on Recent Advances in Mechanical Engineering Research and Development
5547,International Conference on River Corridor Research and Management
5548,Conference of the Associated research Centers for the Urban Underground Space
5549,Entertainment Computing
5550,International Conference on Modern Research in Aerospace Engineering
5551,CIRP Journal of Manufacturing Science and Technology
5552,Journal of Automation and Intelligence
5553,"International Conference on Electronics, Biomedical Engineering, and Health Informatics"
5554,Defence Technology
5555,Biological Psychiatry Cognitive Neuroscience and Neuroimaging
5556,Annual Conference on Infrastructure and Built Environment: Towards Sustainable and Resilient Societies
5557,International Conference on Advanced Civil Engineering and Smart Structures
5558,Biological Psychology
5559,International Conference on Space Information Network
5560,International Conference on Recent Trends in Computing
5561,"International Conference on Geotechnical Issues in Energy, Infrastructure and Disaster Management"
5562,ISA Transactions
5563,International Conference on Advances in Civil Engineering
5564,The International Conference on Sustainable Energy Technologies
5565,International Conference on Advances in Construction Machinery and Vehicle Engineering
5566,Annual Congress of the Asia-Pacific Society for Artificial Organs
5567,"The Journal of Finance, 63(1), 159 - 196. Wiley-Blackwell"
5568,International Conference on Computational Electronics for Wireless Communications (ICCWC)
5569,International Symposium on Advancement of Construction Management and Real Estate
5570,Journal of Pharmaceutical Analysis
5571,Electrochemistry Communications
5572,"International Conference series on Geotechnics, Civil Engineering and Structures"
5573,Progress in Aerospace Sciences
5574,Chinese Journal of Chemical Engineering
5575,Remote Sensing Applications Society and Environment
5576,Resource and Energy Economics
5577,Primary Care Diabetes
5578,Additive Manufacturing
5579,International Conference on Applied Soft Computing and Communication Networks
5580,National Technical Seminar on Unmanned System Technology
5581,IFAC Papersonline
5582,International Conference on Mathematics and Computing
5583,Canadian Geographies / Géographies canadiennes
5584,Engineering
5585,Review of Policy Research
5586,Image: the Journal of Nursing Scholarship
5587,"International Conference on Mathematics: Pure, Applied and Computation"
5588,The World Conference on Intelligent and 3D Technologies
5589,Journal of Nursing Scholarship
5590,Transportation Research Interdisciplinary Perspectives
5591,Latin American Politics and Society
5592,Rural Sociology
5593,Neurobiology of Learning and Memory
5594,Microcirculation
5595,The Journal of Protozoology
5596,Journal of Eukaryotic Microbiology
5597," International Conference on Artificial Intelligence, Robotics, and Communication"
5598,International Symposium on Plasma and Energy Conversion
5599,Academic emergency medicine : official journal of the Society for Academic Emergency Medicine
5600,International Symposium on Functional and Logic Programming
5601,Doctoral Symposium on Intelligence Enabled Research
5602,International Labour Review
5603,Sociological Forum
5604, International Conference on Computer Science and its Applications and the International Conference on Ubiquitous Information Technologies and Applications
5605,Journal of Cellular and Molecular Medicine
5606,Acta Ophthalmologica Scandinavica
5607,Acta psychiatrica Scandinavica
5608,International Conference on Scientific and Technological Advances in Materials for Energy Storage and Conversions
5609,Journal of Oral Pathology &amp; Medicine
5610,"International Conference on Artificial-Business Analytics, Quantum and Machine Learning"
5611,Journal of Periodontal Research
5612,Scandinavian Journal of Medicine &amp; Science in Sports
5613,G. Thieme eBooks
5614,American Journal of Reproductive Immunology
5615,Endodontic Topics
5616,Acta Paediatrica
5617,Journal of Vegetation Science
5618,Journal of Integrative Plant Biology
5619,APMIS
5620,Journal of Esthetic and Restorative Dentistry
5621,Population and Development Review
5622,Family Court Review
5623,Journal of Empirical Legal Studies
5624,Management and Organization Review
5625,Significance
5626,Family Business Review
5627,International Conference on Frontiers in Computing and Systems
5628,Basic &amp; Clinical Pharmacology &amp; Toxicology
5629,Journal of Child and Adolescent Psychiatric Nursing
5630,Personnel Psychology
5631,"International Conference on Communications, Circuits, and Systems"
5837,Basic and Applied Ecology
5632,International Conference on Mechanical and Energy Technologies
5633,International Conference on Fuzzy Information & Engineering
5634,International Symposium on Computer Science in Sport
5635,Results in Control and Optimization
5636,Forensic Science International Reports
5637,International Conference on Advances in Computational Science and Engineering
5638,Current Opinion in Systems Biology
5639,Annals of Applied Biology
5640,Chinese Journal of Physics
5641,"International Conference on Reliability, Safety, and Hazard"
5642,International Conference on Emerging Electronics and Automation
5643,Insect Science
5644,Canadian Journal of Agricultural Economics/Revue canadienne d'agroeconomie
5645,Journal of Educational Measurement
5646,Educational Measurement: Issues and Practice
5647,Journal of Food Process Engineering
5648,Journal of Food Quality
5649,Journal of Sensory Studies
5650,Journal of Texture Studies
5651,Journal of Purchasing and Materials Management
5652,International Journal of Purchasing and Materials Management
5653,IEEE International Conference on Advanced Infocomm Technology
5654,Journal of Supply Chain Management
5655,Journal of Choice Modelling
5656,Nano Communication Networks
5657,Geographical Research
5658,Journal of Consumer Affairs
5659,Journal of Applied Corporate Finance
5660,Perspectives on Psychological Science
5661,Journal of the American Academy of Nurse Practitioners
5662,Chinese Conference on Swarm Intelligence and Cooperative Control
5663,Advanced Powder Technology
5664,Australasian Conference on the Mechanics of Structures and Materials
5665,International Conference on E-Business and Applications
5666,Criminology &amp; Public Policy
5667,Journal of School Health
5668,"International Conference on Mathematics, Statistics, and Computing Technology"
5669,Results in Physics
5670,Philosophy Compass
5671,Acta Physiologica Scandinavica
5672,Entomological Research
5673,"Law, Medicine and Health Care"
5674,"Journal of Law, Medicine &amp; Ethics"
5675,Marine Mammal Science
5676,Biosystems
5677,Annals of the New York Academy of Sciences
5678,International Conference on Advanced Materials and Engineering Materials
5679,Journal of the World Aquaculture Society
5680,Journal of Science Advanced Materials and Devices
5681,Influenza and Other Respiratory Viruses
5682,Photochemistry and Photobiology
5683,"Mind, Brain, and Education"
5684,Social Issues and Policy Review
5685,International Journal of Laboratory Hematology
5686,Social and Personality Psychology Compass
5687,Sociology Compass
5688,Geostandards and Geoanalytical Research
5689,Journal of Applied Biobehavioral Research
5690,Journal of Marital and Family Therapy
5691,International Conference on Cyber Intelligence and Information Retrieval
5692,"NIELIT's International Conference on Communication, Electronics and Digital Technologies"
5693,Ebiomedicine
5694,Online Social Networks and Media
5695,ISME International Conference on Advances in Mechanical Engineering
5696,Journal of Public Health Dentistry
5697,Reviews in Aquaculture
5698,Neurotoxicology
5699,Experimental Thermal and Fluid Science
5700,Journal of Electromyography and Kinesiology
5701,Wfumb Ultrasound Open
5702,International Conference on Smart Systems: Innovations in Computing
5703,Pigment Cell &amp; Melanoma Research
5704,Canadian Review of Sociology/Revue canadienne de sociologie
5705,Journal of Family Theory &amp; Review
5706,Topics in Cognitive Science
5707,International Conference on Best Innovative Teaching Strategies
5708,International Conference on Innovation and Technology in Sports
5709,International Conference On Emerging Trends In Expert Applications & Security
5710,International Symposium on VLSI Design and Test
5711,Environmental Microbiology Reports
5712,Philosophy and Phenomenological Research
5713,Journal of Contemporary Water Research &amp; Education
5714,Production and Operations Management
5715,"International Conference on Electrical, Control & Computer Engineering"
5716,International Conference on Intelligent Technologies
5717,Journal of Structural Biology X
5718,International Conference on Mechanical Engineering
5719,Advanced Sensor and Energy Materials
5720,China Conference on Networking
5721,International Conference on Trends in Electronics and Health Informatics
5722,Veterinary Clinical Pathology
5723,Journal of Veterinary Internal Medicine
5724,China Intelligent Networked Things Conference
5725,Natural Resource Modeling
5726,Legislative Studies Quarterly
5727,Suicide and Life-Threatening Behavior
5728,School Science and Mathematics
5729,International Conference on Business Intelligence and Information Technology
5730,IDS Working Papers
5731,Journal of Pharmacy and Pharmacology
5732,International Journal of Pharmacy Practice
5733,British Journal of Social and Clinical Psychology
5734,International Conference Innovation in  Smart and Sustainable Infrastructure
5735,British Journal of Clinical Psychology
5736,British Journal of Educational Psychology
5737,SimHydro
5738,International Conference on Materials Engineering and Nanotechnology
5739,Journal of Alloys and Compounds Communications
5740,Journal of Alloys and Metallurgical Systems
5741,British Journal of Statistical Psychology
5742,Journal of Co2 Utilization
5743,Journal of Occupational Psychology
5744,Carbon Trends
5745,Journal of Occupational and Organizational Psychology
5746,British Journal of Medical Psychology
5747,British Journal of Developmental Psychology
5748,Curator: The Museum Journal
5749,Underground Space New
5750,Journal of the Royal Statistical Society: Series B (Methodological)
5751,International Workshop on Frontiers of Computer Vision
5752,Power Electronic Devices and Components
5753,"International Conference on Futuristic Advancements in Materials, Manufacturing and Thermal Sciences"
5754,International Conference on Machine Vision and Augmented Intelligence
5755,International Conference on Big Data and Security
5756,International Symposium on Intelligence Computation and Applications
5757,International Conference on Agriculture Digitalization and Organic Production
5758,Textile Research Symposium
5759,Asia-Pacific Conference on Applied Mathematics and Statistics
5760,World Conference on Artificial Intelligence: Advances and Applications
5761,Fire Safety Journal
5762,Cancer research
5763,International Conference on Advancing and Redesigning Education
5764,International Conference on Network Simulation and Evaluation
5765,The Journal of Clinical Hypertension
5766,International Conference on Deep Learning and Visual Artificial Intelligence
5767,Journal of Clinical Periodontology
5768,Journal of Evidence-Based Medicine
5769,International Conference on Computing and Network Communications
5770,Journal of Flood Risk Management
5771,International Conference on Fundamental and Industrial Research in Materials
5772,Dynamics of Atmospheres and Oceans
5773,"International Conference on Information Control, Electrical Engineering and Rail Transit"
5774,"International Conference on Robotics, Control, Automation and Artificial Intelligence   "
5775,"International Conference on VLSI, Signal Processing, Power Electronics, IoT, Communication and Embedded Systems"
5776,International Conference on Recent Advances in Industrial and Systems Engineering
5777,Materials Today Nano
5778,International Conference on Advances in Computational Intelligence and Informatics
5779,"International IOT, Electronics and Mechatronics Conference"
5780,International Conference on Advanced Computing and Applications
5781,"International Conference on Mechanical, Automotive and Materials Engineering"
5782,The International Arab Conference on Mathematics and Computations
5783,Crop and Environment
5784,International Conference on Future of Education
5785,Journal of Systematics and Evolution
5786,International Conference on Trends in Architecture and Construction
5787,Maternal &amp; Child Nutrition
5788,International Prefabricated Building Seminar on Frontier Technology and Talent Training
5789,Nutrition Bulletin
5790,Nursing &amp; Health Sciences
5791,National Conference on CONTROL INSTRUMENTATION SYSTEM CONFERENCE
5792,Progress in Disaster Science
5793,Hardwarex
5794,Palaeontology
5795,"Psychology and Psychotherapy: Theory, Research and Practice"
5796,Energy Geoscience
5797,"National Conference on Computer Vision, Pattern Recognition, Image Processing, and Graphics"
5798,"International Conference on Machine Learning, Advances in Computing, Renewable Energy and Communication"
5799,Methods in Psychology
5800,Periodontology 2000
5801,Journal of Advanced Joining Processes
5802,Psychogeriatrics
5803,"International Conference on Communication, Devices and Networking"
5804,International conference on coastal and Ocean Engineering
5805,Regulation &amp; Governance
5806,Respirology
5807,Waste Management Bulletin
5808,Global Islamic Marketing Conference
5809,International and National Conference on Machines and Mechanism
5810,International Civil Engineering and Architecture Conference
5811,National Conference on Landslide Risk Assessment and Mitigation in India
5812,Swiss Political Science Review
5813,Jurnal Teknologi
5814,Business and Management Studies
5815,Proceedings of the London Mathematical Society
5816,JBI Evidence Synthesis
5817,Experimental Physiology
5818,The Journal of physiology
5819,CALICO Journal
5820,Universitas Psychologica
5821,"Journal of Dynamic Systems, Measurement, and Control"
5822,Journal of Mechanical Design
5823,Journal of Biomechanical Engineering
5824,Eclinicalmedicine
5825,Journal of Applied Mechanics
5826,Journal of Vibration and Acoustics
5827,Applied Mechanics Reviews
5828,Journal of Engineering for Gas Turbines and Power
5829,Journal of Rock Mechanics and Geotechnical Engineering
5830,Journal of Tribology
5831,Journal of Fluids Engineering
5832,Journal of Solar Energy Engineering
5833,Piel
5834,Journal of Pressure Vessel Technology
5835,Journal of Manufacturing Science and Engineering
5836,International Journal of Pediatric Otorhinolaryngology
5839,Bioprinting
5840,International Conference on Emerging Trends and Technologies on Intelligent Systems
5841,Journal of Oral Biology and Craniofacial Research
5842,Journal of Turbomachinery
5843,Journal of Heat Transfer
5844,International Conference on  Innovations in Cybersecurity and Data Science Proceedings of ICICDS
5845,Acta Psychologica
5846,Journal of Engineering for Industry
5847,Journal of Engineering Materials and Technology
5848,Conference on Sustainable Traffic and Transportation Engineering
5849,International Conference on Computing and Communication Systems for Industrial Applications
5850,Journal of Offshore Mechanics and Arctic Engineering
5851,International Conference on Advances in Water Treatment and Management
5852,International Conference on Processing and Fabrication of Advanced Materials
5853,Materials Today
5854,"International Association for Hydraulic Environmental Engineering and Research-Asia Pacific Division, physical conference"
5855,Doctoral Symposium on Computational Intelligence
5856,Journal of Engineering for Power
5857,Journal of Lubrication Technology
5858,"Journal of Mechanisms, Transmissions, and Automation in Design"
5859,Structural Engineering Convention
5860,International Conference on Advances in Information Communication Technology & Computing
5861,Journal of Clinical Orthopaedics and Trauma
5862,International Conference on Green Energy Conversion System
5863,Journal of Basic Engineering
5864,International Conference on Industry 4.0 and Advanced Manufacturing
5865,Symposium on Fluid-Structure-Sound Interactions and Control
5866,ESMO Open
5867,Journal of Dairy Science
5868,Conference on Polymer Technology Connect
5869,"International Conference on Signal, Machines, Automation, and Algorithm"
5870,Biological Conservation
5871,Structural Integrity Conference and Exhibition
5872,"ASCE-ASME Journal of Risk and Uncertainty in Engineering Systems, Part B: Mechanical Engineering"
5873,Transactions of the American Society of Mechanical Engineers
5874,6th International Conference on Design Theory and Methodology
5875,International Conference on Innovation in Energy Management and Renewable Resources
5876,Volume 4: 13th International Conference on Design Theory and Methodology
5877,Volume 2: 28th Design Automation Conference
5878,"Volume 2: 29th Design Automation Conference, Parts A and B"
5879,"Dynamic Systems and Control: Volume 1 — Control Theory/Methodology; Robust Control; Applied Nonlinear Control Systems; QFT Designs in Industrial, Government, Academic Settings; Robot Control; Impedance Planning for Robotics; Haptic Interfaces for Virtual Environment/Teleoperator Systems; Intelligent Control Systems; Intelligent Process Control; Neural Networks"
5880,Dynamic Systems and Control
5881,Microelectromechanical Systems
5882,Manufacturing Engineering and Materials Handling Engineering
5883,Volume 2A: Advanced Manufacturing
5884,ASME 2002 Wind Energy Symposium
5885,ASME 2003 Wind Energy Symposium
5886,Journal of Thoracic and Cardiovascular Surgery
5887,Focus on Health Professional Education: A Multi-Professional Journal
5888,"Journal of Vacuum Science &amp; Technology B: Microelectronics and Nanometer Structures Processing, Measurement, and Phenomena"
5889,"Journal of Vacuum Science &amp; Technology A: Vacuum, Surfaces, and Films"
5890,"Journal of Vacuum Science &amp; Technology B, Nanotechnology and Microelectronics: Materials, Processing, Measurement, and Phenomena"
5891,Journal of Vacuum Science and Technology
5892,KES International Symposium on Agent and Multi-Agent Systems: Technologies and Applications
5893,"International Conference on Data, Electronics and Computing"
5894,Conference on Industrial Engineering and Applications
5895,Journal of Vacuum Science &amp; Technology A
5896,Agriculture Communications
5897,Journal of Pipeline Science and Engineering
5898,Journal of Cranio Maxillofacial Surgery
5899,International Conference on Computing and Machine Learning
5900,Journal of Environmental Psychology
5901,Structural Heart
5902,The International Conference on Intelligent Unmanned Systems
5903,Journal of Engineering Research Kuwait
5904,International Journal of Research in Marketing
5905,Journal of Cultural Heritage
5906,Journal of Computational Mathematics and Data Science
5907,American Journal of Physics
5908,The Physics Teacher
5909,Spine Journal
5910,Annals of Tourism Research
5911,Marine Micropaleontology
5912,The Journal of the Acoustical Society of America
5913,Reproductive Biomedicine Online
5914,International Conference on Power Engineering and Intelligent Systems (PEIS)
5915,Big Data Research
5916,International Symposium of Space Optical Instruments and Applications
5917,Conference of Innovative Product Design and Intelligent Manufacturing System
5918,Matter
5919,Journal of Arthroplasty
5920,Proceedings of KES-STS International Symposium
5921,International Conference on Computational Modeling and Sustainable Energy
5922,Journal of AAPOS
5923,International Conference on Intelligent Electrical Systems and Industrial Automation
5924,"Congress on Control, Robotics, and Mechatronics"
5925,"International Conference on Computing, Control and Industrial Engineering"
5926,Gastroenterology
5927,International Conference on Theoretical and Applied Computing
5928,Journal of Hazardous Materials Advances
5929,International Symposium on Sustainable Energy and Technological Advancements
5930,International Conference on Innovations in Computational Intelligence and Computer Vision
5931,Journal of Traffic and Transportation Engineering English Edition
5932,Global Leadership Research Conference
5933,International Symposium on New Energy and Electrical Technology
5934,Statistics and Probability Letters
5935,Geodesy and Geodynamics
5936,Next Energy
5937,Animal
5938,International Health Informatics Conference
5939,"International Multi-disciplinary Conference on “Fostering Sustainable Development Goals (SDGs) – New Dimensions and Dynamics"""
5940,Adapted Physical Activity Quarterly
5941,International Journal of Sport Communication
5942,International Journal of Sport Nutrition and Exercise Metabolism
5943,International Journal of Sports Physiology and Performance
5944,Animal Behaviour
5945,Journal of Applied Biomechanics
5946,International Conference on Innovative Methods and Practical Applications for Cognizant Transportation Systems
5947,Journal of Aging and Physical Activity
5948,Journal of aging and physical activity
5949,International Semantic Intelligence Conference
5950,Journal of Clinical Sport Psychology
5951,Journal for the Measurement of Physical Behaviour
5952,Journal of Physical Activity and Health
5953,International Conference on Data & Information Sciences
5954,Journal of Sport and Exercise Psychology
5955,Management Accounting Research
5956,Journal of Sport Management
5957,"International Conference on Systems, Control and Automation"
5958,Journal of Sport Psychology
5959,International KES Conference on Intelligent Decision Technologies
5960,Journal of Sport Rehabilitation
5961,Journal of Teaching in Physical Education
5962,International Conference on Communication and Computational Technologies
5963,Motor Control
5964,Pediatric Exercise Science
5965,Sociology of Sport Journal
5966,The Sport Psychologist
5967,Science of Aging Knowledge Environment
5968,Science Advances
5969,International KES Conference on Innovation in Medicine and Healthcare
5970,Advances in Integrative Medicine
5971,Language and Health
5972,"International Conference on Water Resources, Ocean and Environmental Engineering"
5973,International Conference on Emerging Applications of Information Technology
5974,Journal of Joint Surgery and Research
5975,International Conference on Data Engineering and Machine Intelligence
5976,Journal of Oral and Maxillofacial Surgery
5977,International Conference on Web Information Systems and Applications
5978,Applied Corpus Linguistics
5979,International Conference on Inventive Communication and Computational Technologies
5980,International Conference on Business Intelligence and Data Analytics
5981,Journal of Inorganic Biochemistry
5982,International Workshop on Security
5983,China Conference on Command and Control
5984,"International Conference on Security and Information Technologies with AI, Internet Computing and Big-data Applications"
5985,"International Conference on Computer Vision, High-Performance Computing, Smart Devices, and Networks"
5986,International Conference on Algorithmic Aspects in Information and Management
5987,"International Conference on ICT for Digital, Smart, and Sustainable Development"
5988,Science
5989,Med
5990,International Conference on Pollution Control for Clean Environment
5991,The Fifth Workshop on Interdisciplinary Sciences
5992,International Conference on 6G Communications Networking and Signal Processing
5993,International Conference on Mechanical Design and Simulation
5994,Pancreatology
5995,Borsa Istanbul Review
5996,International Workshop on Deidentification of Electronic Medical Record Notes
5997,Journal of the American Medical Directors Association
5998,"International Conference on Data Science, Machine Learning and Applications"
5999,Public Health
6000,Nursing Outlook
6001,European Economic Review
6002,Geriatric Nursing
6003,JOGNN Journal of Obstetric Gynecologic and Neonatal Nursing
6004,Clinical Oncology
6005,Journal of Foot and Ankle Surgery
6006,Journal of Informetrics
6007,Journal of the Pediatric Orthopaedic Society of North America
6008,Behaviour Research and Therapy
6009,Child Abuse and Neglect
6010,Speech Communication
6011,International Conference on Computational Intelligence in Pattern Recognition
6012,Biological Psychiatry Global Open Science
6013,Journal of Allergy and Clinical Immunology in Practice
6014,Infection Disease and Health
6015,Journal of Computer Languages
6016,Urban Mobility India
6017,International Conference on Information Technology
6018,International Conference on Transportation Geotechnics
6019,International Conference on Sports Engineering
6020,International Association of Building Physics
6021,"International Conference on Intelligent Communication, Control and Devices"
6022,Journal of Research in Personality
6023,Heart Rhythm O2
6024,Frontiers of Architectural Research
6025,International Journal of Forecasting
6026,Disability and Health Journal
6027,International Conference on Data Science and Network Engineering
6028,Journal of Forensic and Legal Medicine
6235,World Allergy Organization Journal
6029,Proceedings of the International Conference on Sustainability: Developments and Innovations
6030,Pain Management Nursing
6031,Urban Forestry and Urban Greening
6032,Ophthalmology
6033,International Conference on Intelligent Systems and Sustainable Computing
6034,Seminars in Arthritis and Rheumatism
6035,Academic Radiology
6036,Knee
6037,Economic Modelling
6038,"International Conference on Urban Climate, Sustainability and Urban Design"
6039,Ecosystem Services
6040,Intelligent Pharmacy
6041,Appetite
6042,Optical Switching and Networking
6043,Epilepsy and Behavior
6044,Research and Practice in Thrombosis and Haemostasis
6045,Thrombosis Research
6046,Biosafety and Health
6047,International Conference on Intelligent Computing Techniques For Smart Energy Systems
6048,Research in Social and Administrative Pharmacy
6049,International Ethical Hacking Conference
6050,Journal of Vascular Surgery
6051,Journal of Behavioral and Experimental Finance
6052,International Journal of Law and Psychiatry
6053,Chinese Conference on Pattern Recognition and Computer Vision  (PRCV)
6054,Microbe Netherlands
6055,Language and Communication
6056,Carbon Capture Science and Technology
6057,Cjc Open
6058,Theoretical and Applied Mechanics Letters
6059,Journal of Cardiothoracic and Vascular Anesthesia
6060,Visual Informatics
6061,Journal of Endodontics
6062,Sustainable Technology and Entrepreneurship
6063,Cortex
6064,Telematics and Informatics
6065,Journal of Orthopaedic Translation
6066,Clinical Lung Cancer
6067,Transactions of Nonferrous Metals Society of China English Edition
6068,"Conference on Creativity, Technology, and Sustainability"
6069,Journal of Stroke and Cerebrovascular Diseases
6070,Clinical Simulation in Nursing
6071,Spatial Statistics
6072,Atherosclerosis
6073,Advances in Climate Change Research
6074,Blood Vessels Thrombosis and Hemostasis
6075,Journal of Pragmatics
6076,International KES Conference on Human Centred Intelligent Systems
6077,Journal of the American Dental Association
6078,International Journal of Drug Policy
6079,Asian Nursing Research
6080,International Conference on Intelligent Computing and Networking
6081,Arthroscopy Sports Medicine and Rehabilitation
6082,Chinese Intelligent Systems Conference
6083,Journal of Affective Disorders Reports
6084,Journal of Corporate Finance
6085,Comprehensive Psychiatry
6086,International conference on WorldS4
6087,International Conference on Pattern Recognition and Artificial Intelligence
6088,Organizational Behavior and Human Decision Processes
6089,Frontier Academic Forum of Electrical Engineering
6090,Medical Journal Armed Forces India
6091,Journal of the Academy of Consultation Liaison Psychiatry
6092,"International Conference on Recent Trends in Machine Learning, IOT, Smart Cities & Applications"
6093,Annals of Allergy Asthma and Immunology
6094,Chest
6095,International Conference on Computer Vision and Robotics
6096,"International Conference on Recent Trends in Convex Optimization: Theory, Algorithms and Applications"
6097,Asian Symposium on Programming Languages and Systems
6098,World Congress on Smart Computing
6099,International Conference on Electrical and Electronics Engineering
6100,International Conference on Information Security Practice and Experience
6101,International Conference on Technical Textiles and Nonwovens
6102,International Journal of Innovation Studies
6103,American Journal of Transplantation
6104,International Journal of Radiation Oncology Biology Physics
6105,Journal of Anxiety Disorders
6106,"International Conference on Generative Artificial Intelligence, Cryptography, and Predictive Analytics"
6107,Bulletin De L Academie Nationale De Medecine
6108,Seminars in Arthroplasty Jses
6109,International Hydropower Development Conference
6110,Futuring Design Education Conference
6111,Kidney Medicine
6112,International Conference on Intelligent Systems Design and Engineering Applications
6113,International Conference on Information and Management Engineering
6114,Current Opinion in Plant Biology
6115,Cytokine and Growth Factor Reviews
6116,Chemosphere
6117,New Ideas in Psychology
6118,Comparative Immunology Reports
6119,ISPRS Open Journal of Photogrammetry and Remote Sensing
6120,International Journal of Electrochemical Science
6121,Cell Surface
6122,Injury
6123,International Conference on Geotechnical Engineering Iraq
6124,"International Conference on Sustainable Development in Civil, Urban and Transportation Engineering"
6125,Forensic Science International Digital Investigation
6126,Developmental and Comparative Immunology
6127,International Conference on Advances and Applications of Artificial Intelligence and Machine Learning
6128,International Symposium on Signal and Image Processing
6129,Journal of Materials Research and Technology
6130,Soins La Revue De Reference Infirmiere
6131,Redox Biology
6132,International Conference on Advanced Computing and Systems
6133,Plant Nano Biology
6134,Genomics
6135,International Conference on Signal and Data Processing
6136,International Conference on Traffic and Transportation Studies
6137,Sleep Medicine Reviews
6138,CCF National Conference of Computer Applications
6139,International Conference on Applications and Techniques in Information Security
6140,Brain Behavior and Immunity Health
6141,International Symposium on Applied Computing for Software and Smart Systems
6142,China Aeronautical Science and Technology Conference
6143,International Conference on Information Science and Applications
6144,Earthquake Research Advances
6145,International Conference on Kansei Engineering & Emotion Research
6146,Chinese Conference on Image and Graphics Technologies
6147,National Conference on Wind Engineering
6148,International Conference on Research in Management & Technovation
6149,International Conference on Machine Intelligence and Signal Processing
6150, International Conference on Intelligent Information Hiding and Multimedia Signal Processing
6151,International Journal of Psychophysiology
6152,INDAM: Indian Academy of Management at SBM-NMIMS Mumbai
6153, International Conference on Marketing and Technologies
6154,International Conference on Soft Computing in Data Science
6155,International Conference on Next Generation Systems and Networks
6156,International Conference on Cognitive Systems and Signal Processing
6157,International Conference on Smart Trends in Computing and Communications
6158,Measurement Sensors
6159,"	 International Conference on Signals, Machines, and Automation"
6160,Stem Cell Reports
6161,Immunity
6162,International Conference on Data Analytics in Public Procurement and Supply Chain
6163,International Confernece Pacific Basin Nuclear Conference
6164,International Conference on Energy Storage and Intelligent Vehicles
6165,International Conference on Big data and Cloud Computing
6166,International Conference on Emerging Smart Cities
6167,Data Science and Management
6168,Journal of Insect Physiology
6169,International Conference on Artificial Intelligence in China
6170,"International Conference in Communications, Signal Processing, and Systems "
6171,"International Conference on Future technologies in Manufacturing, Automation, Design and Energy"
6172,Information Processing in Agriculture
6173,Brain and Language
6174,"Proceedings of the International Conference on Intelligent Computing, Communication and Information Security"
6175,Cognitive Psychology
6176,International Conference on Trends and Recent Advances in Civil Engineering
6177,International Conference on Signal & Data Processing
6178,Acta Pharmaceutica Sinica B
6179,Science and Justice
6180,Epilepsy Research
6181,Anais Brasileiros De Dermatologia
6182,Annual Conference on Power System and Automation in Chinese  Universities
6183,"International Conference on Computing, Communications, and Cyber-Security"
6184,Workshop on Mining Data for Financial Applications
6185,Plant Communications
6186,"International Conference on Communication, Electronics and Digital Technology"
6187,International Conference on Intelligent Sustainable Systems
6188, International Conference on Expert Clouds and Applications
6189,Intelligent Communication Technologies and Virtual Mobile Networks
6190,The Sharjah International Conference on Education in Post COVID-19
6191,International Conference on Emerging Trends in Expert Applications & Security
6192,International Conference on Big Data Intelligence and Computing
6193,International Conference on Emergent Converging Technologies and Biomedical Systems
6194,"International Conference on Sustainable Technologies and Advances in Automation, Aerospace and Robotics"
6195,Practical Inverse Problems and Their Prospects
6196,North-East Research Conclave
6197,International Petroleum and Petrochemical Technology Conference
6198,International Conference on Recent Advances in Civil Engineering
6199,"International Conference on Communication, Devices and Computing"
6200,International Conference on Advanced Renewable Energy Systems
6201,International Conference on Intelligent Healthcare and Computational Neural Modeling
6202,Journal of Creativity
6203,Consciousness and Cognition
6204,Brain and Development
6205,European Neuropsychopharmacology
6206,Phytomedicine
6207,Cell Host and Microbe
6208,Acta Biomaterialia
6209,Brain and Cognition
6210,Microbes and Infection
6211,Human Immunology
6212,Trends in Immunology
6213,Plant Stress
6214,Arthroplasty Today
6215,Biological Control
6216,Progress in Neurobiology
6217,Cell Insight
6218,International Journal of Surgery Case Reports
6219,Journal of Traditional and Complementary Medicine
6220,Vibrational Spectroscopy
6221,Cellular Immunology
6222,Journal of Plant Physiology
6223,Insect Biochemistry and Molecular Biology
6224,Ophthalmology Glaucoma
6225,Behavioural Processes
6226,Neurobiology of Sleep and Circadian Rhythms
6227,Journal of Functional Foods
6228,Journal of Hand Therapy
6229,Journal of Prosthetic Dentistry
6230,Journal of Voice
6231,Journal of Economic Dynamics and Control
6232,Diagnostic Histopathology
6233,Biochimica Et Biophysica Acta Reviews on Cancer
6234,Mucosal Immunology
6236,Current Proteomics
6237,Computational Methods in Medicinal Chemistry Pharmacology and Toxicology
6238,Trends in Plant Science
6239,Innovations in Cardio Oncology Artificial Intelligence Digital Health and Precision Medicine
6240,Artificial Intelligence Applications for Brain Computer Interfaces
6241,Advances in Computers
6242,Dimensionality Reduction in Machine Learning
6243,Journal of Health Economics
6244,Indian Journal of Medical Microbiology
6245,Electoral Studies
6246,Marine Policy
6247,Environmental Science and Policy
6248,International Dairy Journal
6249,Genetics in Medicine
6250,Intelligent Medicine
6251,Procedia CIRP
6252,Digital Transformation in the Construction Industry Sustainability Resilience and Data Centric Engineering
6253,CIRP Annals
6254,Prediction of Future Pandemics Artificial Intelligence and Nanotechnology Approaches
6255,Food Policy
6256,Physics and Chemistry of the Earth
6257,Journal of Cereal Science
6258,Infection Genetics and Evolution
6259,Global Energy Interconnection
6260,Geoderma Regional
6261,"Sustainability, Economics, Innovation, Globalisation and Organisational Psychology Conference"
6262,International conference on Advances in Materials and Manufacturing
6263,Geochemistry
6264, International KES Conference on Innovation in Medicine and Healthcare
6265,Energy Storage and Saving
6266,Mechanics Research Communications
6267,Materials Today Chemistry
6268,International conference on Variability of the Sun and sun-like stars: from asteroseismology to space weather
6269,"International Conference on Smart Monitoring, Assessment and Rehabilitation of Civil Structures"
6270,International Conference on Data Analytics and Computing
6271,"International Conference on Big Data, Machine Learning, and Applications"
6272,"International Congress on Communications, Networking, and Information Systems"
6273,International Conference on Soft Computing for Security Applications
6274,International Journal of Thermofluids
6275,International Conference on Advances in Data Science and Computing Technologies
6276,International Journal of Transportation Science and Technology
6277,Partial Differential Equations in Applied Mathematics
6278,World Development Perspectives
6279,Decontamination of Subsurface Water Resources System Using Contemporary Technologies
6280,International Conference on Civil Engineering and Architecture 
6281,Reliable Decision Making for Sustainable Transportation
6282,Computer Methods and Programs in Biomedicine Update
6283,Intelligence Based Medicine
6284,Risk Reliability and Resilience in Operations Management
6285,Emerging Fuzzy Intelligent Systems for Smart Healthcare Management Applications of Disc Q Rung Orthopair Fuzzy Sets
6286,Decision Systems Integrating Machine Learning Fuzzy Logic and Artificial Neural Networks
6287,Journal of Strategic Information Systems
6288,Invitation to National Level Conference on Sustainable Waste Management Practices
6289,International Conference on Industrial Problems on Machines and Mechanism
6290,International Conference on Advanced Computational and Communication Paradigms
6291,International Conference on Marine Equipment & Technology and Sustainable Development
6292,International Conference on Emerging Global Trends in Engineering and Technology
6293,International Symposium on Mobile Internet Security
6294,Journal of Second Language Writing
6295,National Conference on Recent Advances in Traffic Engineering
6296,Artificial Intelligence Doctoral Symposium
6297,"International Conference on Science, Technology and Engineering"
6298,Value in Health
6299,International Journal of Industrial Ergonomics
6300,Journal of Hospitality Leisure Sport and Tourism Education
6301,Journal of Accounting and Economics
6302,Trends in Genetics
6303,Journal of English for Academic Purposes
6304,Journal of Hydrology X
6305,Health Policy
6306,International Conference on Vibration Engineering and Technology of Machinery 
6307,Journal of Business Venturing Insights
6308,Nutrition Research
6309,Mayo Clinic Proceedings
6310,Educational Research Review
6311,Auris Nasus Larynx
6312,International Conference on Flexible Electronics for Electric Vehicles
6313,Teaching and Learning in Nursing
6314,Digestive and Liver Disease
6315,Journal of Nursing Regulation
6316,Journal of Engineering and Technology Management Jet M
6317,Pacific Basin Finance Journal
6318,International Conference on Advanced Computing and Intelligent Engineering
6319,Biomedical Journal
6320,National Conference on Reliability and Safety
6321,International Conference on Cybersecurity in Emerging Digital Era
6322,International Conference on Advances in IoT and Security with AI
6323,"International Conference on Information Security, Privacy and Digital Forensics"
6324,Biocybernetics and Biomedical Engineering
6325,Business Horizons
6326,Journal of Economic Behavior and Organization
6327,Organizational Dynamics
6328,Journal of Academic Librarianship
6329,Telecommunications Policy
6330,"International Conference on Mechanical, Manufacturing and process Plant Engineering"
6331,Trends in Neuroscience and Education
6332,International Conference on Data Analytics in  Business and Marketing 
6333,Learning and Motivation
6334,Indian Lean Construction Conference
6335,ASEAN Australian Engineering Congress
6336,International Conference on Advances in Mechanical Engineering and Material Science
6337,Musculoskeletal Science and Practice
6338,Industrial Marketing Management
6339,British Journal of Anaesthesia
6340,Design Studies
6341,Seminars in Nuclear Medicine
6342,Journal of Allergy and Clinical Immunology
6343,International Conference on Worldwide Computing and Its Applications
6344,Neuroscience Research
6345,Asian Conference on Mechanics of Functional Materials and Structures
6346,International Conference on Vibration Problems
6347,International Conference on Renewable Energy and E-mobility
6348,International Conference on Smart Learning Environments
6349,Current Opinion in Chemical Engineering
6350,Software Impacts
6351,"International Conference in Fluid, Thermal and Energy Systems"
6352,American Journal of Human Genetics
6353,Journal of Hand and Microsurgery
6354,International Symposium on Plasticity and Impact Mechanics
6355,International Symposium on Intelligent Manufacturing and Service Systems
6356,Progress in Retinal and Eye Research
6357,International Conference on Production and Industrial Engineering
6358,Chinese Intelligent Automation Conference
6359,Arthroscopy Journal of Arthroscopic and Related Surgery
6360,Current Opinion in Green and Sustainable Chemistry
6361,Computer Law and Security Review
6362,Hand Surgery and Rehabilitation
6363,International Conference on Business and Policy Studies
6364,Journal of Surgical Research
6365,Journal of the National Medical Association
6366,International Journal of Obstetric Anesthesia
6367,Current Opinion in Biomedical Engineering
6368,Bone
6369,Advances in Industrial and Manufacturing Engineering
6370,Taiwanese Journal of Obstetrics and Gynecology
6371,Jacc Cardiovascular Imaging
6372,Jses International
6373,Acta Tropica
6374,International Conference on IoT Based Control Networks and Intelligent Systems
6375,International Conference on Hydro and Renewable Energy
6376,Asia Pacific Journal of Sports Medicine Arthroscopy Rehabilitation and Technology
6377,Ocular Surface
6378,Allergology International
6379,International Conference on Renewable Power
6380,Extreme Mechanics Letters
6381,The International Conference on Metallurgical Engineering and Centenary Celebration
6382,"International Conference on Modeling, Simulation and Optimization"
6383,International Human Engineering Symposium
6384,Petroleum Science
6385,Resuscitation
6386,Food Physics
6387,Applications in Engineering Science
6388,Environmental Science and Ecotechnology
6389,China Satellite Navigation Conference
6390,Advances in Bamboo Science
6391,Organic Electronics
6392,International Conference on Women Researchers in Electronics and Computing
6393,Case Studies in Thermal Engineering
6394,International Conference on Image Processing and Capsule Networks
6395,Spectrochimica Acta Part B Atomic Spectroscopy
6396,Results in Chemistry
6397,Probabilistic Engineering Mechanics
6398,Ecohydrology and Hydrobiology
6399,Bone Reports
6400,International Symposium on Insulation and Discharge Computation for Power Equipment
6401,International Conference on Asian and Pacific Coasts
6402,The International Conference on Sustainable Civil Engineering and Architecture
6403,International Conference on Cement and Building Koncrete for a Sustainable and Resilient Infrastructure
6404,International Conference on Experimental and Computational Mechanics in Engineering
6405,Physica Medica
6406,Natural Gas Industry B
6407,International Conference on AI-generated Content
6408,International Workshop on Advanced Computational Intelligence and Intelligent Informatics
6409,Cell Genomics
6410,"International Conference on Aeronautical Sciences, Engineering and Technology"
6411,Bioorganic Chemistry
6412,Ecological Complexity
6413,International Workshop on Railway Noise
6414,Pacific Rim Knowledge Acquisition Workshop
6415,Computational and Structural Biotechnology Journal
6416,Journal of Public Transportation
6417,Revolutionizing Medical Systems Using Artificial Intelligence A Breakthrough in Healthcare
6418,Quaternary Science Advances
6419,International Conference on Innovative Textiles & Developed Materials
6420,International Conference on Data Intelligence and Cognitive Informatics
6421,INTERNATIONAL CONFERENCE ON SUSTAINABLE BUILDINGS AND STRUCTURES TOWARDS A CARBON NEUTRAL FUTURE
6422,International Conference on Traffic and Granular Flow
6423,Applied Geochemistry
6424,International Conference on Sustainable Urban Development
6425,International Conference on Mechanical System Dynamics
6426,International Conference on Web-Based Learning
6427,"International Conference on Emerging Trends in Communication, Computing and Electronics"
6428,International Conference on the Asian Civil Engineering Coordinating Council
6429,International Conference on Mechatronics and Intelligent Robotics
6430,International Virtual Conference on Developments and Applications of Geomatics
6431,World Hydrogen Technology Convention
6432,International Conference on Advanced Surface Enhancement
6433,Australasian Conference on Data Science and Machine Learning
6434,"Innovative Manufacturing, Mechatronics & Materials Forum"
6435,CAAI International Conference on Artificial Intelligence
6436,"International Conference on Big Data, IoT and Machine Learning"
6437,International Conference on Academic Libraries
6438,"International Conference on Robotics, Vision, Signal Processing and Power Applications"
6439,International Association for Engineering Geology and the Environment
6440,International symposium on Construction Resources for Environmentally Sustainable Technologies
6441,International Conference on Construction Resources for Environmentally Sustainable Technologies
6442,International Conference on Sustainable Technology and Advanced Computing in Electrical Engineering
6443,International Conference on Industrial Tribology
6444,International Conference on Electrical and Information Technologies for Rail Transportation
6445, International Conference on Trends in Sustainable Computing and Machine Intelligence
6446,Asian Joint Workshop on Thermophysics and Fluid Science
6447,International Conference on Computing and Informatics
6448,International Conference on Computer-Aided Design and Computer Graphics
6449, International Conference on Geotechnics for Sustainable Infrastructure Development
6450,"International Conference on Green Energy, Computing and Intelligent Technology"
6451,"International Conference On Law, Economics, and Health"
6452,International Conference on Social Sciences and Humanities and Arts
6453,"International Conference on Humanities, Wisdom Education and Service Management"
6454,"International Conference on Education, Humanities, Social Science"
6455,International Conference on Humanities and Social Science Research
6456,International Conference on Arts and Design Education
6457,International Conference on Administrative Science
6458,Online Conference of Education Research International
6459," International Conference on Sustainability in Technological, Environmental, Law, Management, Social and Economic Matters"
6460,Borobudur International Symposium on Humanities and Social Science
6461,International Conference on English Language Teaching
6462,"International Conference on Sport Science, Education and Social Development"
6463," International Seminar on Education, Management and Social Sciences"
6464,International Conference on Modern Educational Technology and Social Sciences
6465,International Conference on Modern Management and Education Technology
6466,International Conference on Social Development and Media Communication
6467,"International Conference on Communication, Language, Education and Social Sciences"
6468,Vocational Education International Conference
6469,International Conference on Cultural Studies
6470,"International Conference on Education, Language and Art"
6471,"International Conference on Law, Economic & Good Governance"
6472,"International Conference on Culture, Design and Social Development"
6473,International Conference on New Computational Social Science
6474,International Conference on Technical and Vocational Education and Training
6475,World Conference on Governance and Social Sciences
6476,International Conference on Environmental Learning Educational Technologies
6477,International Conference on Current Issues in Education
6478,International Conference on Advance Research in Social and Economic Science
6479,International Conference on Linguistics and Culture
6480,International Symposium on New Dimensions and Ideas in Environmental Anthropology
6481,"International Conference on Applied Economics, Management Science and Social Development"
6482,"International Conference on Language, Innovative Education and Cultural Communication"
6483,"International Conference on Language, Art and Cultural Exchange"
6484,Lawang Sewu International Symposium on Humanities and Social Sciences
6485,"International Conference on Mental Health, Education and Human Development"
6486,"Mathematics, Science, and Computer Science Education International Seminar"
6487,Workshop on Social Sciences and Education
6488,International Conference on Science Education and Art Appreciation
6489,"International Conference on Public Administration, Health and Humanity Development"
6490,"International Seminar on Education, Management and Social Sciences"
6491,Ibn Khaldun International Conference on Applied and Social Sciences
6492,International Conference on Learning Innovation and Quality Education
6493,International Conference on Social Sciences and Law
6494,International Conference on Public Relations and Social Sciences
6495,"International Conference on History, Social Sciences, and Education"
6496,International Conference on Culture and Sustainable Development
6497,International Conference on Cultural Policy and Sustainable Development
6498,International Joint Conference on Arts and Humanities
6499,"International Conference on Literature, Art and Human Development"
6500,"International Conference on Communication, Language, Literature, and Culture"
6501,International Conference on Humanities Education and Social Sciences
6502,ASEAN Conference on Sexual Exploitation of Children
6503,"International Conference on Sciences, Technology and Education"
6504,"International Conference on Humanities, Arts, Education and Social Development"
6505,International Conference on Diversified Education and Social Development
6506,Celt International Conference
6507,International Conference Changing of Business Law
6508,"International Conference on Environmental, Social, and Governance"
6509,International Conference on Education Innovation
6510,International Conference on Public Art and Human Development
6758,Journal for ImmunoTherapy of Cancer
6511,International Conference on Social Sciences and Educational Development
6512,International Conference on Educational Science and Social Culture
6513,"International Conference on Advances in Humanities, Education and Language"
6514,Sriwijaya University Learning and Education International Conference
6515,Annual Conference of Engineering and Implementation on Vocational Education
6516,International Conference on Educational Development and Social Sciences
6517,The International Conference on E-Learning and Smart Engineering Systems
6518,"International Conference on Sciences, Mathematics, and Education"
6519,"Innovative Multidisciplinary Approaches to Global Challenges: Sustainability, Equity, and Ethics in an Interconnected World"
6520,International Conference on Christian and Inter-Religious Studies
6521,National Seminar on Enhancing Privacy Protection in the Digital Age: Legal Challenges and Innovations
6522,International Symposium on Mathematics Education and Innovation
6523,International Conference on Indonesian Social and Political Enquiries
6524,"International Conference on Business, Economics, Social Sciences, and Humanities"
6525,International Conference on Language and Cultural Communication
6526,Tarumanagara International Conference on the Applications of Social Sciences and Humanities
6527,International Conference on Social Sciences and Interdisciplinary
6528,"International Conference on Education, Humanities, and Social Science"
6529,International Conference of Islamic Studies
6530,International Conference on Internet Technology and Educational Informatization
6531,"International Conference, Anubhuti: Revitalizing Indian Knowledge Systems for the Modern World"
6532,International Conference on Education Research and Training Technologies
6533,Jepara International Conference on Education and Social Science
6534,International Conference on Digital Technology and Educational Psychology
6535,International Conference on Educational Management and Technology
6536,"International Conference on Artificial Intelligence, Internet and Digital Economy"
6537,International Conference on Educational Innovation and Multimedia Technology
6538,International Conference on Public Management and Intelligent Society
6539," International Conference on Education, Information Management and Service Science"
6540,International Conference on Bigdata Blockchain and Economy Management
6541,International Conference on Big Data and Informatization Education
6542,International Conference on Artificial Intelligence and Education
6543,International Conference on mathematical statistics and economic analysis
6544,International Conference on Computer Technology and Media Convergence Design
6545,International Conference on Management Science and Software Engineering
6546,"International Conference on Internet, Education and Information Technology"
6547,International Conference on Life Sciences and Biotechnology
6548,International Conference on Big Data and Social Sciences
6549,Proceedings of the Multimedia University Engineering
6550,"International Conference on Sustainable Environment, Agriculture and Tourism"
6551,International Conference on Economic Management and Cultural Industry
6552,International Conference on Business Administration and Data Science
6553,International Conference on Innovation in Information  Technology and Business
6554,Forum In Research Science And Technology
6555,International Conference on Big Data Economy and Information Management
6556,International Conference on Applications of Machine Intelligence and Data Analytics
6557,Business Innovation and Engineering Conference
6558,International Conference on Emerging Trends in Business and Management
6559,International Conference on Bioinformatics and Data Science
6560,"International Conference on Education, Knowledge and Information Management"
6561,International Conference on Neural Networks and Machine Learning
6562,International Conference on Advances in Computer Vision and Artificial Intelligence Technologies
6563,"International Academic Conference on Blockchain, Information Technology and Smart Finance"
6564,International Conference of Medical and Life Science
6565,International Conference on E-commerce and Internet Technology 
6566,International Conference on Enterprise Management and Economic Development
6567,International Symposium on Management
6568,International Conference on Economic Development and Business Culture
6569,International Conference on Emerging Trends in Engineering
6570,International Conference on Management Innovation and Economy Development
6571,International Conference on Intelligent Design and Innovative Technology
6572,"International Conference on Economics, Smart Finance and Contemporary Trade"
6573,International Conference on Internet Finance and Digital Economy
6574,International Conference on Financial Management and Economic Transition
6575,National Conference on Next-Generation Sustainable Technologies for Small-Scale Producers (NCAT)
6576,Borobudur International Symposium on Science and Technology
6577,HCT International General Education Conference
6578,"International Conference on Informatics, Technology and Engineering"
6579,Open Society Conference
6580,International Conference on Advances in Nano-Neuro-Bio-Quantum
6581,"International Conference on Finance, Trade and Business Management"
6582,"International Conference on Image, Algorithms and Artificial Intelligence"
6583,BISTIC Business Innovation Sustainability and Technology International Conference
6584,International Conference on Digital Economy and Computer Application
6585,International Conference on Engineering Management
6586,International Conference on Resources and Technology
6587,International Conference on Information Technology and Engineering
6759,Journal of Medical Ethics
6588,International Conference on Enterprise and Industrial Systems
6589, International Conference on Emerging Challenges: Smart Business and Digital Economy
6590,UUM International Legal Conference
6591,International Conference on Applied Science and Technology on Engineering Science
6592,International Conference on Advanced Informatics and Intelligent Information Systems
6593,"International Conference on Data Science, Advanced Algorithm and Intelligent Computing"
6594,International Conference on Civil Architecture and Urban Engineering
6595,"International Conference on Reinventing Business Practices, Start-ups and Sustainability"
6596,"International Conference on Language, Literature, Culture, and Education "
6597,Positive Technology International Conference
6598,International Conference on Lifelong Education and Leadership for All
6599,International Conference on Railway and Transportation
6600,Workshop on Computation: Theory and Practice
6601,International Conference of the Asia Association of Computer-Assisted Language Learning
6602,"International Conference on Hydraulic, Civil and Construction Engineering"
6603,"International Conference on Accounting, Management and Economics"
6604,International Conference of Management and Business
6605,International Conference on Consumer Technology and Engineering Innovation
6606,International Conference on Financial Innovation and Economic Development
6607,"International Conference on Applied Mathematics, Statistics, and Computing"
6608,International Conference of Machine Design Departments
6609,International Conference on Digital Transformation in Business: Navigating the New Frontiers Beyond Boundaries
6610,"International Conference on Civil, Architecture and Disaster Prevention and Control"
6611,International Conference on Innovation and Regenerative Trends in Tourism and Hospitality Industry
6612,University of Fort Hare Teaching and Learning Conference
6613,"International Conference on Economic Management, Financial Innovation and Public Service"
6614,"Global Conference on Business, Management, and Entrepreneurship"
6615,International Conference on Engineering Management and Information Science
6616,International Conference on Civil Architecture and Structural Engineering
6617,International Conference on Urban Planning and Design
6618,International Conference on Social Sciences and Economic Development
6619,International Academic Summer Conference on Number Theory and Information Security
6620,International Conference on Computational Innovations and Emerging Trends
6621,International Conference of Inland Water and Ferries Transport Polytechnic of Palembang on Technology and Environment
6622,International Conference on Digital Economy and Management Science
6623,International Conference on Emerging Intelligent Systems for Sustainable Development
6624,China Science and Technology Information Resource Management and Service Annual Conference
6625,"International Conference on Information Economy, Data Modelling and Cloud Computing"
6626,International Conference on Artificial Intelligence and Communication
6627,International Symposium on Traffic Transportation and Civil Architecture
6628,International Conference on Urban Construction and Management Engineering
6629,"International Conference on Mechanics, Electronics Engineering and Automation"
6630,International Conference of Economics Business and Economics Education Science
6631,Brawijaya International Conference
6632,International Conference on Signal Processing and Computer Vision
6633,International Conference on Science Technology and Social Sciences
6634,International Conference on Emerging Technologies and Sustainable
6635,International Conference on Education and Technology
6636,International Conference on Advanced Technology and Multidiscipline
6637,International Conference on Modern Education and Information Management
6638,"International Conference on Financial Innovation, FinTech and Information Technology"
6639,International Conference on Artificial Intelligence and Digital Management
6640,International Conference on Resiliency by Technology and Design
6641,International Conference on Global Innovation and Trends in Economy
6642,International Conference on Sustainable Green Tourism Applied Science
6643,"International Conference on Innovation & Entrepreneurship in Computing, Engineering & Science Education"
6644,International Conference on Climate Change and Emerging Trends in Civil Engineering
6645,"International Conference on Public Service, Economic Management and Sustainable Development"
6646,International Conference on New Media Development and Modernized Education
6647,International Conference on Key Enabling Technologies
6648,International Conference on Medical Science and Health
6649,International Conference on Rail Transit and Transportation
6650,"International Conference on the Role of Innovation, Entrepreneurship and Management for Sustainable Development"
6651,Widyatama International Conference on Engineering
6652,International Conference on Applied Engineering
6653,International Joint Conference on Science and Engineering
6654,The Focus Conference
6655,International Conference for Democracy and National Resilience
6656,International Conference on Digital Economy and Marxist Economics
6657,International Conference on Economic Management and Big Data Application
6658,URSI-NG Annual Conference
6659,International Conference on Strategic and Global Studies
6660,International Conference on Bio-Based Environment for Sustainable Territory
6661,"International Conference on Civil Architecture, Hydropower and Engineering Management"
6662,International Workshop on Navigating the Digital Business Frontier for Sustainable Financial Innovation
6663,International Conference on Decision Aid and Artificial Intelligence
6664,International Conference on Public Management and Big Data Analysis
6665,"International Conference on Architectural, Civil and Hydraulic Engineering"
6666,"International Conference on Advanced Materials, Manufacturing and Sustainable Development"
6667,International Conference on Lifestyle Diseases and Natural Medicine
6668,"International Conference on Business, Accounting, Finance and Economics"
6669,"Adisutjipto Aerospace, Science and Engineering International Conference"
6670,Seminar on Educational Technology and Management Information Systems
6671,Management Science Informatization and Economic Innovation Development Conference
6672,International Conference on Economic Management and Model Engineering
6673,International Conference on Emerging Challenges: Strategic Adaptation in The World of Uncertainties
6674,International Conference on Advancements in Computing Technologies and Artificial Intelligence
6675,International Conference on Artificial Intelligence for Innovations in Healthcare Industries
6676,International Conference on Big Data Economy and Digital Management
6677,International conference on Marching Beyond the Libraries
6678,"International Conference on Sustainability, Entrepreneurship, Equity, and Digital Strategies"
6679,International Conference on Recent Advancements and Modernisations in Sustainable Intelligent Technologies and Applications
6680,Science Immunology
6681,Science Robotics
6682,International Conference on Sustainability Innovation in Computing and Engineering
6683,Science Signaling
6684,Science Translational Medicine
6685,Science's STKE
6686,Antimicrobial Agents and Chemotherapy
6687,International Conference on Smart Sustainable Development
6688,International Research Conference on Economic and Business
6689,International Conference on Informatization Economic Development and Management
6690,Applied and Environmental Microbiology
6691,"International Conference on Green Building, Civil Engineering and Smart City"
6692,"International Conference on Applied Sciences, Mathematics, and Informatics"
6693,International Conference of Tropical Studies and its Applications
6694,Applied Microbiology
6695,International Conference on Advances and Applications in Artificial Intelligence
6696,Clinical Microbiology Reviews
6697,Infection and Immunity
6698,International Conference on Agriculture and Resource Economy
6699,International Conference on Financial Risk and Investment Management
6700,Journal of Bacteriology
6701,Journal of Clinical Microbiology
6702,International Conference on Advanced Research in Electronics and Communication Systems
6703,Journal of Microbiology &amp; Biology Education
6704,USENIX Security Symposium
6705,Journal of Virology
6706,Journal of virology
6707,Lawang Sewu International Symposium on Medical and Health Sciences
6708,mBio
6709,Lawang Sewu International Symposium on Engineering and Applied Sciences
6710,International Conference on Economics and Public Policy and National Economics Research Championship
6711,International Conference on Science in Engineering and Technology
6712,Molecular and Cellular Biology
6713,Microbiology Spectrum
6714,Microbiology and Molecular Biology Reviews
6715,International Conference on Science and Technology
6716,Microbiological Reviews
6717,"International Conference on Education Reform, Ideology and Politics"
6718,Seminar on Modern Property Management Talent Training Enabling New Productive Forces
6719,Microbiological reviews
6720,IoT and LiDAR Technologies in Healthcare Workshop
6721,International Conference on Recent Advances in Artificial Intelligence for Sustainable
6722,mSphere
6723,mSystems
6724,International Conference on Traffic Transportation and Civil Architecture
6725,International symposium on African Sustainable Energy Solutions
6726,Tectonics of the western Himalayas
6727,Collection of Czechoslovak Chemical Communications
6728,Acupuncture in Medicine
6729,British Journal of Ophthalmology
6730,British Journal of Sports Medicine
6731,"International Conference on Artificial Intelligence, Smart Technologies and Communications"
6732,International symposium on Sustainable Drug Design and Nanoparticle development: Quantum and Computational Perspectives
6733,International Conference on Art Design and Digital Technology
6734,BMJ
6735,BMJ Open Diabetes Research &amp; Care
6736,BMJ Evidence-Based Medicine
6737,BMJ Global Health
6738,"International Conference on Business, Finance, Management and Economic"
6739,International Conference on Lifespan Innovation
6740,BMJ Open
6741,"Padang International Conference On Economics Education, Economics, Business and Management, Accounting and Entrepreneurship"
6742,"International Conference on Artificial Intelligence in Engineering, Healthcare and Sciences"
6743,BMJ Open Ophthalmology
6744,BMJ Quality &amp; Safety
6745,International Conference on Resilient City and Safety Engineering
6746,International Conference on Computer Science and Communication Engineering
6747,BMJ Open Respiratory Research
6748,BMJ Simulation and Technology Enhanced Learning
6749,Evidence Based Medicine
6750,Evidence Based Mental Health
6751,Family Medicine and Community Health
6752,General Psychiatry
6753,Gut
6754,Heart
6755,Injury Prevention
6756,Journal of Clinical Pathology
6757,Journal of Epidemiology and Community Health
6760,Journal of Medical Genetics
6761,"Journal of Neurology, Neurosurgery &amp; Psychiatry"
6762,Postgraduate Medical Journal
6763,Medical Humanities
6764,Occupational and Environmental Medicine
6765,Quality in Health Care
6766,Regional Anesthesia &amp; Pain Medicine
6767,RMD Open
6768,Stroke and Vascular Neurology
6769,Tobacco Control
6770,Veterinary Record
6771,Environmental Reviews
6772,"Applied Physiology, Nutrition, and Metabolism"
6773,Canadian Journal of Botany
6774,"International Conference on Business, Accounting, Banking, and Economics"
6775,International Conference on Electrical Engineering and Intelligent Control
6776,Canadian Journal of Fisheries and Aquatic Sciences
6777,Canadian Journal of Forest Research
6778,Canadian Journal of Microbiology
6779,Canadian Journal of Research
6780,International Conference on Intelligent Systems and Digital Transformation
6781,Canadian Journal of Zoology
6782,Journal of the Fisheries Research Board of Canada
6783,Genome
6784,International Conference on Smart Innovations in Electrical Engineering
6785,Canadian Journal of Applied Physiology
6786,International Conference on Sustainable Business Practices and Innovative Models
6787,Journal of Psychiatry and Neuroscience
6788,Journal of Unmanned Vehicle Systems
6789,Canadian Journal of Civil Engineering
6790,Canadian Journal of Physics
6791,Canadian Geotechnical Journal
6792,International Conference on Financial Innovation and Marketing Management
6793,Canadian Journal of Chemistry
6794,International Conference on Sustainable Science and Technology for Tommorow
6795,Canadian Journal of Physiology and Pharmacology
6796,"International Conference on Engineering Research, Innovation, and Education"
6797,The European Physical Journal A
6798,The European Physical Journal C
6799,International Journal of Foundations of Computer Science
6800,Reviews in Mathematical Physics
6801,International Conference on Multidisciplinary Research in Management and Economics
6802,International Journal of Neural Systems
6803,"International Conference: Policies, Practices, and Processes for Transforming Underdeveloped Economies into Developed Economies"
6804,"International Conference on Artificial Intelligence in Economics, Finance and Management"
6805,International Conference on Artificial Intelligence in Management for Business and Industrial Growth
6806,International Journal of Modern Physics C
6807,Parallel Processing Letters
6808,The Singapore Economic Review
6809,Modern Physics Letters A
6810,International Journal of Modern Physics A
6811,International Journal of Modern Physics B
6812,International Journal of Pattern Recognition and Artificial Intelligence
6813,"Journal of Circuits, Systems and Computers"
6814,International Journal of Bifurcation and Chaos
6815,International Journal of Software Engineering and Knowledge Engineering
6816,International Journal of Computational Geometry &amp; Applications
6817,International Journal of Algebra and Computation
6818,Mathematical Models and Methods in Applied Sciences
6819,International Journal on Artificial Intelligence Tools
6820,International Journal of Modern Physics D
6821,International Journal of Modern Physics E
6822,Journal of Biological Systems
6823,Fractals
6824,Journal of Computational Acoustics
6825,"International Journal of Uncertainty, Fuzziness and Knowledge-Based Systems"
6826,Journal of Enterprising Culture
6827,International Journal of Cooperative Information Systems
6828,Journal of Nonlinear Optical Physics &amp; Materials
6829,International Journal of Theoretical and Applied Finance
6830,International Game Theory Review
6831,International Journal of Structural Stability and Dynamics
6832,Advances in Complex Systems
6833,Analysis and Applications
6834,International Journal of Information Technology &amp; Decision Making
6835,Journal of Theoretical and Computational Chemistry
6836,"International Journal of Wavelets, Multiresolution and Information Processing"
6837,Journal of Bioinformatics and Computational Biology
6838,International Journal of Quantum Information
6839,International Journal of Humanoid Robotics
6840,International Journal of Computational Methods
6841,Journal of Developmental Entrepreneurship
6842,Open Systems &amp; Information Dynamics
6843,International Journal of Innovation Management
6844,Journal of Environmental Assessment Policy and Management
6845,New Mathematics and Natural Computation
6846,International Journal of Semantic Computing
6847,Advances in Adaptive Data Analysis
6848,"International Journal of Modeling, Simulation, and Scientific Computing"
6849,"Journal of International Commerce, Economics and Policy"
6850,Unmanned Systems
6851,Market Microstructure and Liquidity
6852,Journal of Industrial Integration and Management
6853,Japanese Journal of Applied Physics
6854,Progress of Theoretical Physics
6855,Journal of the Geological Society
6856,"Geological Society, London, Petroleum Geology Conference Series"
6857,"Geological Society, London, Memoirs"
6858,"Geological Society, London, Special Publications"
6859,ACM Transactions on Database Systems
6860,ACM SIGKDD Explorations Newsletter
6861,ACM SIGMIS Database: the DATABASE for Advances in Information Systems
6862,Journal of the ACM
6863,ACM Transactions on Information Systems
6864,ACM SIGIR Forum
6865,ACM Computing Surveys
6866,ACM Transactions on Embedded Computing Systems
6867,ACM Transactions on Graphics
6868,Communications of the ACM
6869,ACM Transactions on Asian Language Information Processing
6870,ACM Transactions on Mathematical Software
6871,ACM SIGCOMM Computer Communication Review
6872,ACM SIGARCH Computer Architecture News
6873,ACM Transactions on Internet Technology
6874,ACM Transactions on Programming Languages and Systems
6875,ACM SIGMOBILE Mobile Computing and Communications Review
6876,ACM SIGMOD Record
6877,ACM Transactions on Computer Systems
6878,ACM SIGCSE Bulletin
6879,ACM SIGMETRICS Performance Evaluation Review
6880,ACM Transactions on Software Engineering and Methodology
6881,ACM SIGART Bulletin
6882,ACM SIGSOFT Software Engineering Notes
6883,ACM SIGPLAN Notices
6884,ACM Transactions on Information and System Security
6885,ACM Transactions on Computer-Human Interaction
6886,ACM Transactions on Applied Perception
6887,ACM SIGACT News
6888,ACM SIGOPS Operating Systems Review
6889,Computers in Entertainment
6890,ACM Transactions on Sensor Networks
6891,ACM SIGSAM Bulletin
6892,Queue
6893,ACM SIGBED Review
6894,ACM Transactions on Modeling and Computer Simulation
6895,"ACM Transactions on Multimedia Computing, Communications, and Applications"
6896,ACM Journal on Emerging Technologies in Computing Systems
6897,ACM Transactions on Computational Logic
6898,ACM Transactions on Algorithms
6899,ACM Transactions on Autonomous and Adaptive Systems
6900,Journal on Educational Resources in Computing
6901,ACM SIGCHI Bulletin
6902,ACM Transactions on Speech and Language Processing
6903,ACM Transactions on Knowledge Discovery from Data
6904,ACM SIGNUM Newsletter
6905,ACM Transactions on the Web
6906,ACM SIGGRAPH Computer Graphics
6907,ACM Transactions on Storage
6908,ACM Letters on Programming Languages and Systems
6909,netWorker
6910,Journal of Data and Information Quality
6911,ACM Transactions on Computing Education
6912,ACM Transactions on Intelligent Systems and Technology
6913,ACM Inroads
6914,ACM Transactions on Accessible Computing
6915,ACM Transactions on Management Information Systems
6916,ACM SIGecom Exchanges
6917,eLearn
6918,Interactions
6919,ACM Transactions on Design Automation of Electronic Systems
6920,ACM Transactions on Interactive Intelligent Systems
6921,ACM Transactions on Architecture and Code Optimization
6922,ACM Transactions on Economics and Computation
6923,ACM Transactions on Reconfigurable Technology and Systems
6924,ACM Transactions on Computation Theory
6925,GetMobile: Mobile Computing and Communications
6926,ACM SIGPLAN Fortran Forum
6927,ACM Transactions on Cyber-Physical Systems
6928,"Proceedings of the ACM on Interactive, Mobile, Wearable and Ubiquitous Technologies"
6929,Proceedings of the ACM on Programming Languages
6930,Proceedings of the ACM on Human-Computer Interaction
6931,ACM Transactions on Social Computing
6932,Journal on Computing and Cultural Heritage
6933,Proceedings of the ACM on Measurement and Analysis of Computing Systems
6934,ACM Transactions on Computing for Healthcare
6935,ACM Transactions on Recommender Systems
6936,Ubiquity
6937,Annual Review of Analytical Chemistry
6938,Annual Review of Animal Biosciences
6939,Annual Review of Anthropology
6940,Annual Review of Plant Biology
6941,Annual Review of Astronomy and Astrophysics
6942,Annual Review of Biochemistry
6943,Annual Review of Biomedical Engineering
6944,Annual Review of Biophysics
6945,Annual Review of Cell and Developmental Biology
6946,Annual Review of Chemical and Biomolecular Engineering
6947,Annual Review of Clinical Psychology
6948,Annual Review of Condensed Matter Physics
6949,"Annual Review of Control, Robotics, and Autonomous Systems"
6950,Annual Review of Earth and Planetary Sciences
6951,"Annual Review of Ecology, Evolution, and Systematics"
6952,Annual Review of Economics
6953,Annual Review of Entomology
6954,Annual Review of Environment and Resources
6955,Annual Review of Financial Economics
6956,Annual Review of Fluid Mechanics
6957,Annual Review of Food Science and Technology
6958,Annual Review of Genetics
6959,Annual Review of Genomics and Human Genetics
6960,Annual Review of Immunology
6961,Annual Review of Law and Social Science
6962,Annual Review of Linguistics
6963,Annual Review of Marine Science
6964,Annual Review of Materials Research
6965,Annual Review of Medicine
6966,Annual Review of Microbiology
6967,Annual Review of Neuroscience
6968,Annual Review of Nuclear and Particle Science
6969,Annual Review of Organizational Psychology and Organizational Behavior
6970,Annual Review of Pathology: Mechanisms of Disease
6971,Annual Review of Pharmacology and Toxicology
6972,Annual Review of Physical Chemistry
6973,Annual Review of Physiology
6974,Annual Review of Phytopathology
6975,Annual Review of Political Science
6976,Annual Review of Psychology
6977,Annual Review of Public Health
6978,Annual Review of Resource Economics
6979,Annual Review of Sociology
6980,Annual Review of Statistics and Its Application
6981,Annual Review of Virology
6982,Annual Review of Vision Science
6983,Annual Review of Plant Physiology and Plant Molecular Biology
6984,Annual Review of Biophysics and Biomolecular Structure
6985,Annual Review of Ecology and Systematics
6986,Annual Review of Energy and the Environment
6987,Annual Review of Materials Science
6988,Annual Review of Nutrition
6989,Journal of The Electrochemical Society
6990,ECS Transactions
6991,The Electrochemical Society Interface
6992,Advances in Physiology Education
6993,American Journal of Physiology-Cell Physiology
6994,American Journal of Physiology-Endocrinology and Metabolism
6995,American Journal of Physiology-Gastrointestinal and Liver Physiology
6996,American Journal of Physiology-Heart and Circulatory Physiology
6997,international conference on Genetic algorithms
6998,American Journal of Physiology-Lung Cellular and Molecular Physiology
6999,"American Journal of Physiology-Regulatory, Integrative and Comparative Physiology"
7000,American Journal of Physiology-Renal Physiology
7001,Journal of Applied Physiology
7002,Journal of Neurophysiology
7003,Physiology
7004,Physiological Genomics
7005,Physiological Reviews
7006,Scientific Programming
7007,Disease Markers
7008,Journal of Spectroscopy
7009,Shock and Vibration
7010,Pain Research and Management
7011,Computational Intelligence and Neuroscience
7012,Analytical Cellular Pathology
7013,Fixed Point Theory and Applications
7014,Neural Plasticity
7015,Advances in Bioinformatics
7016,International Journal of Plant Genomics
7017,Journal of Artificial Evolution and Applications
7018,International Journal of Antennas and Propagation
7019,Advances in Artificial Intelligence
7020,BioMed Research International
7021,International Journal of Dentistry
7022,Advances in Multimedia
7023,Journal of Chemistry
7024,Canadian Respiratory Journal
7025,Journal of Biomedicine and Biotechnology
7026,International Journal of Analytical Chemistry
7027,International Journal of Chemical Engineering
7028,Sarcoma
7029,PPAR Research
7030,Mathematical Problems in Engineering
7031,International Journal of Endocrinology
7032,International Journal of Aerospace Engineering
7033,Journal of Applied Mathematics
7034,Journal of Metallurgy
7035,International Journal of Combinatorics
7036,Journal of Drug Delivery
7037,Journal of Robotics
7038,Advances in Physical Chemistry
7039,Journal of Toxicology
7040,International Journal of Navigation and Observation
7041,International Journal of Cell Biology
7042,Journal of Nanomaterials
7043,Journal of Environmental and Public Health
7044,Physics Research International
7045,Journal of Nucleic Acids
7046,Nursing Research and Practice
7047,International Journal of Biomedical Imaging
7048,Advances in Human-Computer Interaction
7049,Journal of Computer Networks and Communications
7050,ISRN Biochemistry
7051,ISRN Signal Processing
7052,ISRN Software Engineering
7053,International Journal of Distributed Sensor Networks
7054,Journal of Obesity
7055,ISRN Pharmaceutics
7056,ISRN Applied Mathematics
7057,Journal of Nanoparticles
7058,International Journal of Proteomics
7059,Advances in Statistics
7060,International Journal of Computer Games Technology
7061,Journal of Medical Engineering
7062,Journal of Nanotechnology
7063,ISRN Neuroscience
7064,International Scholarly Research Notices
7065,Journal of Sensors
7066,International Journal of Telemedicine and Applications
7067,Advances in High Energy Physics
7068,Journal of Immunology Research
7069,Journal of Control Science and Engineering
7070,Applied Computational Intelligence and Soft Computing
7071,Advances in Preventive Medicine
7072,Journal of Healthcare Engineering
7073,Oxidative medicine and cellular longevity
7074,Journal of Electrical and Computer Engineering
7075,Mobile Information Systems
7076,Advances in Materials Science and Engineering
7077,International Journal of Intelligent Systems
7078,International Journal of Mathematics and Mathematical Sciences
7079,Cancer Research
7080,Clinical Cancer Research
7081,Molecular Cancer Research
7082,Cancer Discovery
7083,Cancer Immunology Research
7084,Dementia and Geriatric Cognitive Disorders
7085,Digestive Surgery
7086,Folia Phoniatrica et Logopaedica
7087,Gerontology
7088,Human Development
7089,Human Heredity
7090,International Archives of Allergy and Immunology
7091,"Brain, Behavior and Evolution"
7092,Complexus
7093,Psychotherapy and Psychosomatics
7094,Public Health Genomics
7095,Nephron Physiology
7096,Neuroimmunomodulation
7097,Cytogenetic and Genome Research
7098,Neuropsychobiology
7099,Audiology and Neurotology
7100,Hormone Research in Paediatrics
7101,Psychopathology
7102,Folia Primatologica
7103,Phonetica
7104,Cerebrovascular Diseases
7105,Developmental Neuroscience
7106,Neonatology
7107,Fetal Diagnosis and Therapy
7108,Nephron Clinical Practice
7109,Pharmacology
7110,Acta Cytologica
7111,Medical Principles and Practice
7112,Pathobiology
7113,Annals of Nutrition and Metabolism
7114,Nephron
7115,Interventional Neurology
7116,Microbial Physiology
7117,Caries Research
7118,Biomedicine Hub
7119,Liver Cancer
7120,"Arteriosclerosis, Thrombosis, and Vascular Biology"
7121,"Arteriosclerosis (Dallas, Tex.)"
7122,Circulation
7123,Hypertension
7124,Circulation Research
7125,Stroke
7126,Circulation: Arrhythmia and Electrophysiology
7127,Circulation: Heart Failure
7128,Circulation: Cardiovascular Imaging
7129,Circulation: Cardiovascular Quality and Outcomes
7130,Journal of the American Heart Association
7131,Biochemia medica
7132,Linguistic Inquiry
7133,International Security
7134,Computational Linguistics
7135,Journal of Cognitive Neuroscience
7136,Neural Computation
7137,Leonardo Music Journal
7138,Presence: Teleoperators and Virtual Environments
7139,Evolutionary Computation
7140,Artificial Life
7141,Global Environmental Politics
7142,Molecular Imaging
7143,Daedalus
7144,Data Intelligence
7145,Education Finance and Policy
7146,The Journal of Interdisciplinary History
7147,Network Neuroscience
7148,Quantitative Science Studies
7149,The Review of Economics and Statistics
7150,Transactions of the Association for Computational Linguistics
7151,Behaviour
7152,Numen
7153,Journal of Cognition and Culture
7154,Amphibia-Reptilia
7155,Comparative Sociology
7156,Journal of Phenomenological Psychology
7157,Historical Materialism
7158,Method &amp; Theory in the Study of Religion
7159,The International Journal of Children's Rights
7160,Seeing and Perceiving
7161,IAWA Journal
7162,Zootaxa
7163,Journal of Nanoscience and Nanotechnology
7164,Monthly Weather Review
7165,Journal of Climate
7166,Bulletin of the American Meteorological Society
7167,Journal of the Atmospheric Sciences
7168,Journal of Applied Meteorology and Climatology
7169,Journal of Hydrometeorology
7170,Journal of Atmospheric and Oceanic Technology
7171,Weather and Forecasting
7172,Earth Interactions
7173,Journal of Applied Meteorology
7174,Journal of Physical Oceanography
7175,Acta Sociologica
7176,Administrative Science Quarterly
7177,Adult Education Quarterly
7178,Africa Spectrum
7179,The ANNALS of the American Academy of Political and Social Science
7180,American Behavioral Scientist
7181,Journal of the American Psychoanalytic Association
7182,American Sociological Review
7183,"Annals of Otology, Rhinology &amp; Laryngology"
7184,Applied Spectroscopy
7185,Business &amp; Society
7186,California Management Review
7187,Canadian Journal of Occupational Therapy
7188,Comparative Political Studies
7189,Cooperation and Conflict
7190,Cornell Hospitality Quarterly
7191,Cornell Hotel and Restaurant Administration Quarterly
7192,The Counseling Psychologist
7193,Crime &amp; Delinquency
7194,Current Sociology
7195,Educational Administration Quarterly
7196,Educational and Psychological Measurement
7197,Environment and Behavior
7198,Exceptional Children
7199,Gifted Child Quarterly
7200,Human Factors: The Journal of the Human Factors and Ergonomics Society
7201,Human Relations
7202,ILR Review
7203,International Journal of Social Psychiatry
7204,International Review of Administrative Sciences
7205,The Journal of Applied Behavioral Science
7206,Journal of Business Communication
7207,Journal of Composite Materials
7208,Journal of Cross-Cultural Psychology
7209,Journal of Conflict Resolution
7210,Journal of Dental Research
7211,Journal of Drug Issues
7212,Journal of Education
7213,Journal of Health and Social Behavior
7214,Journal of Histochemistry &amp; Cytochemistry
7215,Journal of Humanistic Psychology
7216,Journal of Learning Disabilities
7217,Journal of learning disabilities
7218,Journal of Marketing
7219,Journal of Marketing Research
7220,Journal of Peace Research
7221,Journal of Research in Crime and Delinquency
7222,The Journal of Special Education
7223,Journal of Teacher Education
7224,Laboratory Animals
7225,Language and Speech
7226,Phi Delta Kappan
7227,Politics &amp; Society
7228,Psychological Reports
7229,RELC Journal
7230,Rehabilitation Counseling Bulletin
7231,SIMULATION
7232,Sociological Bulletin
7233,Sociology
7234,Sociology of Education
7235,Urban Education
7236,Youth &amp; Society
7237,International Relations
7238,Journal of Educational Technology Systems
7239,Journal of Travel Research
7240,Philosophy of the Social Sciences
7241,Sociological Methods &amp; Research
7242,Journal of English Linguistics
7243,Political Theory
7244,Public Personnel Management
7245,The Journal of Clinical Pharmacology
7246,Community College Review
7247,Journal of Psychology and Theology
7248,Practical Anthropology
7249,Teaching Sociology
7250,Communication Research
7251,Criminal Justice and Behavior
7252,Armed Forces &amp; Society
7253,Administration &amp; Society
7254,Journal of Black Psychology
7255,Modern China
7256,Journal of the Royal Society of Medicine
7257,Transactions of the Institute of Measurement and Control
7258,First Language
7259,School Psychology International
7260,Economic and Industrial Democracy
7261,Behavior Modification
7262,The Diabetes Educator
7263,Personality and Social Psychology Bulletin
7264,Applied Psychological Measurement
7265,"Journal of Accounting, Auditing &amp; Finance"
7266,Journal of Parenteral and Enteral Nutrition
7267,International Regional Science Review
7268,Ultrasonic Imaging
7269,"Science, Technology, &amp; Human Values"
7270,Journal for the Education of the Gifted
7271,Evaluation &amp; the Health Professions
7272,"Media, Culture &amp; Society"
7273,Knowledge
7274,Research on Aging
7275,Journal of Information Science
7276,Organization Studies
7277,Social Psychology Quarterly
7278,Philosophy &amp; Social Criticism
7279,International Political Science Review
7280,Journal of Family Issues
7281,NASSP Bulletin
7282,Journal of Sport and Social Issues
7283,Evaluation Review
7284,Evaluation Quarterly
7285,Western Journal of Nursing Research
7286,Indian Journal of Psychological Medicine
7287,Vikalpa: The Journal for Decision Makers
7288,Critical Social Policy
7289,Alternatives to Laboratory Animals
7290,Journal of Language and Social Psychology
7291,Educational Management &amp; Administration
7292,"Theory, Culture &amp; Society"
7293,Journal of Social and Personal Relationships
7294,Language Testing
7295,International Small Business Journal: Researching Entrepreneurship
7296,Business Information Review
7297,Information Development
7298,European Journal of Communication
7299,Second Language Research
7300,Interlanguage studies bulletin (Utrecht)
7301,Perfusion
7302,International Sociology
7303,Clinical Rehabilitation
7304,Palliative Medicine
7305,Journal of Psychopharmacology
7306,"Journal of psychopharmacology (Oxford, England)"
7307,"Bulletin of Science, Technology &amp; Society"
7308,Topics in Early Childhood Special Education
7309,The Journal of Early Adolescence
7310,Medical Decision Making
7311,Journal of Marketing Education
7312,The American Review of Public Administration
7313,Journal of Macromarketing
7314,The International Journal of Robotics Research
7315,International Journal of Mass Emergencies &amp; Disasters
7316,Acta Radiologica
7317,Veterinary Pathology
7318,Psychology of Music
7319,Millennium: Journal of International Studies
7320,Journal of General Management
7321,Social Studies of Science
7322,Race &amp; Class
7323,International Journal of Offender Therapy and Comparative Criminology
7324,British Journal of Occupational Therapy
7325,Critique of Anthropology
7326,Progress in Human Geography
7327,Progress in Physical Geography: Earth and Environment
7328,Capital &amp; Class
7329,Anaesthesia and Intensive Care
7330,Australian Journal of Management
7331,The American Journal of Sports Medicine
7332,Diogenes
7333,International Journal of Immunopathology and Pharmacology
7334,Social Science Information
7335,The Canadian Journal of Psychiatry
7336,Work and Occupations
7337,Learning Disability Quarterly
7338,Journal of Applied Gerontology
7339,Waste Management &amp; Research: The Journal for a Sustainable Circular Economy
7340,Journal of Psychoeducational Assessment
7341,Review of Public Personnel Administration
7342,Journal of Educational Computing Research
7343,Journal of Planning Education and Research
7344,Hispanic Journal of Behavioral Sciences
7345,Written Communication
7346,Adult Education
7347,Remedial and Special Education
7348,Journal of Adolescent Research
7349,Journal of Public Policy &amp; Marketing
7350,Journal of Biological Rhythms
7351,Bulletin of Sociological Methodology/Bulletin de Méthodologie Sociologique
7352,Irish Journal of Sociology
7353,Journal of Palliative Care
7354,Healthcare Management Forum
7355,Journal of Child Neurology
7356,Nutrition in Clinical Practice
7357,Journal of Intensive Care Medicine
7358,Journal of Biomaterials Applications
7359,Journal of Planning Literature
7360,Career Development for Exceptional Individuals
7361,Journal of Interpersonal Violence
7362,Clothing and Textiles Research Journal
7363,Teacher Education and Special Education: The Journal of the Teacher Education Division of the Council for Exceptional Children
7364,Journal of Human Lactation
7365,Journal of Contemporary Ethnography
7366,Economic Development Quarterly
7367,Gender &amp; Society
7368,Journal of Geriatric Psychiatry and Neurology
7369,Management Communication Quarterly
7370,Nursing Science Quarterly
7371,Social Science Computer Review
7372,Journal of Career Development
7373,Educational Policy
7374,Advances in Dental Research
7375,Journal of Holistic Nursing
7376,Journal of Aging and Health
7377,Nonprofit and Voluntary Sector Quarterly
7378,Childhood
7379,Cultural Dynamics
7380,"Work, Employment and Society"
7381,Journal of Theoretical Politics
7382,Public Policy and Administration
7383,"Proceedings of the Institution of Mechanical Engineers, Part B: Journal of Engineering Manufacture"
7384,"Proceedings of the Institution of Mechanical Engineers, Part H: Journal of Engineering in Medicine"
7385,Environment and Urbanization
7386,Discourse &amp; Society
7387,Journal of European Social Policy
7388,Feminism &amp; Psychology
7389,Theory &amp; Psychology
7390,"Proceedings of the Institution of Mechanical Engineers, Part I: Journal of Systems and Control Engineering"
7391,European Journal of Industrial Relations
7392,The Holocene
7393,Human &amp; Experimental Toxicology
7394,Time &amp; Society
7395,Statistical Methods in Medical Research
7396,Security Dialogue
7397,Ecumene
7398,Nursing Ethics
7399,European Urban and Regional Studies
7400,Global Business Review
7401,Journal of Education for Sustainable Development
7402,Global Journal of Emerging Market Economies
7403,International Review for the Sociology of Sport
7404,Competition &amp; Change
7405,Promotion &amp; Education
7406,Journal of Studies in International Education
7407,Musicae Scientiae
7408,The Economic and Labour Relations Review
7409,Journal of Veterinary Diagnostic Investigation
7410,American Journal of Small Business
7411,Rationality and Society
7412,Journal of Transcultural Nursing
7413,Journal of Contemporary Criminal Justice
7414,Journal of Disability Policy Studies
7415,Critical Reviews in Oral Biology &amp; Medicine
7416,Small Group Research
7417,Simulation &amp; Gaming
7418,Research on Social Work Practice
7419,Qualitative Health Research
7420,Journal of Business and Technical Communication
7421,Journal of Management Education
7422,eweb:138630
7423,Journal of School Leadership
7424,Journal of Management Inquiry
7425,International Journal of Damage Mechanics
7426,Group &amp; Organization Management
7427,Group &amp; Organization Studies
7428,Adaptive Behavior
7429,DICP
7430,American Journal of Medical Quality
7431,Concurrent Engineering
7432,Journal of Emotional and Behavioral Disorders
7433,Political Research Quarterly
7434,The Family Journal
7435,Journal of International Marketing
7436,Journal of Career Assessment
7437,Cross-Cultural Research
7438,The Journal of Environment &amp; Development
7439,Foot &amp; Ankle
7440,Proceedings of the Human Factors and Ergonomics Society Annual Meeting
7441,Journal of Leadership Studies
7442,Journal of Leadership &amp; Organizational Studies
7443,Assessment
7444,The Neuroscientist
7445,Science Communication
7446,Journal of Vibration and Control
7447,Medical Care Research and Review
7448,Child Maltreatment
7449,Journalism &amp; Mass Communication Educator
7450,Journalism &amp; Mass Communication Quarterly
7451,Journalism Quarterly
7452,Qualitative Inquiry
7453,Violence Against Women
7454,Urban Affairs Review
7455,Sexual Abuse
7456,Harvard International Journal of Press/Politics
7457,Mathematics and Mechanics of Solids
7458,Trends in Amplification
7459,Organization &amp; Environment
7460,Journal of Attention Disorders
7461,Focus on Autism and Other Developmental Disabilities
7462,Focus on Autistic Behavior
7463,Personality and Social Psychology Review
7464,Seminars in Cardiothoracic and Vascular Anesthesia
7465,Health Education &amp; Behavior
7466,Health Education Monographs
7467,Health Education Quarterly
7468,Public Finance Quarterly
7469,The International Journal of High Performance Computing Applications
7470,The International Journal of Supercomputing Applications
7471,The International Journal of Supercomputer Applications and High Performance Computing
7472,Organizational Research Methods
7473,Journal of Service Research
7474,Journal of Hospitality &amp; Tourism Research
7475,Men and Masculinities
7476,American Journal of Evaluation
7477,Journal of Positive Behavior Interventions
7478,Journal of Feline Medicine and Surgery
7479,Biological Research For Nursing
7480,YOUNG
7481,Evolutionary Bioinformatics
7482,Cancer Informatics
7483,Bioinformatics and Biology Insights
7484,Biomedical Informatics Insights
7485,Health Services Insights
7486,Space and Culture
7487,Research Studies in Music Education
7488,Media International Australia
7489,European Journal of Women's Studies
7490,Management Learning
7491,Organization
7492,Multiple Sclerosis Journal
7493,European Journal of International Relations
7494,Culture &amp; Psychology
7495,Party Politics
7496,Tourism Economics
7497,Convergence: The International Journal of Research into New Media Technologies
7498,Journal of Health Services Research &amp; Policy
7499,European Physical Education Review
7500,Evaluation
7501,Journal of Vacation Marketing
7502,Body &amp; Society
7503,Journal of Telemedicine and Telecare
7504,Journal of Health Psychology
7505,Journal of Material Culture
7506,Language Teaching Research
7507,Autism
7508,Theoretical Criminology
7509,"Health: An Interdisciplinary Journal for the Social Study of Health, Illness and Medicine"
7510,Transcultural Psychiatry
7511,Improving Schools
7512,International Journal of Bilingualism
7513,European Journal of Cultural Studies
7514,International Journal of Cultural Studies
7515,Group Processes &amp; Intergroup Relations
7516,European Journal of Social Theory
7517,Indoor and Built Environment
7518,Health Informatics Journal
7519,New Media &amp; Society
7520,Discourse Studies
7521,Punishment &amp; Society
7522,Anthropological Theory
7523,Feminist Theory
7524,Journalism
7525,Progress in Development Studies
7526,European Union Politics
7527,Ethnography
7528,Qualitative Research
7529,Journal of Classical Sociology
7530,Ethnicities
7531,Tourist Studies
7532,Journal of Early Childhood Literacy
7533,Journal of Consumer Culture
7534,Active Learning in Higher Education
7535,Visual Communication
7536,Journal of Visual Culture
7537,Marketing Theory
7538,International Journal of Cross Cultural Management
7539,International Journal of Market Research
7540,Market Research Society. Journal.
7541,Statistical Modelling
7542,Dementia
7543,"Dementia (London, England)"
7544,Planning Theory
7545,Qualitative Social Work
7546,cultural geographies
7547,Evolutionary Psychology
7548,Structural Health Monitoring
7549,Strategic Organization
7550,Journal of Early Childhood Research
7551,Action Research
7552,Lighting Research &amp; Technology
7553,European Journal of Criminology
7554,Theory and Research in Education
7555,Journal of Adult and Continuing Education
7556,Advances in Developing Human Resources
7557,"Trauma, Violence, &amp; Abuse"
7558,Health Promotion Practice
7559,Communication Disorders Quarterly
7560,Field Methods
7561,"Policy, Politics, &amp; Nursing Practice"
7562,Television &amp; New Media
7563,State Politics &amp; Policy Quarterly
7564,American Politics Research
7565,Cultural Studies ↔ Critical Methodologies
7566,Technology in Cancer Research &amp; Treatment
7567,Human Resource Development Review
7568,Behavioral and Cognitive Neuroscience Reviews
7569,Experimental Biology and Medicine
7570,The Stata Journal: Promoting communications on statistics and Stata
7571,Journal of Planning History
7572,OTJR: Occupational Therapy Journal of Research
7573,Journal of the Association for Persons with Severe Handicaps
7574,Youth Violence and Juvenile Justice
7575,Journal of Transformative Education
7576,Proceedings of the Human Factors Society Annual Meeting
7577,Neurorehabilitation and Neural Repair
7578,Journal of Cognitive Engineering and Decision Making
7579,Games and Culture
7580,Feminist Criminology
7581,Journal of Mixed Methods Research
7582,American Journal of Lifestyle Medicine
7583,Food and Nutrition Bulletin
7584,International Journal of Qualitative Methods
7585,Advances in Mechanical Engineering
7586,International Journal of Advanced Robotic Systems
7587,Clinical Trials
7588,Educational Management Administration &amp; Leadership
7589,Leadership
7590,Journal of Intellectual Disabilities
7591,Journal of Research in Nursing
7592,Journal of Algorithms &amp; Computational Technology
7593,Cultural Sociology
7594,Discourse &amp; Communication
7595,Journal of the Intensive Care Society
7596,Emotion Review
7597,InnovAiT: Education and inspiration for general practice
7598,The British Journal of Hand Therapy
7599,International Journal of Engineering Business Management
7600,Journal of Advanced Academics
7601,Journal of Diabetes Science and Technology
7602,HERD: Health Environments Research &amp; Design Journal
7603,Tropical Conservation Science
7604,The International Journal of Press/Politics
7605,Sports Health: A Multidisciplinary Approach
7606,NASN School Nurse
7607,Social Psychological and Personality Science
7608,The Neuroradiology Journal
7609,Organizational Psychology Review
7610,JRSM Short Reports
7611,E-Learning and Digital Media
7612,Dialogues in Human Geography
7613,Reviews in Pain
7614,Mobile Media &amp; Communication
7615,SAGE Open Medicine
7616,"Drug Science, Policy and Law"
7617,Research &amp; Politics
7618,Big Data &amp; Society
7619,Health Psychology Open
7620,DIGITAL HEALTH
7621,Social Media + Society
7622,Chinese Journal of Sociology
7623,ECNU Review of Education
7624,Sage Open
7625,Emerging Adulthood
7626,Clinical Psychological Science
7627,Business Perspectives and Research
7628,FIIB Business Review
7629,Orthopaedic Journal of Sports Medicine
7630,International Journal of Business Communication
7631,Trends in Hearing
7632,Sociology of Race and Ethnicity
7633,Global Qualitative Nursing Research
7634,Policy Insights from the Behavioral and Brain Sciences
7635,Journal of Patient Experience
7636,Socius: Sociological Research for a Dynamic World
7637,Management Teaching Review
7638,Journal of Medical Education and Curricular Development
7639,German Journal of Human Resource Management: Zeitschrift für Personalforschung
7640,Entrepreneurship Education and Pedagogy
7641,Advances in Methods and Practices in Psychological Science
7642,Research Methods in Medicine &amp; Health Sciences
7643,Earthquake Spectra
7644,Journal of Diagnostic Medical Sonography
7645,Science and Technology of Welding and Joining
7646,Materials Science and Technology
7647,British Journal of Orthodontics
7648,Clay Minerals
7649,Mineralogical Magazine
7650,European Respiratory Journal
7651,BMC Bioinformatics
7652,BMC Evolutionary Biology
7653,BMC Genetics
7654,BMC Genomics
7655,BMC Microbiology
7656,BMC Molecular Biology
7657,BMC Neuroscience
7658,BMC Plant Biology
7659,BMC Medical Research Methodology
7660,BMC Family Practice
7661,BMC Gastroenterology
7662,BMC Geriatrics
7663,BMC Infectious Diseases
7664,BMC Pediatrics
7665,BMC Psychiatry
7666,BMC Public Health
7667,BMC Musculoskeletal Disorders
7668,BMC Biotechnology
7669,BMC Structural Biology
7670,BMC Medical Education
7671,BMC Medical Informatics and Decision Making
7672,BMC Health Services Research
7673,Malaria Journal
7674,BioMedical Engineering OnLine
7675,International Journal for Equity in Health
7676,Environmental Health
7677,International Journal of Health Geographics
7678,Harm Reduction Journal
7679,Health and Quality of Life Outcomes
7680,Reproductive Biology and Endocrinology
7681,Health Research Policy and Systems
7682,Population Health Metrics
7683,International Journal of Behavioral Nutrition and Physical Activity
7684,Journal of Translational Medicine
7685,BMC Biology
7686,BMC Medicine
7687,Epidemiologic Perspectives &amp; Innovations
7688,Biomedical Digital Libraries
7689,Emerging Themes in Epidemiology
7690,Journal of NeuroEngineering and Rehabilitation
7691,Particle and Fibre Toxicology
7692,Biology Direct
7693,Diagnostic Pathology
7694,Journal of Ethnobiology and Ethnomedicine
7695,Plant Methods
7696,Implementation Science
7697,Algorithms for Molecular Biology
7698,BMC Systems Biology
7699,Journal of Biological Engineering
7700,Biotechnology for Biofuels
7701,BMC Medical Genomics
7702,BMC Research Notes
7703,Journal of Cheminformatics
7704,BMC Biophysics
7705,Systematic Reviews
7706,Gigascience
7707,Journal of Environmental Health Science and Engineering
7708,"Journal of Cloud Computing: Advances, Systems and Applications"
7709,SpringerPlus
7710,IZA Journal of Labor Economics
7711,Integrating Materials and Manufacturing Innovation
7712,Complex Adaptive Systems Modeling
7713,Journal Of Big Data
7714,Alzheimer's Research &amp; Therapy
7715,Arthritis Research &amp; Therapy
7716,Breast Cancer Research
7717,"Earth, Planets and Space"
7718,Critical Care
7719,Genome Biology
7720,Genome Medicine
7721,Journal of Biology
7722,Environmental Sciences Europe
7723,BMC Medical Imaging
7724,BMC pregnancy and childbirth
7725,BMC Oral Health
7726,BMC Medical Ethics
7727,BMC Nursing
7728,BMC nursing
7729,BMC Veterinary Research
7730,Cardiovascular Diabetology
7731,Microbial Cell Factories
7732,Cancer Cell International
7733,Journal of Nanobiotechnology
7734,Human Resources for Health
7735,Globalization and Health
7736,BioData Mining
7737,Mobile DNA
7738,Insights into Imaging
7739,EURASIP Journal on Wireless Communications and Networking
7740,Advances in Difference Equations
7741,Human-centric Computing and Information Sciences
7742,Journal of Cloud Computing
7743,Journal of Innovation and Entrepreneurship
7744,Journal of Physiological Anthropology
7745,Microbiome
7746,Advanced Modeling and Simulation in Engineering Sciences
7747,Visualization in Engineering
7748,Journal of Otolaryngology - Head &amp; Neck Surgery
7749,Journal of Big Data
7750,Smart Learning Environments
7751,Nano Convergence
7752,International Journal of STEM Education
7753,ROBOMECH Journal
7754,Computational Social Networks
7755,EJNMMI Physics
7756,Computational Astrophysics and Cosmology
7757,Advanced Structural and Chemical Imaging
7758,Brain Informatics
7759,Smart Water
7760,Military Medical Research
7761,Standards in Genomic Sciences
7762,Sports Medicine - Open
7763,Pilot and Feasibility Studies
7764,Biomaterials Research
7765,Financial Innovation
7766,Research Integrity and Peer Review
7767,IPSJ Transactions on Computer Vision and Applications
7768,Translational Medicine Communications
7769,Cognitive Research: Principles and Implications
7770,International Journal of Educational Technology in Higher Education
7771,Diagnostic and Prognostic Research
7772,Protection and Control of Modern Power Systems
7773,European Radiology Experimental
7774,Sustainable Earth
7775,Cybersecurity
7776,Neurological Research and Practice
7777,"Visual Computing for Industry, Biomedicine, and Art"
7778,Sustainable Environment Research
7779,"Food Production, Processing and Nutrition"
7780,Satellite Navigation
7781,Implementation Science Communications
7782,Journal of Electrical Systems and Information Technology
7783,eLight
7784,Cell Biology Education
7785,CBE—Life Sciences Education
7786,GEOPHYSICS
7787,The Leading Edge
7788,Building Services Engineering Research and Technology
7789,Advances in Psychiatric Treatment
7790,Psychiatric Bulletin
7791,BJPsych Bulletin
7792,JCO Clinical Cancer Informatics
7793,American Society of Clinical Oncology Educational Book
7794,American Society of Clinical Oncology educational book. American Society of Clinical Oncology. Annual Meeting
7795,Journal of Clinical Oncology
7796,Journal of Oncology Practice
7797,AAPS PharmSciTech
7798,Endocrinology
7799,Endocrine Reviews
7800,The Journal of Clinical Endocrinology &amp; Metabolism
7801,Anesthesia &amp; Analgesia
7802,American Speech
7803,The Philosophical Review
7804,South Atlantic Quarterly
7805,Poetics Today
7806,"Journal of Health Politics, Policy and Law"
7807,Public Culture
7808,Common Knowledge
7809,differences
7810,Limnology and Oceanography: Fluids and Environments
7811,Advances in Applied Probability
7812,Development
7813,Disease Models &amp; Mechanisms
7814,Journal of Cell Science
7815,Journal of Experimental Biology
7816,The Journal of experimental biology
7817,"Proceedings of the Institution of Mechanical Engineers, Part C: Journal of Mechanical Engineering Science"
7818,"Proceedings of the Institution of Mechanical Engineers, Part D: Journal of Automobile Engineering"
7819,"Proceedings of the Institution of Mechanical Engineers, Part F: Journal of Rail and Rapid Transit"
7933,Australasian Journal of Educational Technology
7820,"Proceedings of the Institution of Mechanical Engineers, Part G: Journal of Aerospace Engineering"
7821,"Proceedings of the Institution of Mechanical Engineers, Part A: Journal of Power and Energy"
7822,International Journal of Engine Research
7823,Journal of Mechanical Engineering Science
7824,Proceedings of the Institution of Mechanical Engineers
7825,Bulletin of the Chemical Society of Japan
7826,Chemistry Letters
7827,Medicine &amp; Science in Sports &amp; Exercise
7828,Journal of Near Infrared Spectroscopy
7829,American Economic Review
7830,Journal of Economic Literature
7831,Journal of Economic Perspectives
7832,"Post , G T , van den Assem , M J , Baltussen , G & Thaler , R H 2008 , ' Deal or No Deal? Decision Making under Risk in a Large-Payoff Game Show ' , American Economic Review , vol. 98 , no. 1 , pp. 38-71 . https://doi.org/10.1257/aer.98.1.38"
7833,American Economic Review: Insights
7834,American Economic Journal: Applied Economics
7835,American Economic Journal: Macroeconomics
7836,American Economic Journal: Microeconomics
7837,AEA Papers and Proceedings
7838,American Economic Journal: Economic Policy
7839,Annals of Clinical Biochemistry: International Journal of Laboratory Medicine
7840,International Journal of STD &amp; AIDS
7841,The British Journal of Radiology
7842,International Journal of Space Structures
7843,Wind Engineering
7844,Building Acoustics
7845,International Journal of Aeroacoustics
7846,International Journal of Sports Science &amp; Coaching
7847,International Journal of Micro Air Vehicles
7848,RNA
7849,Pakistan Journal of Medical Sciences
7850,F1000Research
7851,Wellcome Open Research
7852,Mapana Journal of Sciences
7853,Quanta
7854,eLearning and Software for Education
7855,International Journal of Information Systems and Project Management
7856,Review of Communication Research
7857,ORSA Journal on Computing
7858,INFORMS Journal on Computing
7859,Interfaces
7860,Information Systems Research
7861,Management Science
7862,Social Sciences Division
7863,Mathematics of Operations Research
7864,Manufacturing &amp; Service Operations Management
7865,Journal of the Operations Research Society of America
7866,Operations Research
7867,Organization Science
7868,Service Science
7869,Transportation Science
7870,British Journal of Nursing
7871,International Journal of Therapy and Rehabilitation
7872,Journal of Wound Care
7873,Biomedical and Pharmacology Journal
7874,The Journal of Bone and Joint Surgery. British volume
7875,The Journal of Bone and Joint Surgery
7876,The Bone &amp; Joint Journal
7877,International Journal of the Analytic Hierarchy Process
7878,eGEMs (Generating Evidence &amp; Methods to improve patient outcomes)
7879,The Annals of The Royal College of Surgeons of England
7880,Primary Dental Care
7881,Policy &amp; Politics
7882,Evidence &amp; Policy
7883,Annals of Pharmacotherapy
7884,Clays and Clay Minerals
7885,Pure and Applied Chemistry
7886,American Journal of Mathematics
7887,Anthropological Quarterly
7888,Journal of College Student Development
7889,Brookings Papers on Economic Activity
7890,Feminist Formations
7891,The Future of Children
7892,Human Rights Quarterly
7893,The High School Journal
7894,Journal of Democracy
7895,Journal of World History
7896,Language
7897,Library Trends
7898,New Literary History
7899,Perspectives in Biology and Medicine
7900,portal: Libraries and the Academy
7901,"Philosophy, Psychiatry, &amp; Psychology"
7902,The Review of Higher Education
7903,Sign Language Studies
7904,Journal of bone and mineral research : the official journal of the American Society for Bone and Mineral Research
7905,Advances in Optics and Photonics
7906,Annual Meeting Optical Society of America
7907,Optics Express
7908,Optica
7909,Photonics Research
7910,PLOS Biology
7911,PLOS Computational Biology
7912,PLOS Digital Health
7913,PLOS Genetics
7914,PLOS Medicine
7915,PLOS ONE
7916,Australian Journal of Guidance and Counselling
7917,Twin Research and Human Genetics
7918,Northern Lights: Film &amp; Media Studies Yearbook
7919,Silva Fennica
7920,ScienceOpen Research
7921,VerKörperungen/MatteRealities - Perspektiven empirischer Wissenschaftsforschung
7922,International Journal of Engineering &amp; Technology
7923,Journal of Industrial Engineering and Halal Industries
7924,Defence Science Journal
7925,Journal of the Scholarship of Teaching and Learning
7926,Journal of Biological Methods
7927,Colombian Applied Linguistics Journal
7928,Cultural Anthropology
7929,Education Policy Analysis Archives
7930,GAIA - Ecological Perspectives for Science and Society
7931,Asian Journal of Business Research
7932,Cartographic Perspectives
7934,Studies in Second Language Learning and Teaching
7935,Proceedings of the VLDB Endowment
7936,"Noordhoff , C S , Kyriakopoulos , K , Moorman , C , Pauwels , P & Dellaert , B 2011 , ' The bright-side and dark-side effects of embedded ties in business-to-business innovation ' , Journal of Marketing , vol. 75 , no. 5 , pp. 34-52 . https://doi.org/10.1509/jmkg.75.5.34"
7937,Applied Linguistics Review
7938,BioMolecular Concepts
7939,Clinical Chemistry and Laboratory Medicine (CCLM)
7940,cclm
7941,Chemistry International
7942,Cognitive Linguistics
7943,cogl
7944,COMM
7945,comm
7946,Diagnosis
7947,Energy Harvesting and Systems
7948,Epidemiologic Methods
7949,Open Engineering
7950,e-Polymers
7951,Green
7952,humr
7953,Humor - International Journal of Humor Research
7954,The International Journal of Biostatistics
7955,Journal of Artificial Intelligence and Soft Computing Research
7956,Journal of Causal Inference
7957,Journal of Data and Information Science
7958,Journal of Integrative Bioinformatics
7959,Journal of Mathematical Cryptology
7960,Language and Cognition
7961,Linguistic Typology
7962,Management and Production Engineering Review
7963,Nanophotonics
7964,"Nanophotonics, Vol 7, Iss 6, Pp 1041-1068 (2018)"
7965,Nordicom Review
7966,Organizacija
7967,Proceedings on Privacy Enhancing Technologies
7968,REVIEWS ON ADVANCED MATERIALS SCIENCE
7969,Reviews on Environmental Health
7970,Text - Interdisciplinary Journal for the Study of Discourse
7971,Text &amp; Talk
7972,Theoretical Linguistics
7973,Visegrad Journal on Bioeconomy and Sustainable Development
7974,Zeitschrift für Soziologie
7975,Zeitschrift für Kristallographie - Crystalline Materials
7976,Zeitschrift für Naturforschung A
7977,Zeitschrift für Naturforschung C
7978,International Journal for Students as Partners
7979,Reviews of Human Factors and Ergonomics
7980,Journal of Geriatric Physical Therapy
7981,Strength &amp; Conditioning Journal
7982,Journal of Forensic Sciences
7983,Journal of Testing and Evaluation
7984,Computerization and Networking of Materials Databases: Third Volume
7985,Advances in Multiaxial Fatigue
7986,Methods and Models for Predicting Fatigue Crack Growth Under Random Loading
7987,Effects of Environment and Complex Load History on Fatigue Life
7988,"Damage in Composite Materials: Basic Mechanisms, Accumulation, Tolerance, and Characterization"
7989,Fracture Mechanics: Fourteenth Symposium—Volume I: Theory and Analysis
7990,Fatigue Crack Propagation
7991,eneuro
7992,The Journal of Neuroscience
7993,The Journal of neuroscience : the official journal of the Society for Neuroscience
7994,auto
7995,Radiochimica Acta
7996,Zeitschrift für Kristallographie
7997,Anthropology &amp; Education Quarterly
7998,Archaeological Papers of the American Anthropological Association
7999,Anthropology of Work Review
8000,Culture &amp; Agriculture
8001,Collabra: Psychology
8002,Elementa: Science of the Anthropocene
8003,Film Quarterly
8004,Gastronomica
8005,Journal of Empirical Research on Human Research Ethics
8006,Journal of Linguistic Anthropology
8007,Medical Anthropology Quarterly
8008,Music Perception
8009,Museum Anthropology
8010,PoLAR: Political and Legal Anthropology Review
8011,Representations
8012,Sociological Perspectives
8013,Visual Anthropology Review
8014,The EMBO Journal
8015,Jurnal Pendidikan IPA Indonesia
8016,Business &amp; Management Studies: An International Journal
8017,European Journal of Endocrinology
8018,Journal of Molecular Endocrinology
8019,REPRODUCTION
8020,Reproduction
8021,G3 Genes|Genomes|Genetics
8022,Journal of Computational Vision and Imaging Systems
8023,Medicine and Pharmacy Reports
8024,Politologija
8025,Education and Science
8026,Sosio-Didaktika: Social Science Education Journal
8027,Pediatrics
8028,Natural Science
8029,Journal of Behavioral Addictions
8030,Across Languages and Cultures
8031,Journal of Materials Research
8032,MRS Bulletin
8033,MRS Proceedings
8034,Journal of Applied Linguistics and Professional Practice
8035,"The International Journal of Speech, Language and the Law"
8036,Sociolinguistic Studies
8037,International Journal of Computers Communications &amp; Control
8038,Nordic Wittgenstein Review
8039,Revista Brasileira de Enfermagem
8040,Cadernos de Saúde Pública
8041,Ciência &amp; Saúde Coletiva
8042,Acta Amazonica
8043,Texto &amp; Contexto - Enfermagem
8044,Dental Press Journal of Orthodontics
8045,Anais da Academia Brasileira de Ciências
8046,Revista de Saúde Pública
8047,Revista do Instituto de Medicina Tropical de São Paulo
8048,Fitopatologia Brasileira
8049,Horticultura Brasileira
8050,Production
8051,Revista Latino-Americana de Enfermagem
8052,Cadernos Pagu
8053,Ciência e Agrotecnologia
8054,Einstein (São Paulo)
8055,Jornal brasileiro de pneumologia : publicacao oficial da Sociedade Brasileira de Pneumologia e Tisilogia
8056,Revista da Escola de Enfermagem da USP
8057,The Cleft Palate Craniofacial Journal
8058,Journal of Adolescent &amp; Adult Literacy
8059,Families in Society: The Journal of Contemporary Social Services
8060,Proceedings of the AAAI Conference on Artificial Intelligence
8061,Proceedings of the AAAI Conference on Artificial Intelligence and Interactive Digital Entertainment
8062,AI Magazine
8063,Proceedings of the AAAI Conference on Human Computation and Crowdsourcing
8064,Proceedings of the International Conference on Automated Planning and Scheduling
8065,Proceedings of the International AAAI Conference on Web and Social Media
8066,Journal of Artificial Intelligence Research
8067,Nuclear Receptor Signaling
8068,Journal of Institutional and Theoretical Economics
8069,PMLA/Publications of the Modern Language Association of America
8070,The Oncologist
8071,The Journal of endocrinology
8072,Proceedings of the Institution of Civil Engineers - Energy
8073,Géotechnique
8074,International Journal of Physical Modelling in Geotechnics
8075,Surface Innovations
8076,Proceedings of the Institution of Civil Engineers - Waste and Resource Management
8077,Magazine of Concrete Research
8078,Proceedings of the Institution of Civil Engineers - Water Management
8079,Journal of the American Society of Nephrology
8080,Journal of Eye Movement Research
8081,Journal of Deliberative Democracy
8082,Federal Reserve Bulletin
8083,Finance and Economics Discussion Series
8084,International Finance Discussion Papers
8085,Public Health Research &amp; Practice
8086,Jurnal Administrasi Pendidikan
8087,Mimbar Sekolah Dasar
8088,Media and Communication
8089,Politics and Governance
8090,Urban Planning
8091,Journal of the Association for Information Systems
8092,Economics and Business Letters
8093,Mobilization: An International Quarterly
8094,Journal of large-scale research facilities JLSRF
8095,Seismological Research Letters
8096,Bulletin of the Seismological Society of America
8097,Cadernos de Linguística e Teoria da Literatura
8098,Knowledge Engineering and Data Science
8099,Asian Journal of Applied Science and Engineering
8100,International Journal of Bioprinting
8101,Netherlands Journal of Agricultural Science
8102,Socio-Environmental Systems Modelling
8103,Register Journal
8104,Acta Biochimica Polonica
8105,Journal of Pharmacy &amp; Pharmaceutical Sciences
8106,Iranian Journal of Public Health
8107,Research for All
8108,Alhadharah: Jurnal Ilmu Dakwah
8109,Jurnal Tarbiyah : Jurnal Ilmiah Kependidikan
8110,Journal of Learning Analytics
8111,European Journal of Transport and Infrastructure Research
8112,The International Journal of Management Science and Business Administration
8113,TESL Canada Journal
8114,SID Symposium Digest of Technical Papers
8115,Journal of the Society for Information Display
8116,Violence and Victims
8117,Scholarly Inquiry for Nursing Practice
8118,Journal of Cognitive Psychotherapy
8119,Journal of Nursing Measurement
8120,Journal of Applied Behavior Analysis
8121,Journal of the Experimental Analysis of Behavior
8122,Contemporary Issues in Education Research (CIER)
8123,International Journal of Management &amp; Information Systems (IJMIS)
8124,Journal of Applied Business Research (JABR)
8125,Journal of International Education Research (JIER)
8126,The International Review of Research in Open and Distributed Learning
8127,Social Work and Social Sciences Review
8128,Connected Health
8129,PAKIS (Publikasi Berkala Pendidikan Ilmu Sosial)
8130,International Journal of Virtual Reality
8131,International Journal of Automation Technology
8132,Jurnal Pemberdayaan Masyarakat Madani (JPMM)
8133,Eğitimde ve Psikolojide Ölçme ve Değerlendirme Dergisi
8134,American Journal of Public Health
8135,American journal of public health
8136,Journal of Bone and Joint Surgery
8137,Halaqa: Islamic Education Journal
8138,Vadose Zone Journal
8139,Journal of Wireless Communications
8140,Journal of Canadian Petroleum Technology
8141,SPE Annual Technical Conference and Exhibition
8142,SPE Reservoir Evaluation &amp; Engineering
8143,Society of Petroleum Engineers Journal
8144,SPE Journal
8145,Journal of Petroleum Technology
8146,SPE Reservoir Simulation Symposium
8147,SPE Formation Evaluation
8148,SPE Hydraulic Fracturing Technology Conference
8149,SPE Production &amp; Operations
8150,SPE California Regional Meeting
8151,SPE Production &amp; Facilities
8152,SPE Reservoir Engineering
8153,SPE Rocky Mountain Regional/Low-Permeability Reservoirs Symposium
8154,SPE Asia Pacific Oil and Gas Conference and Exhibition
8155,SPE Symposium on Numerical Simulation of Reservoir Performance
8156,Transactions of the AIME
8157,SPE/DOE Symposium on Improved Oil Recovery
8158,SPE/IADC Drilling Conference
8159,HortScience
8160,International Journal on Smart Sensing and Intelligent Systems
8161,Agronomy Journal
8162,Journal of Agronomic Education
8163,Journal of Environmental Quality
8164,Journal of Production Agriculture
8165,Crop Science
8166,Soil Survey Horizons
8167,Soil Science Society of America Journal
8168,Canadian Journal of Learning and Technology
8169,International Journal of Assessment Tools in Education
8170,SciPost Physics
8171,SciPost Physics Codebases
8172,International Journal of Psychological Research
8173,"ComTech: Computer, Mathematics and Engineering Applications"
8174,At-Taqaddum
8175,Journal of Hydroinformatics
8176,Hydrology Research
8177,Water Policy
8178,Water Quality Research Journal
8179,Water Science and Technology
8180,Logeion: Filosofia da Informação
8181,Current Genomics
8182,Current Drug Targets
8183,Current Topics in Medicinal Chemistry
8184,Current Nanoscience
8185,Current Bioinformatics
8186,"Endocrine, metabolic & immune disorders drug targets"
8187,The Open Respiratory Medicine Journal
8188,The Open Bioinformatics Journal
8189,Intelligent Technologies for Automated Electronic Systems
8190,RILEM Technical Letters
8191,Jurnal Pendidikan Akuntansi Indonesia
8192,Journal of Applied and Advanced Research
8193,International Journal of Health Services
8194,Psychiatry in Medicine
8195,The International Journal of Aging and Human Development
8196,"Journal of College Student Retention: Research, Theory &amp; Practice"
8197,"Imagination, Cognition and Personality"
8198,The International Journal of Psychiatry in Medicine
8199,OMEGA - Journal of Death and Dying
8200,International Journal for Educational Integrity
8201,The Journal of Student Wellbeing
8202,ICTACT Journal on Soft Computing
8203,JMIR Medical Informatics
8204,JMIR Mental Health
8205,JMIR mHealth and uHealth
8206,Journal of Medical Internet Research
8207,JMIR Medical Education
8208,JMIR Public Health and Surveillance
8209,JMIR Cancer
8210,JMIR Serious Games
8211,Review of Network Economics
8212,The B.E. Journal of Theoretical Economics
8213,Contributions in Macroeconomics
8214,http://urbanpolicy.berkeley.edu/pdf/CQSAdvMacro2005Web.pdf
8215,Statistical Applications in Genetics and Molecular Biology
8216,International Journal of Nursing Education Scholarship
8217,IJEIS (Indonesian Journal of Electronics and Instrumentation Systems)
8218,Journal of Comparative Effectiveness Research
8219,Canadian Journal of Communication
8220,Social Behavior and Personality: an international journal
8221,Informal Logic
8222,Quantum
8223,Lantanida Journal
8224,Philosophical Literary Journal Logos
8225,Foucault Studies
8226,Malaysian Journal of Computer Science
8227,Journal of Education and Educational Development
8228,Computer Science and Information Systems
8229,Journal of the Serbian Chemical Society
8230,European Educational Research Journal
8231,Research in Comparative and International Education
8232,Africa
8233,Educational Evaluation and Policy Analysis
8234,Canadian Journal of Economics and Political Science
8235,The American Journal of Psychology
8236,MIS Quarterly
8237,Transportation Journal
8238,American Journal of International Law
8239,Journal of Symbolic Logic
8240,Slavic Review
8241,Bulletin of Symbolic Logic
8242,American Antiquity
8243,The Journal of Asian Studies
8244,Renaissance News
8245,Journal of Roman Studies
8246,Business History Review
8247,Business Ethics Quarterly
8248,The Journal of Hellenic Studies
8249,The English Journal
8250,Latin American Antiquity
8251,Accounting Horizons
8252,The Accounting Review
8253,AUDITING: A Journal of Practice &amp; Theory
8254,Auditing: A Journal of Practice &amp; Theory
8255,Issues in Accounting Education
8256,Journal of Information Systems
8257,Journal of Emerging Technologies in Accounting
8258,Journal of Management Accounting Research
8259,Journal of Investigative Medicine
8260,The Angle Orthodontist
8261,Diabetes
8262,Diabetes Care
8263,Clinical Diabetes
8264,Operative Dentistry
8265,Journal of Laser Applications
8266,JPI (Jurnal Pendidikan Indonesia)
8267,Profesi Pendidikan Dasar
8268,Princeton University Press
8269,Al-Tadzkiyyah: Jurnal Pendidikan Islam
8270,Online Learning
8271,Arab World English Journal
8272,Chronic Diseases in Canada
8273,Asian Journal of University Education
8274,Scholaria: Jurnal Pendidikan dan Kebudayaan
8275,Al asma : Journal of Islamic Education
8276,Journal of Environmental Horticulture
8277,Italian Journal of Public Health
8278,INTERNATIONAL JOURNAL OF COMPUTERS &amp; TECHNOLOGY
8279,Лесохозяйственная информация
8280,Lymphology
8281,Journal of the American Veterinary Medical Association
8282,Perceptual and Motor Skills
8283,"Acta Universitatis Sapientiae: Informatica, Vol 10, Iss 1, Pp 26-42 (2018)"
8284,Cybernetics and Information Technologies
8285,Journal of Artificial General Intelligence
8286,Journal of Language and Cultural Education
8287,Open Chemistry
8288,Open Physics
8289,Open Geosciences
8290,Journal of Human Kinetics
8291,Zagreb International Review of Economics and Business
8292,Journal of Innovation Management
8293,FIBONACCI: Jurnal Pendidikan Matematika dan Matematika
8294,Surveillance &amp; Society
8295,FITRAH: Jurnal Kajian Ilmu-ilmu Keislaman
8296,Proceedings of the Twenty-Sixth International Joint Conference on Artificial Intelligence
8297,Proceedings of the Twenty-Seventh International Joint Conference on Artificial Intelligence
8298,Proceedings of the Twenty-Eighth International Joint Conference on Artificial Intelligence
8299,Proceedings of the Twenty-Ninth International Joint Conference on Artificial Intelligence
8300,Proceedings of the Thirtieth International Joint Conference on Artificial Intelligence
8301,Proceedings of the Thirty-Second International Joint Conference on Artificial Intelligence
8302,"Ekombis Sains: Jurnal Ekonomi, Keuangan dan Bisnis"
8303,Clinical and Investigative Medicine
8304,InTensions
8305,VNU Journal of Foreign Studies
8306,Proceedings of the Python in Science Conference
8307,Complex Systems
8308,"Psychology, Society, &amp; Education"
8309,Indonesian JELT: Indonesian Journal of English Language Teaching
8310,Journal of Orthopaedic &amp; Sports Physical Therapy
8311,Jurnal Iqra' : Kajian Ilmu Pendidikan
8312,Journal of clinical imaging science
8313,Premiere Educandum : Jurnal Pendidikan Dasar dan Pembelajaran
8314,CHIMIA
8315,The Journal of Specialised Translation
8316,European Journal of Language and Literature
8317,Quantum Information and Computation
8318,"Journal of Economic Development, Environment and People"
8319,Transactions of the Digital Games Research Association
8320,Life Science Alliance
8321,Brock Education Journal
8322,Jurnal The Messenger
8323,Journal of Telecommunications and Information Technology
8324,Victoria University of Wellington Law Review
8325,International Journal of Architectural Research: ArchNet-IJAR
8326,ETERNAL (English Teaching Journal)
8327,Eurosurveillance
8328,InSITE Conference
8329,Journal of Information Technology Education: Research
8330,International Journal of Doctoral Studies
8331,"Interdisciplinary Journal of Information, Knowledge, and Management"
8332,REVISTA BRASILEIRA DE BIOMETRIA
8333,Journal of Privacy and Confidentiality
8334,International Journal of Engineering Technologies and Management Research
8335,Complicity: An International Journal of Complexity and Education
8336,The International Review of Information Ethics
8337,Journal of Ethnic and Cultural Studies
8338,"Eurasia Journal of Mathematics, Science and Technology Education"
8339,Fajar Historia: Jurnal Ilmu Sejarah dan Pendidikan
8340,Jurnal Golden Age
8341,Music Theory Online
8342,Human-Machine Communication
8343,AXIOM : Jurnal Pendidikan dan Matematika
8344,DIDAKTIKA : Jurnal Kependidikan
8345,SIMADA (Jurnal Sistem Informasi &amp; Manajemen Basis Data)
8346,Journal of Soft Computing and Data Mining
8347,Contemporary Educational Technology
8348,Global NEST Journal
8349,Landscape Online
8350,Journal on Education
8351,American Educational Research Journal
8352,Educational Researcher
8353,Review of Educational Research
8354,Review of Research in Education
8355,Journal of Educational Statistics
8356,Journal of Educational and Behavioral Statistics
8357,Decision Making Advances
8358,Janaki Medical College Journal of Medical Science
8359,Nepal Journal of Epidemiology
8360,Diabetes and Vascular Disease Research
8361,Canadian Journal of Program Evaluation
8362,The Canadian Modern Language Review
8363,Cartographica
8364,International Journal of Feminist Approaches to Bioethics
8365,Physiotherapy Canada
8366,Practical Heat Treating
8367,Transportation Research Record: Journal of the Transportation Research Board
8368,Peanut Science
8369,Canadian Journal of Dietetic Practice and Research
8370,Journal of Administration and Educational Management (Alignment)
8371,International Journal of Advances in Scientific Research and Engineering
8372,Journal of Neurosurgery: Spine
8373,Journal of Neurosurgery
8374,Neurosurgical Focus
8375,Science Progress
8376,Annals of Glaciology
8377,Frontiers in Artificial Intelligence and Applications
8378,Studies in Health Technology and Informatics
8379,Digital Enlightenment Yearbook 2012
8380,"Positioning and Power in Academic Publishing: Players, Agents and Agendas"
8381,Applied Ontology: An Interdisciplinary Journal of Ontological Analysis and Conceptual Modeling
8382,Data Science
8383,Fundamenta Informaticae
8384,Human Systems Management
8385,Journal of Intelligent &amp; Fuzzy Systems
8386,Information Services and Use
8387,Journal of Alzheimer’s Disease
8388,Journal of Computer Security
8389,Journal of Economic and Social Measurement
8390,Restorative Neurology and Neuroscience
8391,Journal of Vestibular Research
8392,"WORK: A Journal of Prevention, Assessment &amp; Rehabilitation"
8393,Journal of X-Ray Science and Technology: Clinical Applications of Diagnosis and Therapeutics
8394,Revista de Fomento Social
8395,The International FLAIRS Conference Proceedings
8396,Acta Naturae
8397,Journal of International Students
8398,STUDI ORGANIZZATIVI
8399,Animal Biodiversity and Conservation
8400,International Dialogue
8401,Biomedical Informatics: Computer Applications in Health Care and Biomedicine
8402,Health Services and Delivery Research
8403,Health Technology Assessment
8404,Australasian Journal of Paramedicine
8405,Annals of Emerging Technologies in Computing
8406,CA: A Cancer Journal for Clinicians
8407,Journal of Nepal Health Research Council
8408,EDUKASI
8409,Jurnal Paedagogy
8410,Edumaspul: Jurnal Pendidikan
8411,Journal of Educational Evaluation for Health Professions
8412,Aerospace Medicine and Human Performance
8413,EDURELIGIA; JURNAL PENDIDIKAN AGAMA ISLAM
8414,Corpora
8415,The Problem of Religious Diversity
8416,International Journal of Humanities and Innovation (IJHI)
8417,"International Journal of Mathematical, Engineering and Management Sciences"
8418,Frontiers in Bioinformatics
8419,Frontiers in Bioengineering and Biotechnology
8420,Frontiers in Cell and Developmental Biology
8421,Frontiers in Computer Science
8422,Frontiers in cardiovascular medicine
8423,Frontiers in Education
8424,Frontiers in Energy Research
8425,Frontiers in Genetics
8426,Frontiers in Human Dynamics
8427,Frontiers in Immunology
8428,Frontiers in Mechanical Engineering
8429,Frontiers in Medicine
8430,Frontiers in Microbiology
8431,Frontiers in Aging Neuroscience
8432,Frontiers in Pharmacology
8433,Frontiers in pharmacology
8434,Frontiers in Plant Science
8435,Frontiers in Psychology
8436,Frontiers in Psychiatry
8437,Frontiers in Public Health
8438,Frontiers in Artificial Intelligence
8439,Frontiers in Remote Sensing
8440,Frontiers in Virtual Reality
8441,Frontiers in Sociology
8442,Frontiers in Surgery
8443,Frontiers in Toxicology
8444,Molecules
8445,Algorithms
8446,Actuators
8447,Administrative Sciences
8448,Agriculture
8449,AgriEngineering
8450,Agronomy
8451,AI
8452,Animals
8453,Antibiotics
8454,Antioxidants
8455,Applied Sciences
8456,Arts
8457,Applied System Innovation
8458,Atmosphere
8459,Batteries
8460,Big Data and Cognitive Computing
8461,Bioengineering
8462,Biology
8463,Biomolecules
8464,Biosensors
8465,Brain Sciences
8466,Buildings
8467,Cancers
8468,Catalysts
8469,Cells
8470,Challenges
8471,Chemosensors
8472,Children
8473,Clean Technologies
8474,Climate
8475,Coatings
8476,Computation
8477,Computers
8478,Cryptography
8479,Crystals
8480,Data
8481,Diagnostics
8482,Drones
8483,Entropy
8484,Economies
8485,Education Sciences
8486,Electronics
8487,Energies
8488,Encyclopedia
8489,Environments
8490,Epidemiologia
8491,Forests
8492,Future Internet
8493,Foods
8494,Genes
8495,Geosciences
8496,Healthcare
8497,"McGraw-Hill, Inc. eBooks"
8498,International Journal of Environmental Research and Public Health
8499,International Journal of Financial Studies
8500,ISPRS International Journal of Geo-Information
8501,International Journal of Molecular Sciences
8502,International journal of molecular sciences
8503,Information
8504,Informatics
8505,Inventions
8506,J
8507,Journal of Clinical Medicine
8508,Journal of Composites Science
8509,Journal of Imaging; Volume 4; Issue 2; Pages: 36
8510,Journal of Imaging
8511,Journal of Intelligence
8512,Journal of Manufacturing and Materials Processing
8513,Journal of Marine Science and Engineering
8514,Journal of Fungi
8515,Journal of Personalized Medicine
8516,Journal of Risk and Financial Management
8517,Journal of Sensor and Actuator Networks
8518,Land
8519,Life
8520,Logistics
8521,Materials
8522,Machines
8523,Machine Learning and Knowledge Extraction
8524,Mathematics
8525,Mathematical and Computational Applications
8526,Marine Drugs
8527,Medicina
8528,Membranes
8529,Metals
8530,Metabolites
8531,Micromachines
8532,Microorganisms
8533,Minerals
8534,"Molecules (Basel, Switzerland)"
8535,International Conference on Artificial Intelligence and Statistics
8536,Multimodal Technologies and Interaction
8537,Nanomaterials
8538,Nutrients
8539,Pathogens
8540,Pharmaceuticals
8541,Pharmaceutics
8542,Pharmacy
8543,Plants
8544,Polymers
8545,Processes
8546,Prosthesis
8547,Proteomes
8548,Publications
8549,Recycling
8550,Religions
8551,Resources
8552,Robotics
8553,Remote Sensing
8554,Remote Sensing; Volume 11; Issue 5; Pages: 523
8555,Sensors
8556,Sensors; Volume 20; Issue 18; Pages: 5097
8557,Sensors; Volume 21; Issue 9; Pages: 3046
8558,Sci
8559,Smart Cities
8560,Societies
8561,Social Sciences
8562,Sports
8563,Sustainability
8564,Symmetry
8565,Systems
8566,Technologies
8567,Technologies; Volume 9; Issue 1; Pages: 2
8568,Toxics
8569,Viruses
8570,Vehicles
8571,Veterinary sciences
8572,Water
8573,World Electric Vehicle Journal
8574,Social'naja politika i social'noe partnerstvo (Social Policy and Social Partnership)
8575,British Journal of General Practice
8576,"Rónai, Vol 5, Iss 1, Pp 26-37 (2017)"
8577,Research in Learning Technology
8578,Tellus A: Dynamic Meteorology and Oceanography
8579,Actes de la recherche en sciences sociales
8580,Langage et société
8581,Politix
8582,L'année psychologique
8583,Journal of Extension
8584,Jurnal Sains dan Informatika
8585,Research
8586,Electronic Journal of e-Learning
8587,Shanlax International Journal of Education
8588,Emerald Open Research
8589,Investigación Administrativa
8590,AL-ISHLAH: Jurnal Pendidikan
8591,American Journal of Islam and Society
8592,Adaara: Jurnal Manajemen Pendidikan Islam
8593,Journal of Participatory Research Methods
8594,International Journal of Prognostics and Health Management
8595,PHM Society European Conference
8596,Frontiers: The Interdisciplinary Journal of Study Abroad
8597,Journal of Artificial Intelligence and Capsule Networks
8598,Journal of Information Technology in Construction
8599,Progress In Microbes &amp; Molecular Biology
8600,Academic Journal of Interdisciplinary Studies
8601,The Electronic Journal of Combinatorics
8602,Social Education Research
8603,Tourism Analysis
8604,Tourism Review International
8605,Applications in Plant Sciences
8606,Exploration of Targeted Anti-tumor Therapy
8607,IQ (Ilmu Al-qur'an): Jurnal Pendidikan Islam
8608,Psychonomic Bulletin &amp; Review
8609,Behavior Research Methods
8610,Beilstein Journal of Nanotechnology
8611,Beilstein Journal of Organic Chemistry
8612,Annual Meeting of the Berkeley Linguistics Society
8613,Semantics and Linguistic Theory
8614,Social Science Academic
8615,Journal of Artificial Intelligence and Technology
8616,Journal of Applied Science and Technology Trends
8617,International Journal of Innovative Science and Research Technology (IJISRT)
8618,JOURNAL OF CIVIL ENGINEERING AND MANAGEMENT
8619,Journal of Business Economics and Management
8620,Journal of Environmental Engineering and Landscape Management
8621,Technological and Economic Development of Economy
8622,The Astronomical Journal
8623,The Astrophysical Journal Letters
8624,ZooKeys
8625,The Journal of Rheumatology
8626,Journal on Chain and Network Science
8627,Journal of Industrial Engineering and Management
8628,The Journal of Continuing Education in Nursing
8629,Journal of Gerontological Nursing
8630,Journal of Nursing Education
8631,Econometrica
8632,Graellsia
8633,Materiales de Construcción
8634,International Journal of Emerging Technologies in Learning (iJET)
8635,International Journal of Interactive Mobile Technologies (iJIM)
8636,Near Surface Geophysics
8637,Revue d'économie industrielle
8638,Advances in Business Strategy and Competitive Advantage
8639,"Research Methodologies, Innovations and Philosophies in Software Systems Engineering and Information Systems"
8640,Encyclopedia of Cyber Behavior
8641,Information Systems Research and Exploring Social Artifacts
8642,Advances in Healthcare Information Systems and Administration
8643,Advances in Higher Education and Professional Development
8644,Biotechnology
8645,Strategies for Information Technology Governance
8646,Readings in Virtual Research Ethics
8647,"Encyclopedia of Information Science and Technology, First Edition"
8648,Encyclopedia of Data Warehousing and Mining
8649,Encyclopedia of Human Computer Interaction
8650,Encyclopedia of Knowledge Management
8651,Handbook of Research on Effective Electronic Gaming in Education
8652,Encyclopedia of Artificial Intelligence
8653,"Encyclopedia of Distance Learning, Second Edition"
8654,Information Technology and Constructivism in Higher Education
8655,Collective Intelligence and E-Learning 2.0
8656,Handbook of Research on Machine Learning Applications and Trends
8657,Advances in Game-Based Learning
8658,Interdisciplinary and Multidimensional Perspectives in Telecommunications and Networking
8659,"Semantic Services, Interoperability and Web Applications"
8660,Applied Natural Language Processing
8661,Advances in Chemical and Materials Engineering
8662,Research Anthology on Implementing Sentiment Analysis Across Multiple Disciplines
8663,Advances in Public Policy and Administration
8664,Advances in Educational Technologies and Instructional Design
8665,Strategic Information Technology
8666,Data Mining
8667,Agent-Oriented Methodologies
8668,International Journal of e-Collaboration
8669,International Journal on Semantic Web and Information Systems
8670,International Journal of Technoethics
8671,Information Resources Management Journal
8672,International Journal of Business Intelligence Research
8673,International Journal of Cognitive Informatics and Natural Intelligence
8674,Journal of Cases on Information Technology
8675,Journal of Database Management
8676,International Journal of Data Warehousing and Mining
8677,Journal of Global Information Management
8678,International Journal of Knowledge Management
8679,International Journal of Mobile and Blended Learning
8680,Journal of Organizational and End User Computing
8681,International Journal of Synthetic Emotions
8682,International Journal of Social Ecology and Sustainable Development
8683,Applied Mechanics and Materials
8684,Advanced Materials Research
8685,Solid State Phenomena
8686,Marine Technology Society Journal
8687,American Journal of Critical Care
8688,The Canadian Entomologist
8689,Offshore Technology Conference
8690,The Journal of Immunology
8691,Journal of Aging Research
8692,International Journal of Alzheimer’s Disease
8693,Molecular Biology International
8694,European Journal of Histochemistry
8695,Journal of Public Health Research
8696,Monaldi Archives for Chest Disease
8697,Journal of Athletic Training
8698,Korean Journal of Anesthesiology
8699,Journal For Virtual Worlds Research
8700,Curationis
8701,HTS Teologiese Studies / Theological Studies
8702,SA Journal of Human Resource Management
8703,SA Journal of Industrial Psychology
8704,Indian Journal of Medical Research
8705,Journal of Human Reproductive Sciences
8706,International Journal of Preventive Medicine
8707,Perspectives in Clinical Research
8708,EAI Endorsed Transactions on Internet of Things
8709,Analytical Chemistry Insights
8710,Biomarker Insights
8711,Gene Regulation and Systems Biology
8712,Canadian Journal of Animal Science
8713,Canadian Journal of Plant Science
8714,Canadian Journal of Soil Science
8715,Canadian Journal of Mathematics
8716,Canadian Mathematical Bulletin
8717,Commentarii Mathematici Helvetici
8718,Revista Matemática Iberoamericana
8719,Epidemiology and Health
8720,Communications in Computational Physics
8721,Methodological Innovations Online
8722,The American journal of tropical medicine and hygiene
8723,The American Journal of Tropical Medicine and Hygiene
8724,SAE Technical Paper Series
8725,SAE International Journal of Passenger Cars - Electronic and Electrical Systems
8726,SAE International Journal of Transportation Safety
8727,American Journal of Health Promotion
8728,Southern Economic Journal
8729,Journal of Graduate Medical Education
8730,Journal of Information Systems and Technology Management
8731,Limnology and Oceanography: Methods
8732,Annals of Geophysics
8733,Discrete Mathematics &amp; Theoretical Computer Science
8734,International Journal on Studies in Education
8735,International Journal of Technology in Education and Science
8736,IACR Transactions on Cryptographic Hardware and Embedded Systems
8737,Studies in Learning and Teaching
8738,Studies in Philosophy of Science and Education
8739,international journal of engineering technology and management sciences
8740,The Qualitative Report
8741,Al-Mutharahah: Jurnal Penelitian dan Kajian Sosial Keagamaan
8742,Experiential Learning and Teaching in Higher Education
8743,Journal of Practical Studies in Education
8744,Journal of Applied Structural Equation Modeling
8745,Arboriculture &amp; Urban Forestry
8746,"Engineering, Technology &amp; Applied Science Research"
8747,Qubahan Academic Journal
8748,Journal of the Royal College of Physicians of Edinburgh
8749,Corrosion
8750,The American Journal of Occupational Therapy
8751,Economics
8752,Journal of Agricultural Education
8753,Journal of Global Business Insights
8754,Journal of Experimental Psychopathology
8755,Construction Economics and Building
8756,Sociological Research Online
8757,Journal of Human Resources Management Research
8758,Atmospheric Chemistry and Physics
8759,"Boersma, K F, Eskes, H J, Veefkind, J P, Brinksma, E J, A, van der, R J, Sneep, M, Oord, van den, G H J, Levelt, P F, Stammes, P, Gleason, J F & Bucsela, E J 2007, 'Near-real time retrieval of tropospheric NO₂ from OMI', Atmospheric Chemistry and Physics, vol. 7, no. 8, pp. 2103-2118. https://doi.org/10.5194/acp-7-2103-2007"
8760,Advances in Geosciences
8761,Atmospheric Measurement Techniques
8762,Advances in Radio Science
8763,Biogeosciences
8764,Climate of the Past
8765,Earth System Dynamics
8766,Earth System Science Data
8767,Earth Surface Dynamics
8768,Geographica Helvetica
8769,Geoscientific Model Development
8770,Hydrology and Earth System Sciences
8771,"ISPRS Annals of the Photogrammetry, Remote Sensing and Spatial Information Sciences, Vol IV-2-W7, Pp 153-160 (2019)"
8772,"The International Archives of the Photogrammetry, Remote Sensing and Spatial Information Sciences"
8773,"ISPRS Annals of the Photogrammetry, Remote Sensing and Spatial Information Sciences"
8774,Natural Hazards and Earth System Sciences
8775,Nonlinear Processes in Geophysics
8776,Ocean Science
8777,Solid Earth
8778,SOIL
8779,The Cryosphere
8780,International Journal of Telerehabilitation
8781,Journal of the Medical Library Association
8782,Ledger
8783,Journal of Transport and Land Use
8784,Asian Journal of Computer Science and Technology
8785,International Journal of Critical Indigenous Studies
8786,Journal of Learning Design
8787,STATISTICS EDUCATION RESEARCH JOURNAL
8788,First Monday
8789,Rubber Chemistry and Technology
8790,The Charleston Advisor
8791,Uncertain Supply Chain Management
8792,Education and Linguistics Research
8793,Journal of Studies in Education
8794,Crítica Marxista
8795,Journal of Scleroderma and Related Disorders
8796,Cultural Science Journal
8797,Industry and Higher Education
8798,Journal of University Teaching and Learning Practice
8799,SEG Discovery
8800,Educational and Child Psychology
8801,ISRN Ecology
8802,ISRN Mechanical Engineering
8803,ISRN Condensed Matter Physics
8804,ISRN Nutrition
8805,ISRN Robotics
8806,Frontiers in Computing and Intelligent Systems
8807,Journal of Business Strategies
8808,Applied and Computational Engineering
8809,The Insight Journal
8810,The MIDAS Journal
8811,International Journal of Higher Education
8812,International Journal of Robotics and Control
8813,Journal of the American Academy of Orthopaedic Surgeons
8814,Bulletin of the New Zealand Society for Earthquake Engineering
8815,ASA Bulletin
8816,Higher Education Studies
8817,Journal of Education and Learning
8818,The Energy Journal
8819,International Journal of Information technology and Computer Engineering
8820,The Forestry Chronicle
8821,Image Analysis &amp; Stereology
8822,Acta Neurobiologiae Experimentalis
8823,Revista Brasileira de Marketing
8824,"REMark: Revista Brasileira de Marketing, Vol 13, Iss 2, Pp 44-55 (2014)"
8825,The International Journal of Tuberculosis and Lung Disease
8826,International Journal of Applied Management and Technology
8827,Journal of Social Change
8828,International Journal of Applied Science and Research
8829,Perspectives on Science and Christian Faith
8830,Scolae: Journal of Pedagogy
8831,Journal of MultiDisciplinary Evaluation
8832,Journal of Applied Learning in Higher Education
8833,The Journal of Prediction Markets
8834,Computação Brasil
8835,Elektronika ir Elektrotechnika
8836,Annales de l'Institut Fourier
8837,Cyberpsychology: Journal of Psychosocial Research on Cyberspace
8838,"ACE: Architecture, City and Environment"
8839,Archives of Pathology &amp; Laboratory Medicine
8840,College &amp; Research Libraries
8841,Journal of Intellectual Freedom &amp; Privacy
8842,College English
8843,Transparency: The Key to Better Governance?
8844,"Proceedings of the British Academy, Volume 151, 2006 Lectures"
8845,Electronic Journal of Differential Equations
8846,Journal for Research in Mathematics Education
8847,The Mathematics Teacher
8848,Mathematics Teaching in the Middle School
8849,Teaching Children Mathematics
8850,Marine Technology and SNAME News
8851,Europe’s Journal of Psychology
8852,Interpersona: An International Journal on Personal Relationships
8853,Journal of Basic &amp; Applied Sciences
8854,International Journal of Statistics in Medical Research
8855,"International Journal of Public Administration, Management and Economic Development"
8856,Journal of the National Comprehensive Cancer Network
8857,Cambridge Explorations in Arts and Sciences
8858,Journal of AI
8859,Terra Livre
8860,ISET Journal of Earthquake Technology
8861,Reading in a Foreign Language
8862,International Journal of Business Science and Applied Management
8863,Boletim GEPEM
8864,International Journal of Exercise Science
8865,Premier Journal of Science
8866,Education Research and Perspectives
8867,DAIMI Report Series
8868,MATHEMATICA SCANDINAVICA
8869,Outlines. Critical Practice Studies
8870,Qualitative Studies
8871,Meta
8872,"TTR : traduction, terminologie, rédaction"
8873,Intermédialités
8874,First Peoples Child &amp; Family Review
8875,Journal of Human Growth and Development
8876,Is the Universe a Hologram?
8877,The MIT Press
8878,eLife
8879,Eludamos: Journal for Computer Game Culture
8880,Nordic Journal of Comparative and International Education (NJCIE)
8881,PeerJ Computer Science
8882,PeerJ
8883,Canadian Journal of Community Mental Health
8884,Journal of Chiropractic Education
8885,Asian Journal of Education and Social Studies
8886,Asian Journal of Probability and Statistics
8887,Journal of Scientific Research and Reports
8888,Coastal Engineering Proceedings
8889,Design Modelling Symposium Berlin 
8890,International Conference on Applied Science and Technology on Social Science
8891,Annual Meeting of Risk Analysis Council of China Association for Disaster Prevention
8892,"International Conference on Mobile Computing, Applications, and Services"
8893,"International Conference on Entrepreneurship, Business and Technology"
8894,International Conference on Business Law and Local Wisdom in Tourism 
8895,International Conference on Demographics and Civil-registration
8896,World Congress of the International Project Management Association
8897,Smart Rivers
8898,International Conference on Parallel Computational Technologies
8899,International Conference on Smart and Innovative Agriculture
8900, International Conference of Tropical Studies and its Applications
8901,Universitas Lampung International Conference on Social Sciences
8902,Hellenic Conference on Artificial Intelligence
8903,International Conference on Vocational Education Applied Science and Technology
8904,International Conference on Geo-Spatial Technologies and Earth Resources
8905,International Graphonomics Conference
8906,"International Conference on Statistics, Mathematics, Teaching, and Research"
8907,Rocscience International Conference
8908,Young Researchers Conference
8909,International Conference on Sustainable Energy for Smart Cities
8910,International Conference on Wave Mechanics and Vibrations
8911,TVSeminars and Mining One International Conference
8912,World Congress on Engineering Asset Management
8913,International Conference on Biomass Utilization and Sustainable Energy
8914,International Conference on Advances in Energy Research
8915,International Conference of Health Polytechnic Surabaya
8916,International Conference on Energy and Sustainable Futures
8917,International Conference on Interactive Digital Storytelling
8918,International Conference on Dam Safety Management and Engineering
8919,Brazilian Symposium on Bioinformatics
8920,International RILEM Conference on Synergising expertise towards sustainability and robustness of CBMs and concrete structures
8921,International Seminar on Non-Ideal Compressible-Fluid Dynamics for Propulsion & Power
8922,European Conference on Operational Research
8923,International Conference Modern Engineering: Science and Education
8924,National Conference of the Researchers of Geotechnical Engineering
8925,Workshop on Active Bearings in Rotating Machinery
8926,"International Conference on Codes, Cryptology, and Information Security"
8927,International Workshop on the Algorithmic Foundations of Robotics
8928,International Conference on the Theory and Application of Cryptology and Information Security
8929,International Symposium on Biomedical and Computational Biology
8930,International Conference on Acoustics and Vibration
8931,Conference of Organization for Women in Science for the Developing World Nigeria
8932,Symposium in Earthquake Engineering
8933,International Workshop on Algebraic Development Techniques
8934, International Conference on Water Resources
8935,"International Conference on Emerging Internetworking, Data & Web Technologies "
8936,International conference Ecosystems without borders
8937,International Conference of Progress in Digital and Physical Manufacturing
8938,International Conference of the International Association for Computer Methods and Advances in Geomechanics
8939,International Workshop on Energy-Based Seismic Engineering
8940,"International Conference on Partial Differential Equations  and Applications, Modeling and Simulation"
8941,International Workshop on OpenMP
8942,International Conference on New Developments in Soil Mechanics and Geotechnical Engineering
8943,International Conference on Complex Systems and Applications Network Summer School
8944,International Workshop on Design and Architecture for Signal and Image Processing
8945,"Proceedings of the Changeable, Agile, Reconfigurable and Virtual Production Conference and the World Mass Customization & Personalization Conference"
8946,International Conference on Transportation Infrastructure Projects : Conception to Execution
8947,International Conference on Intelligent Solutions for Smart Grids & Smart Cities
8948,Proceedings of the American Solar Energy Society National Conference
8949,"International Conference on Food, Agriculture, and Natural Resources"
8950,"Congress of APDIO, the Portuguese Operational Research Society"
8951,International Conference on Quantitative Evaluation of Systems
8952,"All-Russian Conference of Young Scientists ""COMPLEX INVESTIGATION OF THE WORLD OCEAN"
8953, International Symposium SymOrg
8954,INdAM Workshop: Mathematical modeling and Analysis of degradation and restoration in Cultural Heritage
8955,"Mechanical Engineering, Science and Technology International conference"
8956,International Conference on Automated Reasoning with Analytic Tableaux and Related Methods
8957,International Conference for Health Research – BRIN
8958,International Conference on Applied Sciences and Engineering
8959,International Symposium on Energy Management and Sustainability
8960,"International Conference on ICT for Health, Accessibility and Wellbeing"
8961,International Symposium on Fundamentals of Computation Theory
8962,International Static Analysis Symposium
8963,International Joint Conference on Electronic Voting
8964,conference BioSangam 2022: Emerging trends in Biotechnology
8965,International Conference on Mathematics and Computations
8966,Theory of Cryptography Conference
8967,International Workshop on the Arithmetic of Finite Fields
8968,International Conference on Optical and Wireless Technologies
8969,International Scientific Meeting on Public Health and Sports
8970,International Conference on Telecommunications and Remote Sensing
8971,International µ-Symposium Brake Conference
8972,The International Symposium of Robotics Research 
8973,International Conference on Nanotechnology for Sustainable Living and Environment
8974,"International Conference on Economics, Business and Sustainability"
8975, Proceedings of the XXI Polish Control Conference
8976,International Forum on Financial Mathematics and Financial Technology
8977,"International Conference on Law, Governance, and Social Justice"
8978,International Conference on Science and Technology Education
8979,International and Interdisciplinary Conference on Image and Imagination
8980,"International Conference on Software Engineering, Artificial Intelligence, Networking and Parallel/Distributed Computing"
8981,5th International Conference on Economics and Social Sciences
8982,"International Conference on Education, Humanities, and Management"
8983,National Brand and Private Label Marketing Conference
8984,UNIDCOM/IADE International Conference Senses & Sensibility
8985,International Conference on E-Business and Telecommunications
8986,International Conference and Workshops on Algorithms and Computation
8987,International Summer School-Conference “Advanced Problems in Mechanics”
8988,Green Development International Conference
8989," International Conference on Advance Transportation, Engineering, and Applied Science"
8990,"International Conference on Optimization, Simulation and Control"
8991,Congress of the Portuguese Society of Biomechanics
8992,International Colloquium on Theoretical Aspects of Computing
8993,Conference on SDGs Transformation through the Creative Economy: Encouraging Innovation and Sustainability
8994,International Conference on Advancement in Manufacturing Engineering
8995,International Conference on Social Science and Education
8996,Multidisciplinary International Conference
8997,Semarang International Conference on Counseling and Educational Psychology
8998,"International Conference on Theology, Humanities and Christian Education"
8999,"International Conference on “Changing of Law: Business Law, Local Wisdom and Tourism Industry”"
9000,"International scientific conference on Digital Transformation in Industry: Trends, Management, Strategies"
9001,PLAIS EuroSymposium on Digital Transformation
9002,The Joint Conference of the AsiaTEFL-TEFLIN- iNELTAL International Conference
9003,Annual Conference of Islamic Education
9004,International Workshop on Model-Driven Organizational and Business Agility
9005,PRIZK International Conference - Novel Insights in the Leadership in Business and Economics After the COVID-19 Pandemic
9006,"International Conference on Law, Social, and Political Science"
9007,Nordic-Baltic Conference on Biomedical Engineering and Medical Physics
9008,International Conference of Innovation in Media and Visual Design
9009,Multi-Agent Progamming Contest
9010,International Workshop on cross-cutting topics in legal studies
9011,Conference of Psychology and Flourishing Humanity
9012,"International Conference on Maintenance, Condition Monitoring and Diagnostics"
9013,International Conference on Public Culture and Social Services
9014,International Renewable Energy Storage Conference
9015,International Conference on Social Knowledge Sciences and Education
9016,International Conference on Applied Psychology and Modern Education
9017,ENTER22 e-Tourism Conference
9018,World Conference on Health and Social Science
9019,International Conference on Law and Digitalization
9020,International Conference on Frontiers in Industrial and Applied
9021,International Conference on International Studies in Social Sciences and Humanities
9022,"Annual Management, Business and Economics Conference"
9023,International Conference on Creative Multimedia
9024,International Workshop on Gerontechnology
9025,International Symposium on Artificial Intelligence
9026,International Conference on Multi-modal Information Analytics
9027,Academy of Marketing Science Annual Conference - World Marketing Congress
9028,International Conference on Human Interaction and Emerging Technologies
9029,International Conference on Computational Techniques and Applications
9030,International conference on Big Data Analytics for Cyber-Physical-Systems
9031,International Conference on Informatics and Intelligent Applications
9032,International Conference on Innovations in Intelligent Computing and Communications
9033,International Conference on Computing in Engineering & Technology
9034,International Conference on Artificial Intelligence and its Applications
9035,International Conference on Advances in Electrical and Computer Technologies
9036,XX SIGEF Congress - Harnessing Complexity through Fuzzy Logic
9037,"The International Conference on Information, Communication & Cybersecurity"
9038,Australasian Conference on Data Mining
9039,International Conference on Machine Learning and Big Data Analytics for IoT Security and Privacy
9040,Integrated Emerging Methods of Artificial Intelligence & Cloud Computing
9041,International Conference on Metaheuristics in Software Engineering and its Application
9042,International Conference on Artificial Intelligence and Security
9043,International Conference on Adaptive and Intelligent Systems
9044,International Conference on Artificial Intelligence and Big Data in Digital Era
9045,"International Conference on Computer, Information Technology and Intelligent Computing"
9046,International ISCIS Security Workshop
9047,International Conference on Social Implications of Computers in Developing Countries
9048,XV Multidisciplinary International Congress on Science and Technology
9049,International Conference on Emerging Technologies in Computer Engineering
9050,"Conference on Multimedia, Interaction, Design and Innovation"
9051,International Symposium on Engineering and Manufacturing
9052,"International Conference on Systems, Signals and Image Processing"
9053,International Conference on Computational Intelligence and Smart Communication
9054,International Conference on Distributed Computing and Internet Technology
9055,International Workshop on Distributed Computing for Emerging Smart Networks
9056,IEEE International Conference on System Analysis & Intelligent Computing
9057,International Conference on Forthcoming Networks and Sustainability in the IoT Era
9058,International Computer Symposium
9059,Enterprise Engineering Working Conference
9060,China Cyber Security Annual Conference
9061,International Conference on Computational Processing of the Portuguese Language
9062,International Conference on Ubiquitous Computing and Intelligent Information Systems
9063,"International Conference on Security, Privacy, and Anonymity in Computation, Communication, and Storage"
9064,Computational Intelligence in Security for Information Systems Conference
9065,"International Conference on Cyber Warfare, Security and Space Research"
9066,International Conference on Technology in Physical Activity and Sport
9067,International Conference on Information Integration and Web
9068,Silicon Valley Cybersecurity Conference
9069,International Conference on Open Semantic Technologies for Intelligent Systems
9070,International Workshop on Measuring Ontologies in Value Environments
9071,International Conference on Mathematics and its Applications in new Computer  Systems
9072,International Conference on Information Systems Security and Privacy
9073,International Conference of the European Association on Quality Control of Bridges and Structures
9074,Asian Simulation Conference
9075,Inernational Conference on Ubiquitous Security
9076,International Conference on Advancements in Interdisciplinary Research
9077,Mediterranean Conference on Pattern Recognition and Artificial Intelligence
9078,Annual Conference of the Japanese Society for Artificial Intelligence
9079,The International Conference on Telecommunications and Communication Engineering
9080,International Conference on Artificial Intelligence and Data Science
9081,International Conference System Analysis In Engineering And Control
9082,International Symposium on Cyberspace Safety and Security
9083,EAI International Conference on Applied Cryptography in Computer and Communications
9084,International Road Federation World Meeting & Exhibition
9085,International Summit Smart City 360°
9086,Methods and Applications in Fluorescence
9087,IEEE EMBS International Student Conference
9088,"International Conference on  Advanced Mechanical Engineering, Automation and Sustainable Development"
9089,Global IoT Summit
9090,International Conference on Engineering Software for Modern Challenges
9091,"Virtual International Conference on Soft Computing, Optimization Theory and Applications"
9092,International Workshop on Interpretability of Machine Intelligence in Medical Image Computing
9093,Smoky Mountains Computational Sciences and Engineering Conference
9094,INFORMS International Conference on Service Science
9095,Symposium of the Norwegian AI Society
9096,National Cyber Summit
9097,International Conference on Artificial Intelligence and Power Engineering
9098,International Conference on Cognition and Recongition
9099,Ophthalmology Retina
9100,Wave Motion
9101,Respiratory Investigation
9102,Jid Innovations
9103,Clinical Epidemiology and Global Health
9104,Current Developments in Nutrition
9105,Journal of Heart and Lung Transplantation
9106,Journal of Neuroradiology
9107,Human Genetics and Genomics Advances
9108,Emerging Markets Review
9109,Journal of Pharmacological Sciences
9110,Tropical Cyclone Research and Review
9111,Jacc Asia
9112,Journal of Space Safety Engineering
9430,Electronics Letters
9113,Benchcouncil Transactions on Benchmarks Standards and Evaluations
9114,Journal of Substance Use and Addiction Treatment
9115,Archives of Physical Medicine and Rehabilitation
9116,Environmental Technology and Innovation
9117,Placenta
9118,Memories Materials Devices Circuits and Systems
9119,Pratique Neurologique Fmc
9120,Journal of Economic Criminology
9121,Groundwater for Sustainable Development
9122,Clinical Neurology and Neurosurgery
9123,Cancer Epidemiology
9124,Progress in Molecular Biology and Translational Science
9125,International Journal of Intelligent Networks
9126,Jvs Vascular Insights
9127,Insurance Mathematics and Economics
9128,Journal of Pathology Informatics
9129,Environment International
9130,International Soil and Water Conservation Research
9131,Digital Chinese Medicine
9132,Fundamental Research
9133,Australian Critical Care
9134,Journal of Financial Markets
9135,Environmental Chemistry and Ecotoxicology
9136,Journal of Dental Sciences
9137,Current Research in Food Science
9138,Composites Communications
9139,Journal of Urban Management
9140,Spatial and Spatio Temporal Epidemiology
9141,Asian Journal of Urology
9142,Blockchain Research and Applications
9143,Journal of Advanced Research
9144,Neuroimage Reports
9145,Lancet Planetary Health
9146,Chemical Engineering Journal Advances
9147,Physica E Low Dimensional Systems and Nanostructures
9148,Chinese Journal of Catalysis
9149,Mutation Research Genetic Toxicology and Environmental Mutagenesis
9150,Advanced Machine Learning for Cyber Attack Detection in Iot Networks
9151,Healthcare Applications of Neuro Symbolic Artificial Intelligence
9152,Deep Learning for Multi Sensor Earth Observation
9153,Federated Learning for Medical Imaging Principles Algorithms and Applications
9154,Information Economics and Policy
9155,American Journal of Geriatric Psychiatry
9156,Asian Journal of Shipping and Logistics
9157,Journal of Strategy and Innovation
9158,Journal of Criminal Justice
9159,Health Sciences Review
9160,Artificial Intelligence Based Smart Healthcare Systems New Standards Technologies and Communication Systems
9161,Intelligent Nanobiosystems in Medicine and Healthcare Volume 2 Applications of Intelligent Nanobiosystems
9162,Artificial Intelligence in E Health Framework Volume 1 AI Classification Wearable Devices and Computer Aided Diagnosis
9163,Smart Infrastructure Management
9164,European Urology Focus
9165,Developments in Environmental Science
9166,Quantum Computing for Healthcare Data Revolutionizing the Future of Medicine
9167,Social Sciences and Humanities Open
9168,Resources Policy
9169,International Review of Neurobiology
9170,Whole Cell Biocatalysis Fundamentals and Applications
9171,Technological Innovations and Industry 5 0 A Supply Chain Perspective
9172,Computational Automation for Water Security Enhancing Water Quality Management
9173,Therapies
9174,Sensor Networks for Smart Hospitals
9175,Iot Wsn Dt Based Medical Systems and Nanotechnology for Smart Cancer Care
9176,Climate Change and Agricultural Ecosystems Current Challenges and Adaptation
9177,Advancing Science and Innovation in Healthcare Research Health Horizons
9178,City and Environment Interactions
9179,Sustainable Operations and Computers
9180,Digital Twins for Smart Metabolic Circular Cities Innovations in Planning and Climate Resilience
9181,Metaverse in the Healthcare Industry Potential Applications Tools and Techniques
9182,Water Use Efficiency Sustainability and the Circular Economy
9183,One and Two Dimensional Nanomaterials Bioengineering Applications
9184,Digital Twin and Blockchain for Sensor Networks in Smart Cities
9185,Handbook of Statistics
9186,Journal of Hepatology
9187,Lancet Child and Adolescent Health
9188,Pharmacological Reviews
9189,Journal of Nutrition
9190,Lancet Public Health
9191,Chem Catalysis
9192,Indoor Environments
9193,Journal of the Formosan Medical Association
9194,Trends in Neurosciences
9195,Diabetes and Metabolic Syndrome Clinical Research and Reviews
9196,Trends in Ecology and Evolution
9197,Endocrine and Metabolic Science
9198,Journal of Materiomics
9199,Jds Communications
9200,Joint Commission Journal on Quality and Patient Safety
9201,Cancer Cell
9202,Chem
9203,Transportation Research Part B Methodological
9204,Surgery United Kingdom
9205,Journal of Hand Surgery
9206,Trends in Microbiology
9207,Jacep Open
9208,Lancet Digital Health
9209,Human Centric Integration of Next Generation Data Science and Blockchain Technology Advancing Society 5 0 Paradigms
9210,Applied Graph Data Science Graph Algorithms and Platforms Knowledge Graphs Neural Networks and Applied Use Cases
9211,International Review of Cell and Molecular Biology
9212,Artificial Intelligence in Future Mining
9213,Human Centric Integration of 6g Enabled Technologies for Modern Society Fundamentals Applications Analysis and Challenges
9214,Neuroscience Applied
9215,Structural Inequalities and Health Outcomes for Chronic Disease
9216,Data Driven Analysis and Modeling of Turbulent Flows
9217,Advances in Food and Nutrition Research
9218,Transportation Research Procedia
9219,Nature Derived Sensors Basic Principles and Recent Advances
9220,Biotechnology Applications in Forestry Forest Microbiology Volume 4
9221,Fundamentals of Uncertainty Quantification for Engineers Methods and Models
9222,Early Detection of Alzheimer S Disease Biological and Technological Advances
9223,Natural Hazards Research
9224,Optimization Planning and Operation of Electric Vehicle Charging Facilities A Perspective from China
9225,Living Laboratory for Precision Medicine Solutions for Clinical Implementation
9226,Blockchain and Digital Twin for Smart Hospitals
9227,Digital Doctor how Digital Health can Transform Healthcare
9228,Trends in Biotechnology
9229,Switchgear Design Operation and Maintenance Using Industry Standards Protective Mechanisms Sensing Technology and Communication Standards
9230,Knowledge Graph Based Methods for Automated Driving
9231,Healthcare Frontiers in the Metaverse Innovations and Impacts
9232,Harnessing Automation and Machine Learning for Resource Recovery and Value Creation from Waste to Value
9233,Clinical Neurophysiology Practice
9234,Mathematical Biosciences
9235,Applied Mathematical Modeling for Biomedical Robotics and Wearable Devices
9236,Ssm Qualitative Research in Health
9237,Kidney International Reports
9238,Jtcvs Techniques
9239,Information and Computation
9240,Journal of Taibah University Medical Sciences
9241,Medicine United Kingdom
9242,Biomarkers in Neuropsychiatry
9243,Cleaner Production Letters
9244,Journal of Cancer Policy
9245,Journal of Investigative Dermatology
9246,Journal of Electrocardiology
9247,Urban Governance
9248,Intelligent Data Analytics for Solar Energy Prediction and Forecasting Advances in Resource Assessment and Pv Systems Optimization
9249,Digital Healthcare Digital Transformation and Citizen Empowerment in Asia Pacific and Europe for A Healthier Society Volume 5
9250,Explainable AI in Healthcare Imaging for Medical Diagnoses Digital Revolution of Artificial Intelligence
9251,European Management Journal
9252,Journal of the American Pharmacists Association
9253,Informatics in Medicine Unlocked
9254,Exploring Noninvasive Disease Biomarkers with Urinary Omics Analysis
9255,Digital Twin Blockchain and Sensor Networks in the Healthy and Mobile City
9256,Geothermal Energy Engineering Technology Transfer with the Oil and Gas Industry
9257,Advancing Brain Cancer Care Precision AI Innovation and African Insights
9258,Digital Tools and Data for Innovative Healthcare A Vision for Healthier and More Inclusive Societies
9259,Global Health Journal
9260,Diabetes Mellitus Target Enzymes and Drugs
9261,Biotechnology Engineering A Practical Approach on Bioprocess Development from Lab to Industrial Scale
9262,Advances in Chemical Pollution Environmental Management and Protection
9263,Google Earth Engine and Artificial Intelligence for Earth Observation Algorithms and Sustainable Applications
9264,Edge Intelligence in Cyber Physical Systems Foundations and Applications
9265,African Transport Studies
9266,Innovative Energy Management A Path to Sustainability
9267,Sustainable Development Perspectives in Earth Observation
9268,Drug Discovery and One Health Approach in Combating Infectious Diseases A Multi Sectoral Approach to Address Infections
9269,Commercial Pig Farming A Guide for Swine Production and Management
9270,Aedes Aegypti Ecology Population Control and Vector Borne Disease Prevention
9271,Advances in Protein Chemistry and Structural Biology
9272,Climate Risk Management
9273,Anaesthesia and Intensive Care Medicine
9274,Life Sciences in Space Research
9275,Molecular Plant
9276,Pharmacological Research Modern Chinese Medicine
9277,Library and Information Science Research
9278,Manufacturing
9279,Criminal Justice
9280,Pain Practice
9281,The Oxford Handbook of Numerical Cognition
9282,Inorganic Chemistry Frontiers
9283,Heritage Language Journal
9284,Molecular Psychiatry
9285,Clinical Proteomics
9286,The Journal of the American Taxation Association
9287,Reaction Chemistry &amp; Engineering
9288,Nature Biomedical Engineering
9289,"tripleC: Communication, Capitalism &amp; Critique. Open Access Journal for a Global Sustainable Information Society"
9290,Journal of International Arbitration
9291,International Journal of Entrepreneurial Behaviour &amp; Research
9292,Journal of Hygiene
9293,Journal of Endocrinology
9294,"Women, Culture, and Development"
9295,JOURNAL OF INTERNATIONAL BUSINESS RESEARCH AND MARKETING
9296,Quantum Machine Intelligence
9297,Smart and Sustainable Built Environment
9298,Journal of Business Ethics
9299,TSAQOFAH
9300,Notes and Records of the Royal Society of London
9301,Bioinorganic Chemistry and Applications
9302,ACM Journal of Experimental Algorithmics
9303,Meteoritics &amp; Planetary Science
9304,"Attention, Space and Action"
9305,Journal of Marketing Analytics
9306,International Journal of Technology in Education
9307,Sociolinguistic Perspectives On Register
9308,American Quarterly
9309,Thesis Eleven
9310,Concepts in Magnetic Resonance Part B: Magnetic Resonance Engineering
9431,Travailler
9311,Source Code for Biology and Medicine
9312,Utilitas
9313,Individual Differences Research
9314,Advances in Structural Engineering
9315,WACANA: Jurnal Ilmiah Ilmu Komunikasi
9316,Communications Earth &amp; Environment
9317,The Planetary Science Journal
9318,"Materials (Basel, Switzerland)"
9319,International Journal of Data and Network Science
9320,International Encyclopedia of Statistical Science
9321,Journal of Mental Health Counseling
9322,Experimental Diabetes Research
9323,Legal and Criminological Psychology
9324,Studies in Family Planning
9325,Journal of Nutrition and Metabolism
9326,Disciplinary and Interdisciplinary Science Education Research
9327,Contemporary European History
9328,Management international
9329,EMBO Molecular Medicine
9330,The American Society of Tropical Medicine and Hygiene
9331,Nordlit
9332,Journal of K-Theory
9333,Therapeutic Advances in Drug Safety
9334,Cancer cytopathology
9335,Journal of Public Procurement
9336,Current Psychiatry Reports
9337,Jurnal Administrasi Kesehatan Indonesia
9338,Elementary School: Jurnal Pendidikan dan Pembelajaran ke-SD-an
9339,Aesthetic Surgery Journal
9340,Population-Based Survey Experiments
9341,Studies in Social Justice
9342,Volume 1: Aircraft Engine; Marine; Turbomachinery; Microturbines and Small Turbomachinery
9343,European Journal of Lipid Science and Technology
9344,Jurnal Bisnis Terapan
9345,Advanced Therapeutics
9346,Seminars in Thrombosis and Hemostasis
9347,EDIS
9348,Food Frontiers
9349,Journal of the Pakistan Medical Association
9350,College Composition and Communication
9351,Anglo-Saxon England
9352,Direct Marketing: An International Journal
9353,BJPsych Open
9354,Journal of the renin-angiotensin-aldosterone system : JRAAS
9355,Advances in Vehicular Ad-Hoc Networks
9356,Prosodic Typology II
9357,Al-Jabar : Jurnal Pendidikan Matematika
9358,Translational Behavioral Medicine
9359,Journal of Experimental Botany
9360,European Journal of Public Health
9361,SmartMat
9362,Ambio
9363,The Dynamics of Strategy
9364,Food Science and Technology International
9365,SPE Drilling &amp; Completion
9366,Behavioral and Brain Functions
9367,"Politics, Philosophy &amp; Economics"
9368,Journal of Benefit-Cost Analysis
9369,Analogy in Grammar
9370,APL Bioengineering
9371,Journal of Functional Biomaterials
9372,Jurnal Teknologi Informasi dan Ilmu Komputer
9373,Research Journal of Textile and Apparel
9374,International Journal of Computer and Communication Technology
9375,Diversity
9376,Drug and Alcohol Review
9377,Contexts
9378,International Communication Gazette
9379,Canadian Review of American Studies
9380,Nuclear Technology and Radiation Protection
9381,Society &amp; Animals
9382,Journal of Multicultural Counseling and Development
9383,npj Biofilms and Microbiomes
9384,at - Automatisierungstechnik
9385,Strategy Science
9386,VIEW
9387,Energy Material Advances
9388,Frontiers in Oncology
9389,Problems and Perspectives in Management
9390,International Journal of Engineering and Advanced Technology
9391,Global Business and Organizational Excellence
9392,E&amp;amp;G Quaternary Science Journal
9393,Australian Journal of Education
9394,Politics &amp; Gender
9395,Quarterly Journal of Experimental Physiology
9396,Social Science History
9397,Leonardo
9398,Current Addiction Reports
9399,Journal of Gaming &amp; Virtual Worlds
9400,Pesticide Science
9401,Oxidative Medicine and Cellular Longevity
9402,Disability Studies Quarterly
9403,Advances in Social Work
9404,The Philosophy of David Kaplan
9405,Designs
9406,Advanced Sustainable Systems
9407,ACM Transactions on Privacy and Security
9408,Methodological Innovations
9409,Journal of Medical Radiation Sciences
9410,"Review of European, Comparative &amp; International Environmental Law"
9411,Fisheries Management and Ecology
9412,Philosophical Transactions of the Royal Society of London. (A.)
9413,Physiotherapy Research International
9414,SAE International Journal of Alternative Powertrains
9415,The Journal of African History
9416,Endocrine-Related Cancer
9417,Journal of Strength and Conditioning Research
9418,AR-RIAYAH : Jurnal Pendidikan Dasar
9419,CABI Reviews
9420,Asian Bioethics Review
9421,OJIN: The Online Journal of Issues in Nursing
9422,Geoenvironmental Disasters
9423,Textile Research Journal
9424,Quality of Life Research
9425,Journal of ISMAC
9426,IET Signal Processing
9427,Jurnal Teologi Berita Hidup
9428,Comunicação e Sociedade
9429,Volume 5: 27th Biennial Mechanisms and Robotics Conference
9432,Journal of Applied Geology
9433,International Journal of Rehabilitation Research
9434,Innovation in Aging
9435,Journal of Engineering
9436,Frontiers in Physiology
9437,Informing Science: The International Journal of an Emerging Transdiscipline
9438,Technical Reports Series
9439,Journal of Special Education Technology
9440,Journal of Computing and Information Science in Engineering
9441,Scandinavian Political Studies
9442,The British Journal for the History of Science
9443,SPE Western Regional &amp; AAPG Pacific Section Meeting 2013 Joint Technical Conference
9444,Grammars in Contact
9445,Hume's Problem
9446,The Journal of Community Informatics
9447,Veterinary Evidence
9448,Worldwide Hospitality and Tourism Themes
9449,PSU Research Review
9450,Frontiers in Computational Neuroscience
9451,Cetta: Jurnal Ilmu Pendidikan
9452,Cell Research
9453,"Advances in Statistical Climatology, Meteorology and Oceanography"
9454,Ethics in Science and Environmental Politics
9455,Progress of Theoretical and Experimental Physics
9456,Nature Materials
9457,"International Journal of Cognitive Research in Science, Engineering and Education"
9458,The Engineering Design Graphics Journal
9459,Surface Engineering
9460,Communication &amp; Medicine
9461,Dissent
9462,Journal of Health Organization and Management
9463,"Risk, Hazards &amp; Crisis in Public Policy"
9464,Biotechnology Research International
9465,International Journal of Dermatology
9466,Journal of Dental Education
9467,BMJ Open Sport &amp; Exercise Medicine
9468,European Journal of Tourism Research
9469,Foot &amp; Ankle International
9470,Journal of Librarianship and Information Science
9471,Online Journal of Public Health Informatics
9472,ILSC 2009: Proceedings of the International Laser Safety Conference
9473,Journal of Physics: Conference Series
9474,Corporate Governance: The International Journal of Business in Society
9475,Epidemiology
9476,Experimental &amp; Molecular Medicine
9477,JNCI Cancer Spectrum
9478,JAMA Ophthalmology
9479,Reason and Value
9480,Jurnal Keperawatan Indonesia
9481,ISRN Physical Chemistry
9482,Journal of Marketing Practice: Applied Marketing Science
9483,Creole Language Library
9484,Bulletin of the School of Oriental and African Studies
9485,Australian and New Zealand Journal of Obstetrics and Gynaecology
9486,American Journal of Alzheimer's Disease &amp; Other Dementias®
9487,The Cleft Palate-Craniofacial Journal
9488,Journal of the American Society for Horticultural Science
9489,Social Capital
9490,Mental Health Review Journal
9491,Open Biology
9492,The International Journal of Evidence &amp; Proof
9493,Development and Learning in Organizations: An International Journal
9494,Journal of Advances in Management Research
9495,Computer Animation and Virtual Worlds
9496,SPE Enhanced Oil Recovery Symposium
9497,Journal of Experiential Education
9498,Scientifica
9499,Water Environment Research
9500,Proceedings of the International Symposium on Combinatorial Search
9501,Epigenetics &amp; Chromatin
9502,The International Journal of Health Planning and Management
9503,Gels
9504,Asian Journal of Control
9505,Austral Entomology
9506,International Journal of Geophysics
9507,Bulletin of the History of Medicine
9508,Natural Toxins
9509,Journal of EMDR Practice and Research
9510,International Journal of Image and Graphics
9511,Canadian Journal of Criminology and Criminal Justice
9512,Focaal
9513,Clinical EEG and Neuroscience
9514,Local Economy: The Journal of the Local Economy Policy Unit
9515,Current Cancer Drug Targets
9516,Molecular Brain
9517,Journal of Educational Technology and Online Learning
9518,Revista de Psicología Clínica con Niños y Adolescentes
9519,International Journal for Research in Applied Science and Engineering Technology
9520,Behavioral Disorders
9521,International Journal on Food System Dynamics
9522,Science in Context
9523,Czech Journal of Tourism
9524,APPLIED PHYSICS REVIEWS
9525,Journal of General Physiology
9526,Literacy
9527,EURASIP Journal on Advances in Signal Processing
9528,Journal of the International Phonetic Association
9529,Methodological Practices in Social Movement Research
9530,Ta'allum: Jurnal Pendidikan Islam
9531,"Proceedings on Privacy Enhancing Technologies, Vol 2016, Iss 3, Pp 41-61 (2016)"
9532,Journal of NeuroInterventional Surgery
9533,Science &amp; Education
9534,Journal of Entrepreneurship in Emerging Economies
9535,The Science of Citizen Science
9536,"International Journal of Educational Administration, Management, and Leadership"
9537,Journal of Innovative Image Processing
9538,AoB PLANTS
9539,Molecular Horticulture
9540,"Handbook of Music and Emotion: Theory, Research,
Applications"
9541,EcoSal Plus
9542,Agribusiness
9543,EURASIP Journal on Image and Video Processing
9544,Journal of Mechanisms and Robotics
9545,THEORIA
9546,International Journal for Numerical Methods in Biomedical Engineering
9547,Russian Journal of Numerical Analysis and Mathematical Modelling
9548,BMC Endocrine Disorders
9549,"Engaging Science, Technology, and Society"
9550,Human Malformations and Related Anomalies Second Edition
9551,Abu Dhabi International Petroleum Exhibition and Conference
9552,Publications of the Research Institute for Mathematical Sciences
9553,African Journal of Economic and Management Studies
9554,Transfer of Learning from a Modern Multidisciplinary Perspective
9555,African Studies Review
9556,Journal of Algebra and Its Applications
9557,Higher Learning Research Communications
9558,Brain and Neuroscience Advances
9559,The Prague Bulletin of Mathematical Linguistics
9560,Open Medicine
9561,Antimicrobial Resistance &amp; Infection Control
9562,Decision Making: Applications in Management and Engineering
9563,Frontiers in Neuroscience
9564,Platinum Metals Review
9565,Palliative and Supportive Care
9566,British Journal of Healthcare Management
9567,The Modern Law Review
9568,The Journal of Symbolic Logic
9569,Journal of Applied Entomology
9570,Anti-Cancer Agents in Medicinal Chemistry
9571,Compositio Mathematica
9572,CJEM
9573,IMA Journal of Numerical Analysis
9574,International journal of environmental research and public health
9575,International Conference on Machine Learning
9576,"Teacher education quarterly (Claremont, Calif.)"
9577,Journal of Intelligent &amp; Robotic Systems
9578,"QALAMUNA: Jurnal Pendidikan, Sosial, dan Agama"
9579,Ciência Rural
9580,International Journal of Surgical Pathology
9581,Mediators of Inflammation
9582,Yugoslav Journal of Operations Research
9583,The Timetree of Life
9584,European Journal of Archaeology
9585,Journal of Petrology
9586,Information Polity
9587,Meteorological Monographs
9588,Parasite
9589,Antiviral Therapy
9590,Angewandte Chemie
9591,The Oxford Handbook of Memory
9592,The Latin American Anthropology Review
9593,Environmental Management and Health
9594,Nepalese Journal of Ophthalmology
9595,Journal of Thermal Science and Engineering Applications
9596,"Clinical medicine. Circulatory, respiratory and pulmonary medicine"
9597,"5th International Conference Virtual City and Territory, Barcelona, 2,3 and 4 June 2009"
9598,Journal of Structural Fire Engineering
9599,Semiconductor Science and Technology
9600,Cell Death &amp; Disease
9601,The European Journal of Health Economics
9602,Ceramics
9603,Journal of Intelligent Systems
9604,Journal of Environmental and Engineering Geophysics
9605,The Forum
9606,International Journal of Serious Games
9607,Journal of Graph Theory
9608,American Journal of Primatology
9609,Journal of the American Psychiatric Nurses Association
9610,International Journal of Digital Curation
9611,Journal of Industrial Microbiology and Biotechnology
9612,The Southern Journal of Philosophy
9613,Social &amp; Legal Studies
9614,Journal of Information Technology Teaching Cases
9615,Critical Sociology
9616,Looking Toward the Future of Technology-Enhanced Education
9617,Steel Research
9618,Wind Energy Science
9619,Methods and Protocols
9620,Quantum Science and Technology
9621,Journal of Electrical Engineering &amp; Technology
9622,Multimedia Systems
9623,Biofuel Research Journal
9624,Adicciones
9625,Swiss Journal of Economics and Statistics
9626,Theoretical Biology and Medical Modelling
9627,Journal of Historical Pragmatics
9628,Journal of Southeast Asian Studies
9629,Functional Structure in DP and IP
9630,Social Currents
9631,Journal of Accounting in Emerging Economies
9632,"Social Media, Freedom of Speech, and the Future of our Democracy"
9633,Dil Eğitimi ve Araştırmaları Dergisi
9634,The Clinical Teacher
9635,TRANSPORT
9636,Insect Systematics &amp; Evolution
9637,Terra Nova
9638,Économie rurale
9639,Psyche: A Journal of Entomology
9640,Journal of Mathematics in Industry
9641,Athletic Training Education Journal
9642,Linguistic Landscape. An international journal
9643,IET Communications
9644,The Oxford Handbook of Clinical Child and Adolescent Psychology
9645,Comptes Rendus. Mécanique
9646,Limnology and Oceanography Bulletin
9647,International Journal of Machine Learning and Cybernetics
9648,Developing World Bioethics
9649,J. Mater. Chem. C
9650,Journal of General Internal Medicine
9651,Fisheries Oceanography
9652,Nutrition Journal
9653,Contemporary Issues in Early Childhood
9654,Brain Topography
9655,Synapse
9656,Space Science Reviews
9657,Mater. Horiz.
9658,Asian Development Review
9659,East European Politics and Societies: and Cultures
9660,IET Smart Grid
9661,Organization Theory
9662,Information Research
9663,Orphanet Journal of Rare Diseases
9664,CABI Agriculture and Bioscience
9665,Language Dynamics and Change
9666,Review of Behavioral Finance
9667,Thermal Science
9668,Proceedings of the American Society for Information Science and Technology
9669,Archives of Disease in Childhood - Fetal and Neonatal Edition
9670,Sign Language &amp; Linguistics
9671,Accounting Research Journal
9672,The Journal of Men’s Studies
9673,Child Development Research
9674,"PS: Political Science &amp;
                                Politics"
9675,Functional Materials Letters
9676,Pediatric Allergy and Immunology
9677,Case Study Research
9678,Epidemiology and Psychiatric Sciences
9679,"Forum of Mathematics, Sigma"
9680,JMIR Perioperative Medicine
9681,"Technology, Knowledge and Learning"
9682,Journal of Futures Markets
9683,Frontiers in Digital Health
9684,The Geneva Papers on Risk and Insurance - Issues and Practice
9685,"Technology, Organization, and Competitiveness"
9686,The reading matrix
9687,Evidence-based Preclinical Medicine
9688,London Review of Education
9689,Behavioral Research in Accounting
9690,Geology Today
9691,Aslib Journal of Information Management
9692,Journal of Human Nutrition and Dietetics
9693,Grey Systems: Theory and Application
9694,Journal of Biomedical Semantics
9695,"Propellants, Explosives, Pyrotechnics"
9696,Surveys in Geophysics
9697,Archives of Plastic Surgery
9698,npj Quantum Materials
9699,Current Drug Delivery
9700,C
9701,Infrastructures
9702,FinTech
9703,Conceivability and Possibility
9704,Indian Journal of Materials Science
9705,The Winners
9706,Clinical Chemistry and Laboratory Medicine
9707,Canadian Food Studies / La Revue canadienne des études sur l'alimentation
9708,Criminal Justice Policy Review
9709,Australian &amp; New Zealand Journal of Criminology
9710,Journal of the European Academy of Dermatology and Venereology
9711,GLQ: A Journal of Lesbian and Gay Studies
9712,Understanding Industrial and Corporate Change
9713,Memory Studies
9714,Open Education Studies
9715,PhotoniX
9716,Economic Policy
9717,Nature Structural &amp; Molecular Biology
9718,Archiv der Pharmazie
9719,Nature Photonics
9720,Context and Content
9721,Iraqi Journal for Computer Science and Mathematics
9722,"Whitfield, L, Therkildsen, O, Buur, L & Kjær, A M 2015, The Politics of African Industrial Policy : A Comparative Perspective. Cambridge University Press. < http://www.cambridge.org/us/academic/subjects/politics-international-relations/african-government-politics-and-policy/politics-african-industrial-policy-comparative-perspective?format=HB >"
9723,Journal of Food Safety
9724,Journal of Plant Nutrition and Soil Science
9725,SPE Saudi Arabia Section Technical Symposium
9726,Acta Chimica Slovaca
9727,Org. Biomol. Chem.
9728,International Journal of Optics
9729,Acta Crystallographica Section F Structural Biology Communications
9730,Ecological Statistics
9731,Advances in Human Resources Management and Organizational Development
9732,MRS Communications
9733,Kalfou
9734,Employee Relations: The International Journal
9735,Nano Select
9736,"Journal of applied social psychology vol. 37 no. 3, pp. 457-477"
9737,Communications in Theoretical Physics
9738,Oxford Studies In Metaphysics
9739,European Neurology
9740,English Language and Linguistics
9741,Current Protocols in Immunology
9742,Journal of Financial Reporting and Accounting
9743,The Protein Journal
9744,Tadris: Jurnal Keguruan dan Ilmu Tarbiyah
9745,International Journal of Distance Education Technologies
9746,PLOS Neglected Tropical Diseases
9747,Advances in Pharmacological Sciences
9748,Geotechnical Testing Journal
9749,Artificial Organs
9750,Journal of Sociology
9751,"Proceedings of the British Academy, Volume 162, 2008 Lectures"
9752,Studies in Nonlinear Dynamics &amp; Econometrics
9753,Digital Culture &amp; Society
9754,Current Sports Medicine Reports
9755,Jurnal Informatika: Jurnal Pengembangan IT
9756,Clinical and Applied Thrombosis/Hemostasis
9757,npj Microgravity
9758,Nordic Journal of English Studies
9759,Haemophilia
9760,Pediatric Obesity
9761,Journal of Veterinary Medical Education
9762,Ecology of Freshwater Fish
9763,New Journal of Chemistry
9764,Journal of the American Philosophical Association
9765,Journal of Financial Econometrics
9766,Behavioral Sciences
9767,Antibodies
9768,Journal of Education and Health Promotion
9769,Journal of Pest Science
9770,Participatory Action Research
9771,ZAS Papers in Linguistics
9772,Journal of Botany
9773,Reumatismo
9774,Information Technology and Libraries
9775,bchm
9776,Abstract and Applied Analysis
9777,Journal of Water and Health
9778,Stochastic Systems
9779,Physics in Medicine &amp; Biology
9780,International Journal of Evaluation and Research in Education (IJERE)
9781,Frontiers in Chemistry
9782,Frontiers in Environmental Science
9783,Welfare and Work in the Open Economy Volume I: From Vulnerability to Competitiveness in Comparative Perspective
9784,Journal of Pineal Research
9785,Sexualities
9786,"IET Science, Measurement &amp; Technology"
9787,International Journal of Population Research
9788,Environ. Sci.: Nano
9789,American Politics Quarterly
9790,Progress in Transplantation
9791,Current Forestry Reports
9792,Rice
9793,Juncture
9794,Integrative Biology
9795,International Journal of Artificial Intelligence Research
9796,Aerospace
9797,Science and Public Policy
9798,Journal of Intelligent Information Systems
9799,Gases
9800,Narra J
9801,Journal of Public Affairs
9802,International Journal of Vehicular Technology
9803,Clinical Endocrinology
9804,ELT Journal
9805,Journal of Cyber Security and Mobility
9806,Ambiente &amp; Sociedade
9807,Geology
9808,Action Meets Word
9809,Journal of Clinical Neurophysiology
9810,Journal of Youth Development
9811,Clinical Text Mining
9812,Large-scale Assessments in Education
9813,"International Journal of Science, Technology &amp; Management"
9814,Trials
9815,Journal of Governance and Regulation
9816,ECS Sensors Plus
9817,Frontiers in Integrative Neuroscience
9818,European Journal of Pure and Applied Mathematics
9819,Political Science and Politics
9820,Pediatric Pulmonology
9821,Business Communication Quarterly
9822,IADC/SPE Drilling Conference
9823,Veterinary and Comparative Oncology
9824,American Journal on Intellectual and Developmental Disabilities
9825,International Journal of Forensic Mental Health
9826,World Policy Journal
9827,GSA Bulletin
9828,Frontiers in Research Metrics and Analytics
9829,Frontiers in genetics
9830,Journal of Management Science &amp; Engineering Research
9831,Journal of American Studies
9832,Small Structures
9833,Lean Construction Journal
9834,Journal of Polymer Science Part A: General Papers
9835,SPE Drilling Engineering
9836,International Journal of Alzheimer's Disease
9837,Journal of Analytical Methods in Chemistry
9838,Journal of Research in Music Education
9839,International Journal of Quality Science
9840,Enzyme Research
9841,"Weather, Climate, and Society"
9842,Police Quarterly
9843,Advances in Artificial Neural Systems
9844,Cross Cultural &amp; Strategic Management
9845,Risks
9846,Health Information Management Journal
9847,Vibration
9848,"Journal of Economics, Business, &amp; Accountancy Ventura"
9849,Computational Urban Science
9850,Nature Astronomy
9851,Noninvasive Assessment of the Visual System
9852,Asian Survey
9853,International Journal of Mathematics
9854,American Journal of Hospice and Palliative Medicine®
9855,Accounting and the Public Interest
9856,American Journal of Veterinary Research
9857,"Crime, Media, Culture: An International Journal"
9858,Volume 3: Joint MSEC-NAMRC Symposia
9859,Journal of Research in Medical Sciences
9860,Journal of Technology and Teacher Education
9861,Food Security
9862,Journal of the Optical Society of America B
9863,Frontiers in Endocrinology
9864,Environmental Science and Pollution Research
9865,Edunesia : Jurnal Ilmiah Pendidikan
9866,International Journal of Hydrology
9867,The Journal of protozoology
9868,International Review of Pragmatics
9869,Annual Conference of the PHM Society
9870,PCD Journal
9871,International Business &amp; Economics Research Journal (IBER)
9872,Journal of Rehabilitation Medicine
9873,Intangible Capital
9874,Current Alzheimer Research
9875,Journal of Agribusiness in Developing and Emerging Economies
9876,Feminism And Politics
9877,Outlook on Agriculture
9878,Current Issues in Auditing
9879,BMC Nephrology
9880,Methods in Molecular Biology
9881,Current Robotics Reports
9882,Young Consumers
9883,Indian Journal of Ophthalmology
9884,IIM Kozhikode Society &amp; Management Review
9885,Journal of Physics: Energy
9886,Journal of Theoretical and Applied Electronic Commerce Research
9887,Journal of Business &amp; Economics Research (JBER)
9888,The Oxford Guide to the Malayo-Polynesian Languages of Southeast Asia
9889,Groundwater Monitoring &amp; Remediation
9890,Education and Urban Society
9891,Photomedicine and Laser Surgery
9892,Journal of Rheology
9893,Journal of Surfactants and Detergents
9894,Raisons politiques
9895,International Journal of Education
9896,Living Journal of Computational Molecular Science
9897,"Proceedings on Privacy Enhancing Technologies, Vol 2018, Iss 3, Pp 143-163 (2018)"
9898,Boundary Value Problems
9899,Applied Water Science
9900,Nordlyd
9901,Brazilian Journal of Plant Physiology
9902,LABOUR
9903,Glia
9904,VLSI Design
9905,Harvard Theological Review
9906,ISRN Chemical Engineering
9907,Chronic Illness
9908,Environmental Values
9909,Diving and Hyperbaric Medicine Journal
9910,European Respiratory Review
9911,Current Psychology
9912,Social Problems
9913,Stem Cell Research &amp; Therapy
9914,ACM/IMS Transactions on Data Science
9915,Reslaj : Religion Education Social Laa Roiba Journal
9916,Human Communication Research
9917,Obesity Surgery
9918,Innovative Higher Education
9919,SAE International Journal of Commercial Vehicles
9920,Meteoritics
9921,European Journal of Mass Spectrometry
9922,published
9923,Environmental Health and Preventive Medicine
9924,PharmacoEconomics
9925,Frontiers in Sustainability
9926,The Morphology and Phonology of Exponence
9927,"Knowledge, Truth, and Duty"
9928,The Ecology and Management of Wood in World Rivers
9929,International Journal of Oral Science
9930,Rethinking Management Information Systems
9931,Journal of Ship Research
9932,Empirical Studies of the Arts
9933,International Journal of Rheumatology
9934,Advances in Pharmaceutics
9935,Journal of Corporate Real Estate
9936,Journal of East Asian Studies
9937,The Prison Journal
9938,The Anthropocene Review
9939,Noise &amp; Vibration Worldwide
9940,Personality and Mental Health
9941,Writing &amp; Pedagogy
9942,Contemporary Perspectives on Organizational Social Networks
9943,Fisheries
9944,Jurnal Teknoinfo
9945,Journal of Sensors and Sensor Systems
9946,Current Oncology
9947,Shock
9948,Archives of Toxicology
9949,Fluids
9950,Journal of Analytical Atomic Spectrometry
9951,Journal of Applied Clinical Medical Physics
9952,Food Engineering Reviews
9953,ELT Forum: Journal of English Language Teaching
9954,Artifacts in Behavioral Research
9955,Baltic Journal of Management
9956,International Journal of Online and Biomedical Engineering (iJOE)
9957,Health Services Management Research
9958,Mathematica Slovaca
9959,"Vehicular Technology, IEEE Transactions on"
9960,Journal of Inherited Metabolic Disease
9961,Brazilian Dental Journal
9962,Hand Surgery
9963,Research Ethics
9964,Diabetes Spectrum
9965,The International Journal of Entrepreneurship and Innovation
9966,Heritage Science
9967,Varieties of English Around the World
9968,Inquiries into Truth and Interpretation
9969,Urban Morphology
9970,International Journal of Applied Ceramic Technology
9971,Dalton Trans.
9972,Journal of Early Intervention
9973,European Transport Research Review
9974,Journal of Patient Safety
9975,SPE Western Regional Meeting
9976,International Journal of Manufacturing Engineering
9977,Epilepsy Currents
9978,Journal of Energy
9979,"Educational Technology, Teacher Knowledge, and Classroom Impact"
9980,Sleep Science
9981,Energy RESEARCH LETTERS
9982,Journal of Intelligent Manufacturing
9983,"Clusters, Networks and Innovation"
9984,Issues in Science and Technology Librarianship
9985,JMIR Human Factors
9986,Cytometry Part B: Clinical Cytometry
9987,Integrated Manufacturing Systems
9988,Reproduction in Domestic Animals
9989,The Open AIDS Journal
9990,Corpus Linguistics and Linguistic Theory
9991,International Social Security Review
9992,"Sex, Size and Gender Roles"
9993,"International Journal of Management, Technology, and Social Sciences"
9994,Jesya (Jurnal Ekonomi &amp; Ekonomi Syariah)
9995,"Higher Education, Skills and Work-Based Learning"
9996,MedEdPublish
9997,Journal of Neuroinflammation
9998,Industrial and Corporate Change
9999,Family Practice
10000,Proceedings of the Thirty-First International Joint Conference on Artificial Intelligence
10001,Universe
10002,Faraday Discussions
10003,Interpretation
10004,Health Psychology Research
10005,Professions and Professionalism
10006,Journal of Hand Surgery (European Volume)
10007,Journal of Occupational Health
10008,Journal of Interconnection Networks
10009,Network Science
10010,International Journal of Applied Glass Science
10011,Engineering in Medicine
10012,BMJ Supportive &amp; Palliative Care
10013,Bulletin de Minéralogie
10014,Indonesian Journal of Electrical Engineering and Computer Science
10015,Echo Research &amp; Practice
10016,The Social Psychology of Music
10017,Journal of Molecular Cell Biology
10018,Blood Cancer Discovery
10019,DIALOGO
10020,BMC Immunology
10021,Andrology
10022,Journal of Social Marketing
10023,SPE Low Perm Symposium
10024,Pediatric Critical Care Medicine
10025,International Finance
10026,Journal of Statistical Distributions and Applications
10027,The Strategic Management of Intellectual Capital and Organizational Knowledge
10028,Botany
10029,The Anatomical Record Part B: The New Anatomist
10030,Social Marketing Quarterly
10031,Technology and Culture
10032,Journal of Polymer Science: Polymer Symposia
10033,Negotiation Journal
10034,Why We Need a New Welfare State
10035,Euphytica
10036,Pain Physician
10037,Emerging Topics in Life Sciences
10038,Limnology and Oceanography Letters
10039,Heart (British Cardiac Society)
10040,Phytopathology Research
10041,Epilepsia Open
10042,Eurasian Business Review
10043,Review of International Business and Strategy
10044,Research Involvement and Engagement
10045,Engineering Research Express
10046,Journal of Advanced Ceramics
10047,Journal of Biomedical Science
10048,English Journal
10049,Psychological reports
10050,Journal of Social Health and Diabetes
10051,Decision Analysis
10052,Proceedings of the New Zealand Grassland Association
10053,Linguistic Issues in Language Technology
10054,Case reports in pediatrics
10055,Nanotechnology Reviews
10056,Yearbook of the German Cognitive Linguistics Association
10057,"INQUIRY: The Journal of Health Care Organization, Provision, and Financing"
10058,IET Software
10059,Buletin Psikologi
10060,SAE International Journal of Connected and Automated Vehicles
10061,Journal of NELTA
10062,Organizational Learning and Knowledge
10063,Acta medica Scandinavica. Supplementum
10064,South African Journal of Psychology
10065,International Conference on Well-Being in the Information Society
10066,International Conference on Intelligent Technologies and Applications
10067,Conference on Artificial Intelligence and Natural Language
10068,Convegno della Società Italiana di Statistica
10069,World Congress on Services
10070,International Conference on Wireless Communications and Applications
10071,Congress of the International Association of Societies of Design Research
10072,Kuala Lumpur International Conference on Biomedical Engineering
10073,AAAI Fall Symposium
10074,Mandalika International Multi-Conference on Science and Engineering (Informatics and Computer Science)
10075,"International Conference on Computer Science, Information Engineering and Digital Economy"
10076,International Scientific Siberian Transport Forum
10077,International Conference on Comprehensible Science
10078,International Conference on Software Engineering Research and Applications
10079,International Workshop on Self-Organizing Maps
10080,International Conference of the Indian Society of Ergonomics
10081,IMA Conference on Mathematics of Robotics
10082,International Conference on Intelligent Automation and Soft Computing
10083,International Conference for Information Systems and Design
10084,International Symposium Distributed Autonomous Robotic Systems
10085,International Workshop on Attacks and Defenses for Internet-of-Things
10086,International Conference on Bangabandhu and Digital Bangladesh
10087,"International Conference on Design, Simulation, Manufacturing: The Innovation Exchange"
10088,International Symposium on Wearable Robotics
10089,Proceedings of the International Conference on Sustainable Design and Manufacturing
10090,International Conference on Advanced Materials Mechanics & Manufacturing
10091,Language and Technology Conference
10092,International Conference on Intelligent Transportation Engineering
10093,International Conference on Sustainable Civil Engineering Structures and Construction Materials
10094,International Conference on Frontiers in Handwriting Recognition
10095,"International Conference on Wireless Algorithms, Systems, and Applications"
10096,International Workshop on Machine Learning for Medical Image Reconstruction
10097,Conference of the Section on Classification and Data Analysis of the Polish Statistical Association
10098,International Workshop on Multiscale Multimodal Medical Imaging
10099,IFIP/IEEE International Conference on Very Large Scale Integration - System on a Chip
10100,MICCAI Workshop on Resource-Efficient Medical Image Analysis
10101,International Conference on Applied Science and Advanced Technology
10102,International Workshop on Extending Explainable AI Beyond Deep Models and Classifiers
10103,International Conference on Pattern Recognition and Information Processing
10104,International Workshop on Continual Semi-Supervised Learning
10105,International Conference on Human Centered Computing
10106,International Conference on Mechanical Design
10107,International Conference On Secure Knowledge Management In Artificial Intelligence Era
10108,International Conference on Sensing and Imaging
10109,"MICCAI Workshop on Data Augmentation, Labelling, and Imperfections"
10110,"Congress in Sustainability, Energy and City"
10111,Doctoral Symposium on Information and Communication Technologies
10112,"International Conference on Smart Technologies for Energy, Environment, and Sustainable Development"
10113,European Conference on Earthquake Engineering and Seismology
10114,"International Conference on Cryptography, Codes and Cyber Security"
10115,The 2018 International Conference on Digital Science
10116,"International Conference on Multimedia Communications, Services and Security"
10117,Regional Conference in Mechanical Manufacturing Engineering
10118,International Scientific and Practical Conference
10119,Conferencia Cientifica Internacional Uciencia
10120,RILEM-fib International Symposium on Fibre Reinforced Concrete
10121,International Conference on Social Informatics
10122,International Conference on Numerical Modelling in Engineering
10123,International Technical Meeting on Air Pollution Modelling and its Application
10124,Industrial Innovation in Digital Age
10125,International Conference on Distributed Artificial Intelligence
10126,International Conference on Electronic Governance and Open Society: Challenges in Eurasia
10127,KES International Conference on Smart Education and E-Learning
10128,International Conference on Web and Internet Economics
10129,International Conference on Cloud Computing and Services Science
10130,Institute of Scientific Communications Conference
10131,International Conference on Digital Technologies in Teaching and Learning Strategies
10132,Interational Conference on Bayesian Young Statistician Meeting
10133,International Conference on Game Theory for Networks
10134,International Conference on Evolution in Manufacturing
10135,"Annual Conference of the Society of Statistics, Computer and Applications"
10136,"International Conference on Energy, Materials Sciences & Mechanical Engineering"
10137,"International Conference on Architecture, Materials and Construction"
10138,15th European Workshop on Advanced Control and Diagnosis
10139,German- Italian Workshop  Social Innovation in Long-Term Care through Digitalization
10140,Reasoning Web International Summer School
10141,International Workshop on Accelerator Programming Using Directives
10142,International Conference on Emerging Technology Trends in Internet of Things and Computing
10143,"International Conference on Geotechnical Challenges in Mining, Tunneling and Underground Infrastructures"
10144,Virtual Conference on Mechanical Fatigue
10145,International Conference on Fibre-Reinforced Polymer (FRP) Composites in Civil Engineering
10146,International Conference on Network Science
10147,"International Conference on Microelectronic Devices, Circuits and Systems"
10148,International Conference on Conceptual Structures
10149,International Scientific Conference on Innovations in Digital Economy
10150,International Conference on Passive and Active Network Measurement
10151,International Workshop on Software Foundations for Data Interoperability
10152,International Conference on Metaheuristics and Nature Inspired Computing
10153,International Conference on Bioinspired Optimization Methods and Their Applications
10154,USCToMM Symposium on Mechanical Systems and Robotics
10155,Conference on Philosophy and Theory of Artificial Intelligence
10156,IWDFRT— INTERNATIONAL conference on Dirichlet Forms and Related Topics
10157,"International Workshop on Coordination, Organizations, Institutions, Norms, and Ethics for Governance of Multi-Agent Systems"
10158,International Workshop on Lie Theory and Its Applications in Physics
10159,Automated Vehicles Symposium
10160,ATEE Spring Conference
10161,Forum for Math for Industry
10162,International Symposium on Algorithms and Experiments for Wireless Sensor Networks
10163,"Symposium on Robot Design, Dynamics and Control"
10164,GQW-Jahrestagung in Cottbus
10165,Infectious Diseases Now
10166,Journal of Diabetes and Its Complications
10167,Green Energy and Environment
10168,Transfusion and Apheresis Science
10169,Preventive Medicine
10170,Best Practice and Research Clinical Gastroenterology
10171,Journal of Psychosomatic Research
10172,Resuscitation Plus
10173,Climate Change and Rainfall Extremes in Africa Occurrence Impacts and Adaptation
10174,Surgeon
10175,Models and Applications of Tourists Travel Behavior
10176,Methods in Microbiology
10177,Innovations in Biomedical Engineering Trends in Scientific Advances and Applications
10178,Handbook of Blockchain Digital Finance and Inclusion Volume 3 Web3 AI Privacy and Greentech
10179,Reproductive Toxicology
10180,Food and Chemical Toxicology
10181,Human Gene
10182,Journal of Translational Autoimmunity
10183,European Journal of Integrative Medicine
10184,European Journal of Medical Genetics
10185,Neurochemistry International
10186,Journal of Molecular and Cellular Cardiology Plus
10187,Journal of Trace Elements in Medicine and Biology
10188,International Journal for Parasitology Drugs and Drug Resistance
10189,Reproductive Biology
10190,Journal of Pain
10191,Food Hydrocolloids for Health
10192,Biotechnology Reports
10193,Fungal Biology
10194,Harmful Algae
10195,Ijc Heart and Vasculature
10196,Animal Reproduction Science
10197,Biochimica Et Biophysica Acta Molecular Cell Research
10198,Archives of Biochemistry and Biophysics
10199,Gynecologic Oncology
10200,Toxicology and Applied Pharmacology
10201,Animal Nutrition
10202,Molecular Therapy
10203,Midwifery
10204,Electronic Journal of Biotechnology
10205,Burns
10206,Biochimie
10207,Scientia Horticulturae
10208,Anales De Pediatria
10209,Chinese Journal of Analytical Chemistry
10210,Veterinary Immunology and Immunopathology
10211,Experimental Cell Research
10212,Neurobiology of Disease
10213,Journal of Ginseng Research
10214,Cancer Genetics
10215,Annales Pharmaceutiques Francaises
10216,Phytomedicine Plus
10217,Osteoarthritis and Cartilage
10218,Studies in History and Philosophy of Science
10219,Lancet Psychiatry
10220,Geoforum
10221,AI Open
10222,American Journal of Preventive Medicine
10223,Children and Youth Services Review
10224,Clinical Nutrition
10225,Sexual and Reproductive Healthcare
10226,Journal of the American Academy of Child and Adolescent Psychiatry
10227,Lancet Regional Health Western Pacific
10228,Ajog Global Reports
10229,Explorations in Economic History
10230,Journal of Thoracic Oncology
10231,Australian and New Zealand Journal of Public Health
10232,Animal Open Space
10233,International Journal of Mining Science and Technology
10234,Annals of the Rheumatic Diseases
10235,Exhaled Breath Analysis Current Status Challenges and Future Perspectives
10236,Quaternion Based Sparse Image Processing Advances in Multispectral Processing
10237,Bioresorbable Materials and Bioactive Surface Coatings Biomedical Implants and Tissue Regeneration
10238,Journal of Thrombosis and Haemostasis
10239,Deep Learning for Earth Observation and Climate Monitoring
10240,Journal of the Academy of Nutrition and Dietetics
10241,Solid State Sciences
10242,Intermetallics
10243,South African Journal of Chemical Engineering
10244,Sustainable Chemistry One World
10245,Fisheries Research
10246,International Journal of Advanced Nuclear Reactor Design and Technology
10247,Psychiatry Research Communications
10248,Results in Surfaces and Interfaces
10249,Progress in Natural Science Materials International
10250,Nutrition Metabolism and Cardiovascular Diseases
10251,World Journal of Acupuncture Moxibustion
10252,Soft Computing in Smart Manufacturing and Materials
10253,Resilient Cities and Structures
10254,Journal of Molecular Diagnostics
10255,Quantum Computing Principles and Paradigms
10256,Internet of Things and Cyber Physical Systems
10257,Hosting Capacity Aspects in Distribution Networks Towards Sustainable Energy Systems
10258,Annual Reviews in Control
10259,Labour Economics
10260,Food and Bioproducts Processing
10261,Veterinary Parasitology Regional Studies and Reports
10262,Journal of Frailty and Aging
10263,Journal of Pediatric Nursing
10264,Particuology
10265,American Journal of Obstetrics and Gynecology Mfm
10266,Quaternary Geochronology
10267,Lancet Regional Health Americas
10268,American Journal of Obstetrics and Gynecology
10269,Renewable and Sustainable Energy Transition
10270,Endocrine Practice
10271,Hematology Transfusion and Cell Therapy
10272,Journal Francais D Ophtalmologie
10273,CMAJ Canadian Medical Association Journal
10274,Journal of Infection
10275,Theoretical and Computational Chemistry
10276,Agent Based Models with Matlab
10277,Statistical Relational Artificial Intelligence in Photovoltaic Power Uncertainty Analysis
10278,Advancements in Modeling Based Therapeutics and Technology for Chronic Diseases
10279,Computational Methods for Time Series Analyses in Earth Sciences
10280,Handbook of Proteolytic Enzymes Metallopeptidases
10281,Academic Pediatrics
10282,Lingua
10283,Journal of Cardiac Failure
10284,Journal of Gastrointestinal Surgery
10285,European Journal of Vascular and Endovascular Surgery
10286,Journal of Pain and Symptom Management
10287,Neuropsychiatrie De L Enfance Et De L Adolescence
10288,Evolution Psychiatrique
10289,Annals of Emergency Medicine
10290,Heart Lung and Circulation
10291,Journal of Contextual Behavioral Science
10292,Women and Birth
10293,Journal D Imagerie Diagnostique Et Interventionnelle
10294,Urologic Oncology Seminars and Original Investigations
10295,French Journal of Urology
10296,Journal of Perianesthesia Nursing
10297,Contemporary Clinical Trials Communications
10298,Soins Pediatrie Puericulture
10299,Nursing for Women S Health
10300,Journal of Herbal Medicine
10301,American Journal of Ophthalmology Case Reports
10302,Gynecologic Oncology Reports
10303,Journal of Emergency Nursing
10304,Journal of Pediatric Urology
10305,Annals of Thoracic Surgery Short Reports
10306,Revue Du Podologue
10307,International Journal of Africa Nursing Sciences
10308,Clinical Lymphoma Myeloma and Leukemia
10309,Revue Du Rhumatisme Edition Francaise
10310,Revue De Chirurgie Orthopedique Et Traumatologique
10311,Annales Medico Psychologiques
10312,High Speed Railway
10313,Heart Rhythm
10314,Molecular Genetics and Metabolism Reports
10315,Jacc Clinical Electrophysiology
10316,Revue Neurologique
10317,Climate Services
10318,Practical Laboratory Medicine
10319,Magnetic Resonance Letters
10320,Cognitive Robotics
10321,Watershed Ecology and the Environment
10322,Emerging Sensors for Environmental Monitoring
10323,Econometrics and Statistics
10324,Metaheuristics Based Materials Optimization Enhancing Materials Applications
10325,International Review of Law and Economics
10326,Current Problems in Diagnostic Radiology
10327,Smart Energy
10328,Treatise on Process Metallurgy Volume 2a Process Phenomena
10329,Stochastic Modeling and Statistical Methods Advances and Applications
10330,International Journal of Agronomy
10331,Journal of Energy Resources Technology
10332,Journal of Neuroscience Research
10333,Australian Journal of Zoology
10334,Journal of the Society for American Music
10335,Problems of Rationality
10336,International Journal of Research in Counseling and Education
10337,Machine Learning: Science and Technology
10338,Automotive Innovation
10339,Journal of Experimental Orthopaedics
10340,International Journal of Software Engineering and Its Applications
10341,Explaining Value
10342,Oxford Studies In Epistemology
10343,Anais do XVII Simpósio Brasileiro de Engenharia de Software (SBES 2003)
10344,Sexually Transmitted Infections
10345,Proceedings of the Institution of Civil Engineers - Geotechnical Engineering
10346,Comptes Rendus. Chimie
10347,Contributions in Economic Analysis &amp; Policy
10348,The Open Nursing Journal
10349,International Journal of Clinical Trials
10350,Journal of Child Health Care
10351,Public Works Management &amp; Policy
10352,KOMUNIKA: Jurnal Dakwah dan Komunikasi
10353,npj Systems Biology and Applications
10354,Energy Informatics
10355,Polysaccharides
10356,Obstetrics &amp; Gynecology
10357,Research Notes of the AAS
10358,Jurnal Basicedu
10359,Clinical Governance: An International Journal
10360,International Journal of Wine Business Research
10361,Clinical Physiology and Functional Imaging
10362,Politics &amp; Policy
10363,European Eating Disorders Review
10364,Clinical and Developmental Immunology
10365,Journal of Helminthology
10366,Beyond Coping
10367,European Journal of Educational Research
10368,Jurnal Penelitian &amp; Pengembangan Pendidikan Fisika
10369,Thinking About Feeling
10370,Reviews in Chemical Engineering
10371,European Journal of Management and Business Economics
10372,"Genes, Chromosomes and Cancer"
10373,Annual Review of Biomedical Data Science
10374,Parasites &amp; Vectors
10375,IOP Conference Series: Earth and Environmental Science
10376,Frontiers in Ecology and Evolution
10377,Clean Technologies and Environmental Policy
10378,ACM SIGAda Ada Letters
10379,Comunicar
10380,Journal of General and Family Medicine
10381,Computational Approaches to the Lexicon
10382,Logic: from Foundations to Applications
10383,Annals of Public and Cooperative Economics
10384,Rock Classification Systems for Engineering Purposes
10385,Proceedings of the Cambridge Philological Society
10386,Journal of the American Musicological Society
10387,Journal of Drug Education
10388,Agricultural and Forest Entomology
10389,Religious Studies
10390,Marine and Coastal Fisheries
10391,Homicide Studies
10392,"John Wiley & Sons, Ltd, 2016, &#x27E8;10.1002/9781118786352.wbieg0671&#x27E9;"
10393,Vaccines
10394,Review of Regional Studies
10395,European Heart Journal - Digital Health
10396,Health Education Research
10397,Zeitschrift für Erziehungswissenschaft
10398,BJPsych International
10399,Advanced Fiber Materials
10400,GSC Advanced Research and Reviews
10401,Trends in Language Acquisition Research
10402,BioResources
10403,Journal of Reinforced Plastics and Composites
10404,Epistemic Value
10405,Probus
10406,"IET Microwaves, Antennas &amp; Propagation"
10407,Journal of Oral and Maxillofacial Pathology
10408,Journal of Water and Climate Change
10409,"Journal of Information, Communication and Ethics in Society"
10410,FONDATIA
10411,Infectious Diseases of Poverty
10412,Evolutionary Algorithms in Theory and Practice
10413,ISLAMIKA
10414,Psych
10415,Refuge: Canada's Journal on Refugees
10416,Publications de l'Institut Mathematique
10417,Quarterly Journal of Finance
10418,Asian Economic Papers
10419,Criminology &amp; Criminal Justice
10420,Journal of Gambling Issues
10421,International Journal of English Studies
10422,"Cancer Epidemiology, Biomarkers &amp; Prevention"
10423,Journal of Technical Writing and Communication
10424,Axioms
10425,The Depositional Record
10426,The British Journal of Psychiatry
10427,"Facta Universitatis, Series: Mathematics and Informatics"
10428,FEMS Microbiology Reviews
10429,Scaffolding: Jurnal Pendidikan Islam dan Multikulturalisme
10430,Journal of Hospitality and Tourism Technology
10431,SusMat
10432,Frontiers of Engineering Management
10433,Discover Internet of Things
10434,ASEAN Journal of Science and Engineering
10435,Living Reviews in Solar Physics
10436,Revista Panamericana de Salud Pública
10437,The Dynamic Firm
10438,Annals of General Psychiatry
10439,Stat
10440,International Journal of Microwave and Wireless Technologies
10441,The Cornell Hotel and Restaurant Administration Quarterly
10442,Food Science &amp; Nutrition
10443,Global Social Policy
10444,The American Archivist
10445,INFO
10446,Journal of New Approaches in Educational Research
10447,Environment and Planning C: Politics and Space
10448,Refuge
10449,Transportation Safety and Environment
10450,Jurnal Penelitian Pendidikan Islam
10451,Information Technology &amp; Tourism
10452,BMJ Open Quality
10453,Law and Policy
10454,Telematics Communication Technologies and Vehicular Networks
10455,"SciPost Physics, Vol 10, Iss 5, p 103 (2021)"
10456,Journal of Tissue Engineering
10457,Drug Testing and Analysis
10458,International Journal of Learner Corpus Research
10459,Cancer Prevention Research
10460,International Journal of Rotating Machinery
10461,Integrative Zoology
10462,Advances in Computer Engineering
10463,International Journal of Swarm Intelligence Research
10464,"Political Science &amp;
                                Politics"
10465,Linguistics
10466,Clinical Obstetrics &amp; Gynecology
10467,Journal of Teacher Education for Sustainability
10468,Biomimetics
10469,MODID-00000000488:Knowledge Unlatched
10470,Diabetologia
10471,Emerging Science Journal
10472,"IMPACT: Studies in Language, Culture and Society"
10473,MVP Journal of Medical Sciences
10474,Analyse &amp; Kritik
10475,Études/Inuit/Studies
10476,The Howard Journal of Criminal Justice
10477,Hydrology
10478,International Journal of Game-Based Learning
10479,International Journal of Photoenergy
10480,Dyslexia
10481,Canadian Journal of School Psychology
10482,Journal of Hispanic Higher Education
10483,Molecular Autism
10484,Molecular Pain
10485,Journal of Computing in Higher Education
10486,Practical Quantum Mechanics
10487,Netherlands Journal of Legal Philosophy
10488,Stem Cells Translational Medicine
10489,INTERNATIONAL JOURNAL OF CARE SCHOLARS
10490,Brazilian Journal of Political Economy
10491,International Journal of Adolescent Medicine and Health
10492,The Journal of Headache and Pain
10493,Bulletin of Earthquake Engineering
10494,Information Discovery and Delivery
10495,Frontiers in Forests and Global Change
10496,Nature Electronics
10497,Consciousness &amp; Emotion Book Series
10498,British Journal of Learning Disabilities
10499,Zeitschrift für Analysis und ihre Anwendungen
10500,The Review of Symbolic Logic
10501,Journal of Happiness Studies
10502,Spanish Journal of Agricultural Research
10503,International Journal of Applied Mathematics and Computer Science
10504,International Journal of Quantitative Structure-Property Relationships
10505,Journal of Children's Orthopaedics
10506,Epidemiologic Reviews
10507,Breathe
10508,"IET Radar, Sonar &amp; Navigation"
10509,Jurnal Tatsqif
10510,Heredity
10511,Journal of Mathematics
10512,Cancer Research and Treatment
10513,Cerebral Cortex Communications
10514,Bioresources and Bioprocessing
10515,Healthcare Technology Letters
10516,Interactive Technology and Smart Education
10517,Advances in Interaction Studies
10518,Pacific Accounting Review
10519,Journal of Management History
10520,Revista da Sociedade Brasileira de Medicina Tropical
10521,Journal of Electronic Commerce in Organizations
10522,Cells Tissues Organs
10523,critical perspectives on international business
10524,National Institute Economic Review
10525,Law &amp; Social Inquiry
10526,Child Abuse Review
10527,Environmental Evidence
10528,IET Computer Vision
10529,Mathematical Biosciences and Engineering
10530,Modern Supply Chain Research and Applications
10531,SIGSPATIAL Special
10532,The Oxford Handbook of Ergativity
10533,Precision Agriculture
10534,Genetics and Conservation of Rare Plants
10535,nanoph
10536,ISRN Spectroscopy
10537,Surface Review and Letters
10538,Journal of Diabetes Research
10539,"Journal of NeuroEngineering and Rehabilitation, Vol 2, Iss 1, p 17 (2005)"
10540,Journal of Economics and Behavioral Studies
10541,Journal of Ophthalmology
10542,Advances in Applied Mathematics and Mechanics
10543,"Journal of Management, Spirituality &amp; Religion"
10544,Intonation in Romance
10545,Blockchain in Healthcare Today
10546,International Journal of Electrical Engineering &amp; Education
10547,Asian Journal of Interdisciplinary Research
10548,Geosphere
10549,Journal of Optics
10550,Journal of Ethnic Foods
10551,BMC Psychology
10552,"Simulation &amp; Gaming, 35, 1, pp. 70-84"
10553,EP Europace
10554,Gigabyte
10555,"Sensors (Basel, Switzerland)"
10556,Canadian Journal of Linguistics/Revue canadienne de linguistique
10557,Volume 4: Turbo Expo 2004
10558,Translation Spaces
10559,Neuroepidemiology
10560,Worldviews on Evidence-based Nursing presents the archives of Online Journal of Knowledge Synthesis for Nursing
10561,Grass and Forage Science
10562,"BMC Medical Genomics, Vol 3, Iss 1, p 8 (2010)"
10563,Journal of Agricultural &amp; Food Industrial Organization
10564,Hepatology Research
10565,Journal of Non-Equilibrium Thermodynamics
10566,"Flow, Turbulence and Combustion"
10567,Information Display
10568,Journal of Industrial Relations
10569,Assessing Quality Of Life In Clinical Trials
10570,Trapsila: Jurnal Pendidikan Dasar
10571,BRICS Report Series
10572,Kurdistan Journal of Applied Research
10573,Superconductor Science and Technology
10574,Économie appliquée
10575,PNAS Nexus
10576,Revista Brasileira de Psiquiatria
10577,Journal of Direct Marketing
10578,Science and Technology of Nuclear Installations
10579,The Structural Design of Tall Buildings
10580,Metametaphysics
10581,Annals of Work Exposures and Health
10582,Jurnal IMPACT: Implementation and Action
10583,14th Design Automation Conference
10584,Florilegium
10585,Journal of Roman Archaeology
10586,Geosynthetics International
10587,ISRN Renewable Energy
10588,Humanomics
10589,IET Information Security
10590,Chemistry &amp; Biodiversity
10591,Coloration Technology
10592,Music and the Muses
10593,Nephrology Dialysis Transplantation
10594,Management in Education
10595,Journal of English as a Lingua Franca
10596,steel research international
10597,Journal of Science Communication
10598,Journal of Law and the Biosciences
10599,GeoArabia
10600,Design Issues
10601,"Journal of the Association for Information Systems, 2022, Vol.23(1), pp.13-95 [Peer Reviewed Journal]"
10602,Research Journal of Pharmaceutical Dosage Forms and Technology
10603,Multivariate Statistical Machine Learning Methods for Genomic Prediction
10604,Forestry: An International Journal of Forest Research
10605,International Conference on Applied Engineering and Natural Sciences
10606,Studies in Discourse and Grammar
10607,"European Journal of Open, Distance and E-Learning"
10608,International Wound Journal
10609,Mechanical Sciences
10610,Low Temperature Physics
10611,Advances in Software Engineering
10612,Environmental Progress &amp; Sustainable Energy
10613,Criminal Behaviour and Mental Health
10614,Design Management Review
10615,International Journal of MS Care
10616,Journal of Policy and Practice in Intellectual Disabilities
10617,Logical Methods in Computer Science
10618,Laboratory Phonology
10619,Current Protocols in Cell Biology
10620,Journal of Central Nervous System Disease
10621,Journal of Lower Genital Tract Disease
10622,One Health Outlook
10623,Atoms
10624,Nature Sustainability
10625,Research for Policy
10626,Indo-MathEdu Intellectuals Journal
10627,Emergency Medicine Journal
10628,Journal of Language Contact
10629,Documenta Praehistorica
10630,Pediatrics International
10631,Spirituality and Health International
10632,SPE Improved Oil Recovery Symposium
10633,Oceanic Linguistics
10634,Australian Journal of Primary Health
10635,European Transactions on Electrical Power
10636,Biofeedback
10637,Knowledge Management &amp; E-Learning: An International Journal
10638,Research in the Teaching of English
10639,Journal of Technology and Science Education
10640,Journal of Creating Value
10641,Foundations of Management
10642,Journal for the Education of Gifted Young Scientists
10643,"Proceedings on Privacy Enhancing Technologies, Vol 2017, Iss 4, Pp 365-383 (2017)"
10644,IET Collaborative Intelligent Manufacturing
10645,The Journals of Gerontology: Series A
10646,Frontiers of Business Research in China
10647,Semantic Web
10648,PloS one
10649,AILA Applied Linguistics Series
10650,ISME Communications
10651,Frontiers in Cellular and Infection Microbiology
10652,Neuro-Oncology Advances
10653,Intelligent Autonomous Systems 10
10654,Ethos
10655,Northeast African Studies
10656,"Infinite Dimensional Analysis, Quantum Probability and Related Topics"
10657,IZA Journal of Labor Policy
10658,PSA: Proceedings of the Biennial Meeting of the Philosophy of Science Association
10659,Australian Journal of Business and Management Research
10660,European Journal of Dentistry
10661,Handbook of Research on Urban Informatics
10662,British Journal of Dermatology
10663,Current Drug Metabolism
10664,Digital Threats: Research and Practice
10665,Journal of Applied Microbiology
10666,Babylonian Journal of Machine Learning
10667,Journal of Teaching and Learning for Graduate Employability
10668,The Innate Mind
10669,Food Service Technology
10670,OCLC Systems &amp; Services: International digital library perspectives
10671,Journal of Computational and Nonlinear Dynamics
10672,Urban History
10673,SPE Gas Technology Symposium
10674,Economic Affairs
10675,Cost Effectiveness and Resource Allocation
10676,Journal of Cognitive Education and Psychology
10677,Thought and Reference
10678,Games-Based Learning Advancements for Multi-Sensory Human Computer Interfaces
10679,Public Health Research and Practice
10680,Jurnal Ilmiah Universitas Batanghari Jambi
10681,Computational Particle Mechanics
10682,"Journal of Management Studies, 41(4), 525 - 547. Wiley-Blackwell"
10683,Jurnal Penelitian Pendidikan
10684,British Journal of Cancer
10685,International Journal of Advances in Soft Computing and its Applications
10686,Strategic Management
10687,Stratigraphy
10688,Canadian Journal of Learning and Technology / La revue canadienne de l’apprentissage et de la technologie
10689,Information Technology and the Corporation of the 1990s
10690,Historical Studies in the Natural Sciences
10691,Journal of Imagery Research in Sport and Physical Activity
10692,Sexual Development
10693,Journal of Historical Research in Marketing
10694,HSS Journal®: The Musculoskeletal Journal of Hospital for Special Surgery
10695,Advances in Classification Research Online
10696,The Journal of Strain Analysis for Engineering Design
10697,Water Supply
10698,"Transportation Science vol. 45 no. 3, pp. 435-449"
10699,"Annals of the Academy of Medicine, Singapore"
10700,Business Strategy Review
10701,Pesquisa Agropecuária Brasileira
10702,Journal of Glaucoma
10703,Animal Production Science
10704,Electronic Commerce Research
10705,Occupational Medicine
10706,Qualitative Research in Education
10707,Health and Technology
10708,Prima Magistra: Jurnal Ilmiah Kependidikan
10709,Theory and Decision
10710,IET Quantum Communication
10711,World Wide Web
10712,Empirical Software Engineering
10713,Frontiers in Health Services
10714,International Journal of Drug Design and Discovery
10715,Journal of Applied Research and Technology
10716,International Journal of Social Welfare
10717,Australasian Journal on Ageing
10718,Behavior Science Research
10719,American Journal of Nephrology
10720,British Journal of Therapy and Rehabilitation
10721,Respiration
10722,International Journal of Mental Health Nursing
10723,"Gazette (Leiden, Netherlands)"
10724,Stem Cells
10725,Archaeology in Oceania
10726,Journal of Forensic and Sciences
10727,IET Electric Power Applications
10728,K&amp;K - Kultur og Klasse
10729,JAIDS Journal of Acquired Immune Deficiency Syndromes
10730,International Journal of Sports Marketing and Sponsorship
10731,Perspectives on Public Management and Governance
10732,International Journal of Low-Carbon Technologies
10733,HKIE Transactions
10734,Advances in Computational Mathematics
10735,Journal of the American Medical Informatics Association : JAMIA
10736,International Journal of Network Dynamics and Intelligence
10737,The Measurement of Productive Efficiency
10738,Ethics and Information Technology
10739,Chinese Medicine
10740,European Journal of Political Theory
10741,Cell Proliferation
10742,Review of Economics
10743,Proceedings of the Institution of Civil Engineers - Structures and Buildings
10744,Clinical Journal of the American Society of Nephrology
10745,Current Zoology
10746,SAE International Journal of Materials and Manufacturing
10747,Proceedings of the Institution of Civil Engineers - Ground Improvement
10748,The Typology of Semantic Alignment
10749,AERA Open
10750,ACM Transactions on Modeling and Performance Evaluation of Computing Systems
10751,Journal of Neuromuscular Diseases
10752,The Universal Turing Machine: A Half-Century Survey
10753,Therapeutic Advances in Chronic Disease
10754,Journal of Global Responsibility
10755,ConCI: Convergências em Ciência da Informação
10756,Frontiers in Robotics and AI
10757,Optics Letters
10758,Applied Intelligence
10759,Language Arts
10760,The Oxford Handbook of Environmental and Conservation Psychology
10761,International Journal of Pervasive Computing and Communications
10762,Clinical Nursing Research
10763,"BMC Genomics, Vol 11, Iss 1, p 663 (2010)"
10764,Intensive Care Medicine Experimental
10765,Clinical Electroencephalography
10766,"Volume 7: Turbomachinery, Parts A, B, and C"
10767,Proceedings of the Glasgow Mathematical Association
10768,American Journal of Men's Health
10769,Journal of Osteopathic Medicine
10770,Psicologia: Teoria e Pesquisa
10771,Perspectives on Sexual and Reproductive Health
10772,Applied Linguistics
10773,Creativity. Theories – Research - Applications
10774,Measurement Science and Technology
10775,Logistics &amp; Sustainable Transport
10776,Reviews in Cardiovascular Medicine
10777,Chemical and Biological Technologies in Agriculture
10778,Phenotypic Integration
10779,Coinage and Identity in the Roman Provinces
10780,Veterinary Radiology &amp; Ultrasound
10781,The Australian Journal of Anthropology
10782,VINE
10783,African Journal of Midwifery and Women's Health
10784,Biodiversity Data Journal
10785,"Proceedings of the Institution of Mechanical Engineers, Part J: Journal of Engineering Tribology"
10786,Advances in Mechatronics and Mechanical Engineering
10787,Asia-Pacific Journal
10788,South Asian Journal of Business Studies
10789,Journal of Electrochemical Energy Conversion and Storage
10790,Chinese Journal of Chemistry
10791,Technology and Health Care
10792,MicroRNA
10793,African Journal of Ecology
10794,Oncogenesis
10795,Pattern Analysis and Applications
10796,Studies in English Language and Education
10797,Infinity Journal
10798,Ethics of Artificial Intelligence
10799,Bidayatuna: Jurnal Pendidikan Guru Mandrasah Ibtidaiyah
10800,Fractal and Fractional
10801,British Journal of Multidisciplinary and Advanced Studies
10802,Equine Veterinary Education
10803,Soil Research
10804,Counselor Education and Supervision
10805,International Journal of Biomathematics
10806,Helvetica Chimica Acta
10807,Epilepsy Research and Treatment
10808,Biophysical Reviews and Letters
10809,SPE Reservoir Characterisation and Simulation Conference and Exhibition
10810,Journal of Immersion and Content-Based Language Education
10811,Journal of Global History
10812,Journal of Sports Economics
10813,The Washington Consensus Reconsidered
10814,npj Regenerative Medicine
10815,Journal of Algebraic Geometry
10816,IAIC Transactions on Sustainable Digital Innovation (ITSDI)
10817,Education Research International
10818,ZDM – Mathematics Education
10819,Future Journal of Pharmaceutical Sciences
10820,Global change biology
10821,Empirical Methods in Natural Language Processing
10822,Frontiers in psychology
10823,Nurse Educator
10824,Linking the Formal and Informal Economy
10825,International Journal of Andrology
10826,Journal of Materials
10827,Mots
10828,Genetics Selection Evolution
10829,Biochemistry Research International
10830,European Journal of Applied Linguistics
10831,Toxins
10832,Physical Biology
10833,Applied Mathematics and Nonlinear Sciences
10834,Horticulture Research
10835,Journal of Business Economics
10836,"Jurnal Matematika, Statistika dan Komputasi"
10837,Indonesian Journal of Science and Technology
10838,International Journal of Information Technology and Computer Science
10839,Asian Journal of Economics and Banking
10840,Asia Pacific Viewpoint
10841,Journal of Natural Resources Policy Research
10842,International Conference on Quantum Probability & Related Topics
10843,International Econometric Conference of Vietnam
10844,International Conference on Applications and Techniques in Cyber Security and Intelligence
10845,The Proceedings of the Third International Conference on Smart City Applications
10846,International Conference on Bioengineering and Biomedical Signal and Image Processing
10847,International Conference on Application of Intelligent Systems in Multi-modal Information Analytics 
10848,International Conference on Applied Human Factors and Ergonomics
10849,International Conference on Industrial IoT Technologies and Applications
10850,Conference on Computer Science and Information Technologies
10851,Conference on Mathematical Control Theory
10852, International Conference on Computing and Data Science
10853,International Conference on Emerging Trends and Advances in Electrical Engineering and Renewable Energy
10854,International Conference on Big Data Applications and Services
10855,International Conference on Information Management & Machine Intelligence
10856,"International Symposium on Parallel Architectures, Algorithms and Programming"
10857,International Conference on Futuristic Trends in Networks and Computing Technologies
10858,International Conference on Mobile Computing and Sustainable Informatics
10859,International Conference on Intelligent and Interactive Systems and Applications
10860,"International Conference on Technological Transformation: A New Role for Human, Machines and Management"
10861,"Proceedings of the International Conference on Civil, Offshore and Environmental Engineering"
10862,International Conference on Advances in Cyber Security
10863,International Workshop on ​Combating On​line Ho​st​ile Posts in ​Regional Languages dur​ing Emerge​ncy Si​tuation
10864,International Conference on Artificial Intelligence and Sustainable Computing
10865,International Conference on Artificial Intelligence and Data Engineering
10866,The International Scientific and Practical Forum “Industry. Science. Competence. Integration”
10867,International Conference on Advances in Digital Science
10868,International Conference on Advanced Communication and Computational Technology
10869,Workshop of Physical Agents
10870,International Conference on Innovative Computing and Cutting-edge Technologies
10871,International Conference on Electronic Engineering and Renewable Energy
10872,International Online Conference on Intelligent Decision Science
10873,"International Conference on Automation, Signal Processing, Instrumentation and Control"
10874,International Conference Infocommunications – Present and Future
10875,International Workshop on Algorithms and Computation
10876,Formal Methods Teaching Workshop
10877,International KES Conference on Smart Education and Smart E-Learning
10878,Russian Conference on Artificial Intelligence
10959,International Workshop on Modelling to Program
10879,International Scientific and Practical Conference​ in Control Engineering and Decision Making
10880,Mediterranean Forum - Data Science Conference
10881,International Conference on Intelligent Human Systems Integration
10882,"International Conference on Security, Privacy and Anonymity in Computation, Communication and Storage"
10883,Practical Design of Ships and Other Floating Structures
10884,International Conference on Information and Communication Technology and Applications
10885,Cybersecurity workshop by European Steel Technology Platform
10886,International Conference on Statistical Language and Speech Processing
10887,BenchCouncil International Federated Intelligent Computing and Block Chain Conferences
10888,"Symposium on Machine Learning and Metaheuristics Algorithms, and Applications"
10889,International workshop on Cerebral Aneurysm Detection
10890,International Conference on Stochastic Methods
10891,International Workshop on Multimodal Learning for Clinical Decision Support
10892,International Conference on Innovations in Information and Communication Technologies
10893,International Conference on Systems and Information Sciences
10894,International Conference on Advanced Production and Industrial Engineering
10895,International Conference on Cognitive Sciences
10896,International Symposium on Signal Processing and Intelligent Recognition Systems
10897,"International Conference on Intelligent Computing, Communication & Devices"
10898,International Symposium on Mathematical and Computational Oncology
10899,International RILEM Conference on Early-age and Long-term Cracking in RC Structures
10900,International Conference on Smart and Sustainable Agriculture
10901,International Scientific Conference on Architecture and Construction
10902,IEEE Colombian Conference on Applications in Computational Intelligence
10903,International Conference on mathematical Modelling and Computational Intelligence Techniques
10904,Workshop on World Landslide Forum
10905,International Conference on Tools and Methods for Program Analysis
10906,National Conference on IC Engines and Combustion
10907,International Workshop on Complex Systems Modelling & Simulation
10908,ENRI International Workshop on ATM/CNS
10909,International Conference on Frontiers in Software Engineering
10910,International Conference on the Theory and Practice of Natural Computing
10911,International Conference on Information Processing
10912,International Conference on EUropean Transnational Education
10913,International Conference on Human Systems Engineering and Design: Future Trends and Applications
10914,International Conference on Modern Information Technology and IT Education
10915,International Networking Conference
10916,International Economic Conference of Sibiu
10917,China Conference on Machine Translation
10918,The International Conference on Decision Economics
10919,"International Workshop on the Foundations of Trustworthy AI Integrating Learning, Optimization and Reasoning"
10920,International conference on Smart and Sustainable Planning for Cities and Regions
10921,International Workshop on Cyber-Physical Security for Critical Infrastructures Protection
10922,"International Conference on Augmented Reality, Virtual Reality and Computer Graphics"
10923,International Conference on IoT Technologies for HealthCare
10924,International Conference in Artificial Intelligence in Renewable Energetic Systems
10925,International Workshop on Brain-Inspired Computing
10926,"International Conference on Geographical Information Systems Theory, Applications and Management"
10927,International Conference on Harmony Search Algorithm
10928,The International Conference on Emerging Applications and Technologies for Industry 4.0
10929,International Workshop on Communication Technologies for Vehicles
10930,Worldwide Music Conference
10931,International Symposium on Cyber Security Cryptography and Machine Learning
10932,International Conference on Algorithmic Applications in Management
10933,International Conference on Research in Computer Science and its Applications
10934,"International Conference on Innovative Technology, Engineering and Science"
10935,"Symposium on Modelling, Analysis, and Simulation of Computer and Telecommunication Systems"
10936,International Conference on Medical and Biological Engineering
10937,Educational Robotics International Conference
10938,International Precision Assembly Seminar
10939,Cranial Implant Design Challenge
10940,International Symposium on Geometry and Vision
10941,International Workshop on Deep Learning for Human Activity Recognition
10942,International Conference on Digital Health and Medical Analytics
10943,STAB/DGLR Symposium
10944,International Scientific Conference Advances in Applied Biomechanics
10945,International Conference on VR/AR and 3D Displays
10946,International Workshop on Deployable Machine Learning for Security Defense
10947,International Conference on Maintenance Engineering
10948,International Symposium on Simulation and Process Modelling
10949,International Symposium on Graph Drawing and Network Visualization
10950,International Simulation and Gaming Association Conference 
10951,World Symposium on Digital Intelligence for Systems and Machines
10952,International Conference on Computer Science Protecting Human Society Against Epidemics
10953,International Conference on Human-Centered Intelligent Systems
10954,International Symposium on Human Mental Workload: Models and Applications
10955,International Conference on Advances in Materials Research
10956,International Workshop on Intelligent Statistical Quality Control
10957,International Conference on Computers and Devices for Communication
10958,International Conference on Current Trends in Theory and Practice of Informatics
10960,Annual Convention of the Computer Society of India
10961,International Conference on Data Science and Social Research
10962,"International Conference on Network Games, Control and Optimization"
10963,International Symposium on Uncertainty Quantification and Stochastic Modeling
10964,Joint Conference of the Asian Council on Ergonomics and Design and the Southeast Asian Network of Ergonomics Societies
10965,International Conference on Ubiquitous Communications and Network Computing
10966,Innovative Economic Symposium
10967,International Symposium on Security in Computing and Communication
10968,International Workshop on Formal Methods - Fun for Everybody
10969,International Conference on Interactive Collaborative and Blended Learning
10970,International Workshop on Socio-Technical Aspects in Security and Trust
10971,Fifth Networks in the Global World Conference
10972,"ICOLD International Benchmark Workshop on Numerical Analysis of Dams, ICOLD-BW"
10973,International Conference on Computer Networks and Inventive Communication Technologies
10974,International Conference on Uncertainty Quantification & Optimisation
10975,National Conference on Structural Engineering and Construction Management
10976,International Conference on Emerging Technologies and the Digital Transformation of Museums and Heritage Sites
10977,International Conference on Integrated Science
10978,Europe-Korea Conference on Science and Technology
10979,International Conference on Trust and Privacy in Digital Business
10980,International Conference on Automated Deduction
10981,International Conference on Computational Intelligence in Information System
10982,International Conference on Algorithms for Computational Biology
10983,International Conference on Cryptology and Information Security in Latin America
10984,International Conference on Cognitive Radio Oriented Wireless Networks
10985,Nanoimpact
10986,Translational Gastroenterology
10987,Handbook of Translational Transcriptomics Research Protocols and Applications
10988,Journal of Orthopaedic Science
10989,Blockchain and Digital Twin for Smart Healthcare
10990,Psychology of Learning and Motivation Advances in Research and Theory
10991,Journal of Management Science and Engineering
10992,Journal of Accounting and Public Policy
10993,Diagnostic and Interventional Imaging
10994,Journal of the American College of Radiology
10995,Research in Economics
10996,Latin American Journal of Central Banking
10997,Ejc Paediatric Oncology
10998,Regional Sustainability
10999,Internet of Things Cybersecurity in Critical Infrastructures Case Studies in Energy Systems
11000,British Accounting Review
11001,Explainable AI for Communications and Networking Toward Responsible Automation
11002,Electricity Journal
11003,Progress in Quantum Electronics
11004,Decarbon
11005,Resources Conservation and Recycling Advances
11006,Surfaces and Interfaces
11007,Lung Cancer
11008,Water Biology and Security
11009,Farming System
11010,Materials Today Sustainability
11011,Journal of Magnesium and Alloys
11012,Resource Optimization in Wireless Communications Fundamentals Algorithms and Applications
11013,Advances in Computational Methods and Modeling for Science and Engineering
11014,Digital Geography and Society
11015,Journal of Applied Poultry Research
11016,Canadian Journal of Ophthalmology
11017,Food Webs
11018,Polymer Degradation and Stability
11019,International Journal of Gastronomy and Food Science
11020,Global Ecology and Conservation
11021,Brain Stimulation
11022,Microvascular Research
11023,Early Human Development
11024,Journal of Great Lakes Research
11025,Photonics and Nanostructures Fundamentals and Applications
11026,Trends in Cancer
11027,Journal of Economic Theory
11028,Environmental and Experimental Botany
11029,Infectious Medicine
11030,Results in Applied Mathematics
11031,European Journal of Paediatric Neurology
11032,Virtual Reality and Intelligent Hardware
11033,Poetics
11034,Neuroimage Clinical
11035,Ethics Medicine and Public Health
11036,International Conference on Theory and Applications of Satisfiability Testing
11037,International Workshop on Agent-Based Complex Automated Negotiation
11038,International Scientific Conference on Brain-Computer Interfaces BCI Opole
11039,International Forum on Advanced Microsystems for Automotive Applications
11040,Workshop on E-Business
11041,Euro-Mediterranean Conference
11042,Workshop on Research and Education in Urban History in the Age of Digital Libraries
11043,International Conference on Advances in Materials Processing & Manufacturing Applications
11044,International Conference on Modern Problems of Robotics
11045,International Symposium on Advances in Robot Kinematics
11046,"International Symposium on Algorithms and Experiments for Sensor Systems, Wireless Networks and Distributed Robotics"
11047,Maple Conference
11048,International Conference on Complex Systems
11049,Annual Conference on Finance and Accounting
11050,International Conference on Algorithmic Decision Theory
11051,International Conference on Industrial Engineering and Operations Management
11052,International Conference on Thermal Engineering and Management Advances
11053,International Workshop on Graph Structures for Knowledge Representation and Reasoning
11054,International Conference on Logistics and Supply Chain Management
11055,International Workshop on Emerging Technologies for Authorization and Authentication
11056,"International Scientific Conference on Energy, Environmental and Construction Engineering"
11057,Annual Meeting of the Bulgarian Section of SIAM
11058,Joint International Conference on Design and Construction of Smart City Components 
11059,"International Online Forum named after A.Ya. Kibanov ""Innovative Personnel Management”"
11060,TranSopot Conference
11061,"International Conference on Artificial Intelligence, Smart Grid and Smart City Applications"
11062,Canadian Conference on Artificial Intelligence
11063,International Conference on Advanced Communication and Networking
11064,"International conference on Computer Networks, Big data and IoT"
11065,International Conference on Artificial Intelligence and Symbolic Computation
11066,International conference on smart Information & communication Technologies
11067,International Conference on Innovative Data Communication Technologies and Application
11068,International Conference on Image Processing and Communications
11069,International Conference on e-Democracy
11070,International Conference on Information Systems Architecture and Technology
11071,International Conference on Emerging Current Trends in Computing and Expert Technology
11072,International Conference on Convergent Cognitive Information Technologies
11073,International Symposium on Environmental Software Systems
11074,International Conference on Big Data and Networks Technologies
11075,International Conference On Computational And Bio Engineering
11076,International Conference On Computational Vision and Bio Inspired Computing
11077,International Conference on Cyber Security and Computer Science
11078,Joint International Semantic Technology Conference
11079,International Conference on Mathematical Aspects of Computer and Information Sciences
11080,Mediterranean Conference on Medical and Biological Engineering and Computing
11081,International Conference on Advanced Communication Systems and Information Security
11082,13th International Scientific and Practical Conference- Artificial Intelligence Anthropogenic nature Vs. Social Origin
11083,"International Conference on Intelligent Computing, Information and Control Systems"
11084,International Conference Europe Middle East & North Africa Information Systems and Technologies to Support Learning 
11085,International Conference on Applied Computing to Support Industry: Innovation and Technology
11086,"International Conference on Computational Intelligence, Security and Internet of Things "
11087,"International Conference on ‘Knowledge Society: Technology, Sustainability and Educational Innovation’"
11088,International Conference on e-Business Engineering
11089,"OTM Confederated International Conferences ""On the Move to Meaningful Internet Systems"""
11090,"International Conference on Modeling, Machine Learning and Astronomy"
11091,"International Workshop on Information Search, Integration, and Personalization"
11092,International Workshop on Information Security Applications
11093,The 7th International Conference on Contemporary Issues in Data Science
11094,International Conference on Intelligent Data Communication Technologies and Internet of Things
11095,International Conference on Urban Intelligence and Applications
11096,"The International Symposium on Heating, Ventilation and Air Conditioning"
11097,Workshops of  the International Conference on Advanced Information Networking and Applications 
11098,International Workshop on New Frontiers in Mining Complex Patterns
11099,International Conference on Inventive Computation Technologies
11100,International Conference on Brain Function Assessment in Learning
11101,The World Congress on Engineering and Computer Science
11102,International Conference on Intelligent Computing and Communication Technologies
11103,"International Conference on Recent Developments in Science, Engineering and Technology"
11104,International Conference on Intelligent Decision Technologies
11105,International Conference of the Pacific Association for Computational Linguistics
11106,International Baltic Conference on Databases and Information Systems
11107,"International Conference on Software Engineering Research, Management and Applications"
11108,Italian Research Conference on Digital Libraries
11109,Latin American Conference on Biomedical Engineering 
11110,International Conference on Innovation in Modern Science and Technology
11111,International Conference of Mechatronics and Cyber-Mixmechatronics
11112,International Conference on Image Analysis and Recognition
11113,International Conference on Image and Signal Processing
11114,International Conference on Green Communications and Networking
11115,International Conference on Sustainable Communication Networks and Application
11116,International Workshop and Challenge on Computational Methods and Clinical Applications for Spine Imaging
11117,International Conference on Dynamic Data Driven Application Systems
11118,"International conference on Data Science, Medicine and Bioinformatics"
11119,Annual International Symposium on Information Management and Big Data
11120,International Conference on Application of Robotics in Industry using Advanced Mechanisms
11121,International Conference on Security with Intelligent Computing and Big-data Services
11122,International Conference on Data Service
11123,International Cognitive Cities Conference
11124,World Congress on Global Optimization
11125,"International Conference on Measurement, Modelling and Evaluation of Computing Systems"
11126,International Conference on Emerging Technology Trends in Electronics Communication and Networking
11127,International Conference on Inforatmion technology in Geo-Engineering
11128,INNS Big Data and Deep Learning conference
11129,International Conference on Biologically Inspired Techniques in Many-Criteria Decision Making
11130,Conference on Information Technologies and Communication of Ecuador
11131,"Conference on Information Technology, Systems Research and Computational Physics "
11132,International Workshop on Advanced Analysis and Learning on Temporal Data
11133,Cambridge International Workshop on Security Protocols
11134,International Conference on Semantic Systems
11135,"International Conference on Nanoelectronics, Circuits and Communication Systems"
11136,International Conference of Research Applied to Defense and Security
11137,"International conference on the Sciences of Electronics, Technologies of Information and Telecommunications"
11138,Conference on Advanced Computer Architecture
11139,International Conference on Data Stream Mining and Processing
11140,International Conference on Society with Future:Smart and Liveable Cities
11141,International Conference on Exploring Services Science
11142,International Conference in Software Engineering for Defence Applications
11143,"International Conference of Students, PhD Students and Young Scientists ""Engineer of the XXI Century"""
11144,International Conference on Modelling and Simulation in Management Sciences
11145,International Workshop on Global Sourcing of Information Technology and Business Processes
11146,National Conference on Computer Science Technology and Education
11147,International Symposium in Management Innovation for Sustainable Management and Entrepreneurship
11148,International Workshop on Engineering Dependable and Secure Machine Learning Systems
11149,International Symposium on Mine Planning & Equipment Selection
11150,International Conference EduRobotics 2016
11151,"International Conference on Computer Science, Applied Mathematics and Applications"
11152,"International conference on Modelling, Simulation and Intelligent Computing"
11153,International Conference on Security and Privacy in Digital Economy
11154,International Workshop on Thoracic Image Analysis
11155,International Workshop on Radiomics and Radiogenomics in Neuro-oncology
11156,International Conference on Robotics and Rehabilitation Intelligence
11157,Myocardial Pathology Segmentation Combining Multi-Sequence CMR Challenge
11158,International Conference on Formal Modeling and Analysis of Timed Systems
11159,International Conference on Computational Bioengineering
11160,World Congress on Engineering and Technology; Innovation and its Sustainability
11161,International Workshop on Multiple-Aspect Analysis of Semantic Trajectories
11162,AI Ops Competition
11163,International Workshop on Emerging Technologies for Authorization and Authentication 
11164,"3rd IEEE/ACIS International Conference on Big Data, Cloud Computing, and Data Science Engineering"
11165,International Conference on Internet of Vehicles
11166,International Conference on Computational Science/ Intelligence & Applied Informatics
11167,International Conference on Health Care Systems Engineering
11168,International Conference on Man–Machine Interactions
11169,International Conference on Information Technology and Applied Mathematics
11170,International Conference on Principles and Practice of Constraint Programming
11171,International Conference on Geography and Geoinformatics for Sustainable Development 
11172,International Computer Science Symposium in Russia
11173,Conference of the International Society for Non-Parametric Statistics
11174,International Conference on Serviceology
11175,European Symposium on Programming
11176,Energy Management of Municipal Transportation Facilities and Transport
11177,IFIP International Conference on Open Source Systems
11178,Conference of the Italian Association of Theoretical and Applied Mechanics
11179,Chinese Conference on Trusted Computing and Information Security
11180,International Conference on Computer Networks
11181,Symposium on High Performance Computing Systems
11182,International Workshop on Software Engineering Aspects of Continuous Development and New Paradigms of Software Production and Deployment
11183,International Conference on Complex Systems Design & Management
11184,"International Conference on Theoretical, Applied and Experimental Mechanics"
11185,International Committee on Aeronautical Fatigue
11186,International Conference on Geographic Information Science
11187,International Conference on Production and Operations Management Society
11188,International Conference Mechatronics 
11189,International IFIP Conference on Optical Network Design and Modeling
11190,International Conference on Finite Volumes for Complex Applications
11191,International Conference on Topics in Theoretical Computer Science
11192,Symposium der Deutsche Gesellschaft für Luft- und Raumfahrt
11193,International Conference on 5G for Ubiquitous Connectivity
11194,International Conference on Virtual Reality and Augmented Reality
11195,EAI International Conference on IoT in Urban Space
11196,The International Symposium on High Voltage Engineering
11197,International Conference on Ad-Hoc Networks and Wireless
11198,"The International Science and Technology Conference ""FarEastСon"""
11199,Addiction Neuroscience
11200,Iatss Research
11201,Research in Autism
11202,Journal of Pure and Applied Algebra
11203,European Journal of Psychiatry
11204,Current Research in Neurobiology
11205,Total Environment Advances
11206,Journal of Mathematical Psychology
11207,Historia Mathematica
11208,An Introduction to Discrete Mathematics
11209,Euro Journal on Transportation and Logistics
11210,Human Movement Science
11211,International Journal of Machine Tools and Manufacture
11212,Expositiones Mathematicae
11213,ESMO Gastrointestinal Oncology
11214,Reviews in Physics
11215,Polymer Testing
11216,Journal of Bioscience and Bioengineering
11217,Energy and Climate Change
11218,Solar Compass
11219,Cleaner and Circular Bioeconomy
11220,Physics of the Dark Universe
11221,Discrete Optimization
11222,Biocatalysis and Agricultural Biotechnology
11223,Brain Hemorrhages
11224,Computer Aided Geometric Design
11225,Social Networks
11226,Journal of Policy Modeling
11227,Journal of Economics and Business
11228,Journal of Macroeconomics
11229,Chinese Journal of Population Resources and Environment
11230,Journal of Mathematical Economics
11231,International Journal of Naval Architecture and Ocean Engineering
11232,Neurologia Argentina
11233,Advances in Applied Mechanics
11234,Journal of Pharmaceutical and Biomedical Analysis Open
11235,Journal of Applied Research on Medicinal and Aromatic Plants
11236,Soils and Foundations
11237,Advances in Nutrition
11238,Escience
11239,Horticultural Plant Journal
11240,Cytotherapy
11241,Zeitschrift Fur Evidenz Fortbildung Und Qualitat Im Gesundheitswesen
11242,Practical Radiation Oncology
11243,Respiratory Medicine
11244,Euro Journal on Computational Optimization
11245,Advances in Pharmacology
11246,Emerging Trends and Applications of Deep Learning for Biomedical Data Analysis
11247,Rice Cultivation Under Abiotic Stress Challenges and Opportunities
11248,Core Network for 5g Advanced Second Edition
11249,Undersea Fiber Communication Systems
11250,Journal of Magnetic Resonance Open
11251,Advances in Agronomy
11252,Intelligent Urban Mobility Decision Support Systems for Sustainable Transportation
11253,HPB
11254,Journal of Pediatric Surgery Case Reports
11255,Journal of Orthopaedic Reports
11256,European Journal of Obstetrics Gynecology and Reproductive Biology
11257,Smart Materials in Medicine
11258,Journal of Asian Economics
11259,Surgery Open Science
11260,Annals of Thoracic Surgery
11261,European Journal of Obstetrics and Gynecology and Reproductive Biology
11262,Fertility and Sterility
11263,Newton
11264,Journal of Vascular Surgery Venous and Lymphatic Disorders
11265,Asian Journal of Surgery
11266,Journal of Minimally Invasive Gynecology
11267,Urology
11268,International Journal of Oral and Maxillofacial Surgery
11269,Urology Case Reports
11270,Brazilian Journal of Anesthesiology English Edition
11271,Experimental Gerontology
11272,World Neurosurgery X
11273,Advanced Industrial and Engineering Polymer Research
11274,European Urology
11275,Acta Colombiana De Cuidado Intensivo
11276,Giant
11277,Neuromodulation
11278,Clinical Biochemistry
11279,ACM SIGCAS Computers and Society
11280,Genes to Cells
11281,Journal of French Language Studies
11282,Transplantation Research
11283,Dialogue &amp; Discourse
11284,Jurnal Ekonomi Pembangunan: Kajian Masalah Ekonomi dan Pembangunan
11285,IET Biometrics
11286,High-Throughput
11287,"Journal of Low Frequency Noise, Vibration and Active Control"
11288,Environmental Research Communications
11289,International Journal of Applied Mechanics
11290,SAGE Open Nursing
11291,Higher Education for the Future
11292,Response Surface Methodology in Engineering Science
11293,Computing
11294,"International Journal of Technology, Innovation and Management (IJTIM)"
11295,Translation and Translanguaging in Multilingual Contexts
11296,Discussions in Dispute Resolution
11297,Cambridge Prisms: Coastal Futures
11298,Frontiers in Science
11299,The Psychology of Economic Decisions
11300,Energy &amp; Environment
11301,Bone &amp; Joint Research
11302,Dynamics in Human and Primate Societies
11303,Discrete Dynamics in Nature and Society
11304,Journal of International Accounting Research
11305,Benchmarking for Quality Management &amp; Technology
11306,Neuroendocrinology
11307,Gesture
11308,Macromolecular Symposia
11309,Journal of Individual Differences
11310,Geography Journal
11311,Journal of Applied Social Science
11312,"CIN: Computers, Informatics, Nursing"
11313,Conflict and Health
11314,Journal of Computational Electronics
11315,Gene Therapy
11316,Journal of Remote Sensing
11317,Health psychology report
11318,Philosophical Papers
11319,The Geometric Universe
11320,Studies in Functional and Structural Linguistics
11321,Xenotransplantation
11322,Biolinguistics
11323,The Journal of Perinatal Education
11324,Politologický časopis - Czech Journal of Political Science
11325,European Journal of Cancer Prevention
11326,Data Science Journal
11327,Revista Estudiantil Latinoamericana de Ciencias Sociales
11328,Canadian Medical Education Journal
11329,Journal of Communication
11330,Clinical Epigenetics
11331,Neuropsychopharmacology
11332,Mineral Economics
11448,Advances in Calculus of Variations
11333,"Management Science, 58(9), 1669 - 1681. INFORMS Institute for Operations Research and the Management Sciences"
11334,Current Medical Science
11335,Journalism and Media
11336,Proceedings of the National Academy of Sciences of the United States of America
11337,International Review of Hydrobiology
11338,Journal of Black Studies
11339,BMC Pulmonary Medicine
11340,Emergency Medicine
11341,Materials Science Forum
11342,J. Anal. At. Spectrom.
11343,Between Authority and Interpretation
11344,Mineralogical Magazine and Journal of the Mineralogical Society
11345,Journal of Management and Sustainability
11346,Polym. Chem.
11347,IET Wireless Sensor Systems
11348,Environmental Modeling &amp; Assessment
11349,English Language Teaching
11350,Vision: The Journal of Business Perspective
11351,Jurnal Prima Edukasia
11352,BMJ Medicine
11353,Language in Context
11354,Journal of Fashion Marketing and Management
11355,Contact Dermatitis
11356,"ASME 2010 Dynamic Systems and Control Conference, Volume 1"
11357,Affilia
11358,Australian and New Zealand Journal of Family Therapy
11359,Agriculture and Human Values
11360,Scandinavian Journal of Social Medicine
11361,Molecular Cancer
11362,Mount Sinai Journal of Medicine: A Journal of Translational and Personalized Medicine
11363,International Journal of Comparative Psychology
11364,Workplace Health &amp; Safety
11365,Chiropractic &amp; Osteopathy
11366,Circulation: Cardiovascular Genetics
11367,Cinémas
11368,Bladder Cancer
11369,European Journal of Risk Regulation
11370,Circulation: Cardiovascular Interventions
11371,Nursing Open
11372,Journal of Petroleum Exploration and Production Technology
11373,BMC Ecology
11374,Built Environment
11375,Porcine Health Management
11376,info
11377,Neuroinformatics
11378,"Common Sense, Reasoning, and Rationality"
11379,JAMA Neurology
11380,Clinical &amp; Experimental Ophthalmology
11381,Integration of Outcrop and Modern Analogs in Reservoir Modeling
11382,Makromolekulare Chemie. Macromolecular Symposia
11383,Measurement Science Review
11384,Journal of Renewable and Sustainable Energy
11385,International Journal of Information Security and Privacy
11386,Structural Dynamics
11387,Journal of Comorbidity
11388,Proceedings of the Institution of Civil Engineers - Civil Engineering
11389,International Surgery
11390,Archaeological Dialogues
11391,ISRN Nanomaterials
11392,New Directions for Youth Development
11393,Handbook of Translation Studies
11394,The Complementizer Phase
11395,World Journal on Educational Technology: Current Issues
11396,The Journal of Internationalization and Localization
11397,International Education Studies
11398,Environment and Planning B: Urban Analytics and City Science
11399,Linguistics Vanguard
11400,Oncology
11401,International Journal of Sports Medicine
11402,The Globalizing Learning Economy
11403,American Journal of Criminal Justice
11404,Asian Association of Open Universities Journal
11405,EAI Endorsed Transactions on Pervasive Health and Technology
11406,Machine Learning and Knowledge Extraction; Volume 3; Issue 2; Pages: 392-413
11407,Frontiers in Systems Neuroscience
11408,Frontiers in microbiology
11409,European Journal of Clinical Nutrition
11410,Advanced Photonics Research
11411,Memórias do Instituto Oswaldo Cruz
11412,Zeitschrift für Physikalische Chemie
11413,Ecotoxicology
11414,Advances in Economic Analysis &amp; Policy
11415,Pain Research and Treatment
11416,Cancer Practice
11417,Journal of Environmental Engineering and Science
11418,Prenatal Diagnosis
11419,Beneficial Microbes
11420,International Journal of Production Management and Engineering
11421,Advances in Civil Engineering
11422,"Journal of Causal Inference, Vol 5, Iss 1, Pp 115-136 (2016)"
11423,Journal of Optical Communications and Networking
11424,Policy Papers
11425,"Debating Governance: Authority, Steering, and Democracy"
11426,Journal of Diversity Management (JDM)
11427,Oxford Handbook of Evolutionary Psychology
11428,Event Management
11429,Advances in Operations Research
11430,Bulletin of Entomological Research
11431,Journal of ASTM International
11432,History Compass
11433,Review of Economic Analysis
11434,Cancer Science
11435,HoST - Journal of History of Science and Technology
11436,"Rendiconti Lincei, Matematica e Applicazioni"
11437,Studies in the History of the Language Sciences
11438,Mycoses
11439,The Science of Diabetes Self-Management and Care
11440,Pediatric Radiology
11441,Rare Metals
11442,Borneo : Journal of Islamic Studies
11443,Bioelectronic Medicine
11444,Invasive Plant Science and Management
11445,Materialwissenschaft und Werkstofftechnik
11446,Journal of Health Care for the Poor and Underserved
11447,International Journal of Atmospheric Sciences
11449,Eukaryotic Cell
11450,International Journal of Experimental Pathology
11451,Journal of Advanced Dielectrics
11452,Current Opinion in Psychiatry
11453,Acta Mechanica
11454,Frontiers in Sensors
11455,Insects
11456,Frontiers in Nanotechnology
11457,Global Academic Journal of Humanities and Social Sciences
11458,Cognitive Neuroscience of Emotion
11459,Qualitative Sociology Review
11460,Authentic Learning Environments in Higher Education
11461,In Silico Biology: Journal of Biological Systems Modeling and Multi-Scale Simulation
11462,Journal of Advanced Computational Intelligence and Intelligent Informatics
11463,Zeitschrift für anorganische und allgemeine Chemie
11464,Volume 1: 30th Design Automation Conference
11465,The Yale Journal of Criticism
11466,International Journal of Information Systems in the Service Sector
11467,Luminescence
11468,ISRN Education
11469,Packaging Technology and Science
11470,Biochemistry and Cell Biology
11471,African and Asian Studies
11472,Acta Polytechnica
11473,The APEA Journal
11474,Script Journal: Journal of Linguistic and English Teaching
11475,RIED. Revista Iberoamericana de Educación a Distancia
11476,Gut Pathogens
11477,Journal of Applied Biomaterials &amp; Functional Materials
11478,International Higher Education
11479,Jurnal Konseling dan Pendidikan
11480,Entrepreneurship Research Journal
11481,Reports in Mechanical Engineering
11482,Fire Ecology
11483,Journal of Geodesy
11484,The Mechanisms Of Governance
11485,Dispersal
11486,The Triumph of Sociobiology
11487,All Days
11488,International Journal of Numerical Methods for Heat &amp; Fluid Flow
11489,Islamic Law and Society
11490,"International Journal of Reliability, Quality and Safety Engineering"
11491,The Journal of School Nursing
11492,Environmental Toxicology and Water Quality
11493,European Journal of Philosophy
11494,Aarhus Series on Human Centered Computing
11495,Games
11496,Journal of Neuroscience Nursing
11497,Cardiovascular Therapy and Prevention
11498,Florea : Jurnal Biologi dan Pembelajarannya
11499,Journal of Consumer Sciences
11500,Memory &amp; Cognition
11501,Verhaltenstherapie
11502,Management &amp; Sustainability: An Arab Review
11503,Engineering Journal
11504,Journal of Intelligent &amp; Fuzzy Systems: Applications in Engineering and Technology
11505,Review of African Political Economy
11506,International Review of Finance
11507,Journal of Technology Studies
11508,Weed Science
11509,Social and Psychological Bases of Ideology and System Justification
11510,SAE International Journal of Engines
11511,Journal of the IEST
11512,EPiC Series in Computing
11513,Belitung Nursing Journal
11514,Annals of Gastroenterological Surgery
11515,International Journal of Learning and Development
11516,WIREs RNA
11517,Learning Health Systems
11518,"Open Engineering, Vol 9, Iss 1, Pp 512-520 (2019)"
11519,Ulumuddin : Jurnal Ilmu-ilmu Keislaman
11520,The International Journal of Community and Social Development
11521,Journal of the Optical Society of America A
11522,Internet Technology Letters
11523,Nordisk Museologi
11524,SMART MOVES JOURNAL IJELLH
11525,Federalism and International Relations
11526,Discover Nano
11527,Causal Learning
11528,Encyclopedia of Database Technologies and Applications
11529,Journal of Tropical Medicine
11530,International Journal of Older People Nursing
11531,Ophthalmologica
11532,Advances in Electronics
11533,The Oxford Handbook of International Business
11534,Play = Learning
11535,Petroleum Geoscience
11536,International Journal of Pharmaceutical and Clinical Research
11537,Ramus
11538,"International Journal on Advanced Science, Engineering and Information Technology"
11539,Review of Economics and Political Science
11540,Journal of Economic and Administrative Sciences
11541,The Manchester School
11542,Budapest International Research and Critics Institute  (BIRCI-Journal): Humanities and Social Sciences
11543,JAMA Oncology
11544,Revista Brasileira de Cartografia
11545,Social Change
11546,Resource Abundance and Economic Development
11547,Social Compass
11548,Journal of Thermal Envelope and Building Science
11549,Org. Chem. Front.
11550,gmj
11551,Transactions of the American Fisheries Society
11552,The Philippine Economy
11553,International Journal of Human Sciences
11554,Handbook of Research on Contemporary Theoretical Models in Information Systems
11555,Journal of Milk and Food Technology
11556,Jurnal Pendidikan Teknologi dan Kejuruan
11557,Bio-Medical Materials and Engineering
11558,International Journal of Educational Research Review
11559,JPBI (Jurnal Pendidikan Biologi Indonesia)
11560,"Literacy Research: Theory, Method, and Practice"
11561,Radiologia Brasileira
11562,Lubricants
11563,Quantum Information Processing
11564,Human Reproduction Open
11565,Quality and User Experience
11566,Golden Age: Jurnal Ilmiah Tumbuh Kembang Anak Usia Dini
11567,The European Physical Journal B
11568,Brokerage and Closure
11569,"Advances in Systems Analysis, Software Engineering, and High Performance Computing"
11570,NATO Science for Peace and Security Series - D: Information and Communication Security
11571,International Journal of Event and Festival Management
11572,Annals of Clinical Psychiatry
11573,Archive for the Psychology of Religion
11574,Langages
11575,Modern Intellectual History
11576,International Journal of Pediatrics
11577,Cough
11578,Journal of Applied Oral Science
11579,Therapeutic Advances in Infectious Disease
11580,"Texture, Stress, and Microstructure"
11581,"Education, Citizenship and Social Justice"
11582,Foresight and STI Governance
11583,College Composition &amp; Communication
11584,Open House International
11585,InfoTekJar (Jurnal Nasional Informatika dan Teknologi Jaringan)
11586,Very Short Introductions
11587,International Criminal Justice Review
11588,Journal of Computational and Theoretical Nanoscience
11589,Jurnal Inovasi Ekonomi
11590,Journal of Real-Time Image Processing
11591,European journal of clinical investigation
11592,The Computer Journal
11593,Journal of Functional Morphology and Kinesiology
11594,"There’s No Such Thing As Free Speech and It’s A Good Thing, Too"
11595,BMC Clinical Pathology
11596,South African Computer Journal
11597,Frontiers in Zoology
11598,Scientia Agricola
11599,Advances in Polymer Technology
11600,Journal of Civil Engineering and Management
11601,International Journal of Palliative Nursing
11602,International Journal of Care Pathways
11603,Active and Passive Electronic Components
11604,International Journal of Computer-Assisted Language Learning and Teaching
11605,Proceedings of the Royal Society of London. B. Biological Sciences
11606,Asia-Pacific Journal of Operational Research
11607,"Proceedings of the Institution of Mechanical Engineers, Part L: Journal of Materials: Design and Applications"
11608,Journal of Mental Science
11609,Current Medicinal Chemistry
11610,One Ecosystem
11611,Enterprise Information Systems Assurance and System Security
11612,Ethnicity &amp; Disease
11613,Advanced Biosystems
11614,BJR|Open
11615,JAPAN ARCHITECTURAL REVIEW
11616,"Proceedings on Privacy Enhancing Technologies, Vol 2021, Iss 1, Pp 188-208 (2021)"
11617,INTERNATIONAL JOURNAL OF COMPUTERS  COMMUNICATIONS &amp; CONTROL
11618,Journal of the American Taxation Association
11619,Higher Education Evaluation and Development
11620,Journal of Hospitality and Tourism Insights
11621,AVS Quantum Science
11622,Intelligent Computing
11623,International Journal for Lesson and Learning Studies
11624,Journal of Asia Business Studies
11625,Evolution of Communication
11626,Bioinspiration &amp; Biomimetics
11627,Journal of the American Podiatric Medical Association
11628,SAIS Review
11629,Indian Journal of Plastic Surgery
11630,Business Strategy Series
11631,ACM SIGGROUP Bulletin
11632,Studies in Economics and Finance
11633,ACM SIGMAP Bulletin
11634,Criminal Justice Review
11635,Health Care Management Review
11636,European Review of Agricultural Economics
11637,Journal of Soft Computing Paradigm
11638,Applied Organometallic Chemistry
11639,European Journal of Wildlife Research
11640,Open Forum Infectious Diseases
11641,"Drug Repurposing - Hypothesis, Molecular Aspects and Therapeutic Applications"
11642,Nursing in Critical Care
11643,Journal of Cultural Analytics
11644,JMIR Bioinformatics and Biotechnology
11645,International Journal of Electrical and Computer Engineering (IJECE)
11646,Biomechanics and Modeling in Mechanobiology
11647,Journal of Applied Accounting Research
11648,The Journal of Technology Transfer
11649,SEEU Review
11650,FEMS Microbes
11651,"The Oxford Handbook of Organizational Psychology, Volume 1"
11652,Scientia Marina
11653,Stem Cells International
11654,Journal of British Studies
11655,Journal of Pharmacy and Bioallied Sciences
11656,Journal of Chinese Entrepreneurship
11657,ELCVIA Electronic Letters on Computer Vision and Image Analysis
11658,The Spanish journal of psychology
11659,VINE Journal of Information and Knowledge Management Systems
11660,Reviews in the Neurosciences
11661,EVALITA Evaluation of NLP and Speech Tools for Italian
11662,Journal of Science Learning
11663,Kinema: A Journal for Film and Audiovisual Media
11664,"Journal of MultiDisciplinary Evaluation, Vol 6, Iss 11 (2009)"
11665,The Review of Asset Pricing Studies
11666,Journal of Soils and Sediments
11667,Molecular Omics
11668,Waste and Biomass Valorization
11669,Virchows Archiv
11670,8
11671,"ISPRS Annals of Photogrammetry, Remote Sensing and Spatial Information Sciences"
11672,Nature Aging
11673,"Anuario del Seminario de Filología Vasca ""Julio de Urquijo"""
11674,European Addiction Research
11675,"BMC Genomics, Vol 9, Iss 1, p 351 (2008)"
11676,Pragmatics and Society
11677,Proceedings of the Institution of Civil Engineers - Municipal Engineer
11678,Cholesterol
11679,ACM SIGBIO Newsletter
11680,Academia Revista Latinoamericana de Administración
11681,Forest Systems
11682,The Journal of Infection in Developing Countries
11683,mamm
11684,The B.E. Journal of Economic Analysis &amp; Policy
11685,Molecular Cancer Therapeutics
11686,Advances in Civil and Industrial Engineering
11687,"Journal of Public Budgeting, Accounting &amp; Financial Management"
11688,Journal of Urban Mathematics Education
11689,Jurnal Obsesi : Jurnal Pendidikan Anak Usia Dini
11690,Linguistic Variation
11691,Therapeutic Advances in Ophthalmology
11692,The International Journal of Artificial Organs
11693,Frontiers in Communication
11694,Discover Sustainability
11695,Neural Processing Letters
11696,Equilibrium: Jurnal Penelitian Pendidikan dan Ekonomi
11697,Broca's Region
11698,Diabetes mellitus
11699,Organizational Change And Redesign
11700,Inflectional Identity
11701,Voluntary Action
11702,International Journal of Online Marketing
11703,Psychology and Developing Societies
11704,SPE Asia Pacific Oil and Gas Conference
11705,Canadian International Petroleum Conference
11706,International Journal of Software Science and Computational Intelligence
11707,International Journal on Minority and Group Rights
11708,Campus-Wide Information Systems
11709,Cardiovascular Psychiatry and Neurology
11710,Surgical Innovation
11711,International Review of Victimology
11712,"Volume 2: Materials; Biomanufacturing; Properties, Applications and Systems; Sustainable Manufacturing"
11713,Journal of Global Security Studies
11714,Jurnal Penelitian dan Pengkajian Ilmu Pendidikan: e-Saintika
11715,Applied Research in Quality of Life
11716,"Mining, Metallurgy &amp; Exploration"
11717,Teaching Public Administration
11718,International Scientific Conference Transport of the 21st Century
11719,International Workshop on Model-Driven Simulation and Training Environments for Cybersecurity
11720,Asian Conference on Supercomputing Frontiers
11721,Asia Information Retrieval Symposium
11722,"International conference in honor of the 90th Birthday of Constantin Corduneanu, Ekaterinburg, Russia"
11723,Conference on Algorithms and Discrete Applied Mathematics
11724,Latin American Symposium on Industrial and Robotic Systems
11725,"International Conference Geometrias: Thinking, Drawing, Modelling"
11726,International Conference on Bioinspired Methods and Their Applications
11727,Competitive Russia: foresight model of economic and legal development in the digital age. International scientific conference in memory of Oleg Inshakov
11728,International Triple Helix Summit
11729,International Conference and Exhibition on Smart Grids and Smart Cities
11730,Symposium on Intelligent and Evolutionary Systems 
11731,International Conference Current Issues of Civil and Environmental Engineering Lviv - Košice – Rzeszów 
11732,International Workshop on Formal Techniques for Safety-Critical Systems
11733,SIAR International Congress of Automotive and Transport Engineering : Science and Management of Automotive and Transportation Engineering
11734,Proceedings of the Conference “Integrating Engineering Education and Humanities for Global Intercultural Perspectives”
11735,International Conference on Innovations Induced by Research in Technical Systems
11736,International Conference on Applied and Computational Mathematics
11737,"International Symposium on Chaos, Complexity and Leadership"
11738,International Conference on Transport Systems Telematics
11739,International Conference on Kansei Engineering & Emotion Research 
11740,International Congress on High-Performance Computing and Big Data Analysis
11741,International Conference on Computing
11742,International Conference on Big Data Innovations and Applications
11743,International Conference on Big Data and Smart Digital Environment
11744,"International Conference on Advanced Information Technology, Services and Systems"
11745,International Conference on Next Generation Computing Technologies
11746,The Joint International Symposium on Artificial Intelligence and Natural Language Processing
11747,International Workshop on Artificial Intelligence in Health
11748,"International Conference on Computational Intelligence, Communications, and Business Analytics"
11749,IEEE/ACM International Conference on Advances in Social Networks Analysis and Mining
11750,"International Symposium on Pervasive Systems, Algorithms and Networks"
11751,"International Conference on Objects, Components, Models and Patterns"
11752,23rd International Conference on Soft Computing
11753,International Workshop on Fuzzy Logic and Applications
11754,International Conference on ISMAC in Computational Vision and Bio-Engineering
11755,International Conference on Big Scientific Data Management
11756,International Conference on Numerical Methods and Applications
11757,"International Conference on Smart Vehicular Technology, Transportation, Communication and Applications "
11758,International Conference on Smart Health
11759,"International Conference on Applied Physics, System Science and Computers"
11760,International Conference on Security for Information Technology and Communications
11761,International Conference on Ubiquitous Information Management and Communication
11762,International Conference of the Sri Lanka Association for Artificial Intelligence
11844,International Workshop on Massively Multiagent Systems
11763,"International Conference on Smart Innovation, Ergonomics and Applied Human Factors"
11764,International Conference on E-Learning and Games
11765,International Conference on Bio-inspired Information and Communication
11766,The 13th International Conference on Soft Computing Models in Industrial and Environmental Applications
11767,Australasian Simulation Congress
11768,"International Conference on Information and Communication Technologies in Agriculture, Food & Environment"
11769,International Conference on Smart City and Informatization
11770,European Conference on Ambient Intelligence
11771,International Symposium of Information and Internet Technology
11772,German Conference on Pattern Recognition
11773,World Conference on Acoustic Emission
11774,Annual Meeting of the European Academy of Management and Business Economics
11775,International AsiaHaptics conference
11776,International Conference on Intelligent Interactive Multimedia Systems and Services
11777,Conference on Artificial Intelligence in Medicine in Europe
11778,International Conference on Data Integration in the Life Sciences
11779,International Conference on Internet and Distributed Computing Systems
11780,"International Conference on Dependability in Sensor, Cloud, and Big Data Systems and Applications"
11781,Conference on Cloud Computing and Big Data
11782,Perspectives on the use of New Information and Communication Technology (ICT) in the Modern Economy
11783, International Conference on Smart Blockchain
11784, International Symposium on Computational Science and Computing
11785,"International Conference: Beyond Databases, Architectures and Structures"
11786,KKIO Software Engineering Conference
11787,International Symposium on Pervasive Computing Paradigms for Mental Health
11788,International Conference on Multidisciplinary Social Networks Research
11789,International Conference on Intelligent Science and Big Data Engineering
11790,International Conference on Software and Systems Reuse
11791,International Conference on Principles of Security and Trust
11792,International Conference on VR Technologies in Cultural Heritage
11793,International Conference on Security & Privacy
11794,International Conference on Big Data Analysis and Deep Learning Applications
11795,2nd International Conference on ICTs in Agronomy and Environment
11796,International Conference on Supercomputing in Mexico
11797,International Conference on Computer and Computing Technologies in Agriculture
11798,Workshop on Software Challenges to Exascale Computing
11799,"Fracture, Fatigue and Wear"
11800,The World Congress on Engineering
11801,International Conference on Futuristic Trends in Network and Communication Technologies
11802,Online World Conference on Soft Computing in Industrial Applications
11803,International Conference on Technology Trends
11804,IFIP International Conference on Computer Information Systems and Industrial Management
11805,International Conference on Information Technologies
11806,International Conference on Complex Networks and their Applications 
11807,"Workshop on Big Scientific Data Benchmarks, Architecture, and Systems"
11808,"Robotic Fabrication in Architecture, Art and Design"
11809,"International Conference on Innovation, Engineering and Entrepreneurship"
11810,International Conference on Robotics and Education RiE 2017
11811,"International Workshop on Design, Modeling, and Evaluation of Cyber Physical Systems"
11812,European Congress on Digital Pathology
11813,International Workshop on Graph Learning in Medical Imaging
11814,International Workshop on Computational Methods and Clinical Applications in Musculoskeletal Imaging
11815,International Workshop on Connectomics in Neuroimaging
11816,The International Conference on Healthcare Science and Engineering
11817,ECCOMAS Thematic Conference on Computational Vision and Medical Image Processing 
11818,International Symposium on Mathematical Morphology and Its Applications to Signal and Image Processing
11819,Workshop on Artificial Intelligence in Radiation Therapy
11820,Sipaim – Miccai Biomedical Workshop
11821,Workshop on Computer Vision Applications
11822,International Symposium on Experimental Algorithms
11823,Workshop on Document Analysis and Recognition
11824,International Conference on Vector and Parallel Processing
11825,Challenge in Adolescent Brain Cognitive Development Neurocognitive Prediction
11826,Italian Workshop on Neural Nets
11827,International Conference on Integer Programming and Combinatorial Optimization
11828,International Conference on Condition Monitoring of Machinery in Non-Stationary Operation
11829,International Conference on Multimedia and Network Information System
11830,Joint International Conference on Entertainment Computing and Serious Games
11831,"International Workshop on Representations, Analysis and Recognition of Shape and Motion From Imaging Data"
11832,Research School on Statistics and Data Science
11833,International Workshop on Information and Operational Technology Security Systems
11834,International CCF Conference on Artificial Intelligence
11835,Workshop on Big Social Data and Urban Computing
11836,International Conference on Engineering Optimization
11837,International Conference on Mobile and Wireless Technology
11838,International Conference on Smart City and Intelligent Building
11839,International Symposium Computational Modeling of Objects Represented in Images
11840,Joint German/Austrian Conference on Artificial Intelligence (Künstliche Intelligenz)
11841,International Workshop on Learning Technology for Education in Cloud
11842,East Asia Game Theory International Conference
11843,"International Conference on Emerging Trends in Electrical, Electronic and Communications Engineering"
11845,International Conference on Theory and Applications of Models of Computation
11846,International Conference on Urban Drainage Modelling
11847,International Conference on Internet Science
11848,RILEM 252-CMB-Symposium on Chemo Mechanical Characterization of Bituminous Materials
11849,European Conference on Genetic Programming
11850,Brazilian Workshop on Agile Methods
11851,International Workshop on Quantum Technology and Optimization Problems
11852,EuroSymposium on Systems Analysis and Design
11853,International Andrei Ershov Memorial Conference on Perspectives of System Informatics
11854,Advanced Sensors for Smart Healthcare
11855,Resilient Cooperative Control and Optimization of Multi Agent Systems
11856,Rice Science
11857,Current Opinion in Environmental Science and Health
11858,Revolutionizing Heat Transfer Nanofluids Turbulators and Machine Learning for Sustainable Energy Efficiency
11859,Microgrid Technology and Microgrid Cluster Development
11860,Nanotechnology Based Sensing Platforms for Illicit Drugs
11861,Gastrointestinal Endoscopy
